time,timebound_lower,timebound_upper,anthropogenic_p05,anthropogenic_p17,anthropogenic_p50,anthropogenic_p83,anthropogenic_p95,natural_p05,natural_p17,natural_p50,natural_p83,natural_p95,ghg_p05,ghg_p17,ghg_p50,ghg_p83,ghg_p95,other_human_forcing_p05,other_human_forcing_p17,other_human_forcing_p50,other_human_forcing_p83,other_human_forcing_p95
1850.5,1850,1851,-0.164278772,-0.119981787,-0.058809761,0.002360716,0.046656578,-0.058630106,-0.040385865,-0.015191435,0.01000764,0.028255246,-0.123017322,-0.105104714,-0.080368256,-0.055659471,-0.037766903,-0.059689013,-0.026947796,0.018266266,0.063502906,0.096260473
1851.5,1851,1852,-0.169634469,-0.136928615,-0.091763387,-0.046603272,-0.013901119,-0.014071346,0.000772179,0.021270381,0.041757383,0.056592798,-0.086469156,-0.067546033,-0.041414101,-0.015289123,0.003628966,-0.097597243,-0.070031897,-0.031965467,0.006018727,0.033524523
1852.5,1852,1853,-0.157579713,-0.122297395,-0.073574193,-0.024854038,0.010426075,-0.002755871,0.014265409,0.037770987,0.061245756,0.078244726,-0.082038669,-0.060098834,-0.029800966,0.000493796,0.022431383,-0.098892009,-0.069151008,-0.028080102,0.012932009,0.042630434
1853.5,1853,1854,-0.112444934,-0.085060492,-0.047243882,-0.00942889,0.01795438,-0.017313566,5.60E-05,0.024042558,0.048016882,0.065377599,-0.113744955,-0.092158279,-0.062348107,-0.032551751,-0.01097508,-0.044668716,-0.020414414,0.013079622,0.046589285,0.070854904
1854.5,1854,1855,-0.173903583,-0.10643015,-0.013252553,0.079924992,0.147398388,-0.019387967,-0.002728314,0.020277875,0.043274995,0.059928082,-0.116971302,-0.096342788,-0.067855793,-0.039385923,-0.01876981,-0.077349533,-0.028092034,0.039930225,0.108024181,0.157333597
1855.5,1855,1856,-0.239403196,-0.150977292,-0.02886533,0.093246446,0.181672214,-0.001263347,0.016374397,0.040731281,0.065053588,0.082666293,-0.10459918,-0.086226435,-0.06085455,-0.03549813,-0.017136584,-0.12177046,-0.060388079,0.024378065,0.109165663,0.170563578
1856.5,1856,1857,-0.164867823,-0.126449402,-0.073395392,-0.020344166,0.018072239,-0.012626159,0.007357653,0.034954346,0.062528572,0.082496114,-0.102395802,-0.081164924,-0.051846092,-0.022536974,-0.00131313,-0.083798919,-0.053680473,-0.012088333,0.029493053,0.059603712
1857.5,1857,1858,-0.157842605,-0.108221529,-0.039697186,0.028826525,0.078447144,-0.008901373,0.006939407,0.02881477,0.050670871,0.066497702,-0.093401827,-0.071498781,-0.041251718,-0.011010615,0.010888115,-0.084864703,-0.047973186,0.002972242,0.053918201,0.090810103
1858.5,1858,1859,-0.114943404,-0.064998467,0.003973114,0.072944701,0.122889643,-0.030593054,-0.012669366,0.012082393,0.03683116,0.054752681,-0.081892079,-0.061633612,-0.033657634,-0.005685945,0.014569416,-0.062493033,-0.024945107,0.02690679,0.0788014,0.116380255
1859.5,1859,1860,-0.063195328,-0.017451508,0.045718529,0.108889474,0.154633951,-0.020162378,-0.000334262,0.027047422,0.05441555,0.07423385,-0.078989903,-0.062187464,-0.038984095,-0.015787665,0.001009749,-0.030813563,0.00684409,0.058847516,0.11105434,0.148859281
1860.5,1860,1861,-0.113877392,-0.073344338,-0.017370121,0.038603948,0.079136895,-0.004262644,0.0166145,0.045444843,0.074238825,0.09508964,-0.097537243,-0.078842123,-0.053025053,-0.027219521,-0.008532756,-0.048307731,-0.016896632,0.0264806,0.069907276,0.101354179
1861.5,1861,1862,-0.133252555,-0.091672041,-0.034251332,0.023168817,0.064748925,-0.035023888,-0.018288927,0.004821258,0.027930932,0.044665524,-0.115750143,-0.097478011,-0.072245067,-0.047034043,-0.028777784,-0.047280789,-0.015262836,0.028952433,0.073225683,0.105285622
1862.5,1862,1863,-0.21777965,-0.145087626,-0.044703404,0.055680273,0.128371902,-0.066616681,-0.047126244,-0.020210877,0.006712186,0.026208198,-0.094206924,-0.075518417,-0.04971048,-0.023912687,-0.005231526,-0.11507874,-0.064355201,0.005691591,0.075739798,0.126464362
1863.5,1863,1864,-0.206399083,-0.129479959,-0.023258312,0.082963196,0.159882219,-0.042027633,-0.027977233,-0.0085743,0.010830556,0.024882348,-0.066166384,-0.052008748,-0.032457728,-0.012912416,0.001241086,-0.118030753,-0.065220135,0.007708813,0.080640254,0.133452678
1864.5,1864,1865,-0.123172295,-0.092475931,-0.050085714,-0.007697119,0.02299807,-0.041473244,-0.023635559,0.000997435,0.025630409,0.043468079,-0.075688891,-0.057532263,-0.032458824,-0.007389836,0.010763568,-0.0688809,-0.044298966,-0.010352486,0.023584331,0.048159268
1865.5,1865,1866,-0.177464093,-0.128347764,-0.060520452,0.007305379,0.056420636,-0.022369345,-0.004413343,0.020383041,0.045170925,0.063120771,-0.093688218,-0.07820758,-0.056829557,-0.035467542,-0.019998496,-0.082597511,-0.047836071,0.000167824,0.04817172,0.082933162
1866.5,1866,1867,-0.166841025,-0.115922497,-0.045606435,0.024708816,0.075626756,-0.019677275,-0.000949854,0.024911822,0.050761322,0.069479926,-0.043083653,-0.027127911,-0.00509379,0.016940205,0.032895857,-0.115387634,-0.078280861,-0.027038176,0.02416083,0.061235972
1867.5,1867,1868,-0.110873119,-0.062605514,0.004049752,0.070705024,0.118972635,-0.012026689,0.005346272,0.029337504,0.053310531,0.070670309,-0.058734962,-0.039435253,-0.012783274,0.013868055,0.033167293,-0.072662033,-0.037133423,0.011929894,0.061002089,0.096537126
1868.5,1868,1869,-0.104689944,-0.065464284,-0.011295515,0.042873189,0.082098802,-0.01727445,0.000765466,0.025677732,0.050576568,0.068606759,-0.043327209,-0.024400707,0.001735892,0.027872503,0.046799015,-0.07991288,-0.050068439,-0.008854688,0.03235324,0.062193464
1869.5,1869,1870,-0.209479762,-0.134187512,-0.0302125,0.073762271,0.149054347,-0.015221577,0.00494458,0.032793083,0.06062199,0.080773958,-0.048532507,-0.031526463,-0.008041926,0.015442319,0.032448152,-0.139168514,-0.086829322,-0.01455139,0.057717576,0.110050276
1870.5,1870,1871,-0.139474783,-0.086255424,-0.012762025,0.060731314,0.113950629,-0.018245094,0.000482808,0.02634515,0.052193874,0.070911916,-0.083552965,-0.064505187,-0.038201112,-0.011902915,0.007140608,-0.073390996,-0.034624326,0.018910598,0.072465962,0.111247432
1871.5,1871,1872,-0.119183901,-0.075995378,-0.016354085,0.043287085,0.086475519,-0.01302018,0.006095187,0.032492597,0.058869712,0.077970382,-0.07826414,-0.063137414,-0.042248126,-0.021367892,-0.006247722,-0.055740455,-0.02417902,0.019405819,0.063017092,0.09459767
1872.5,1872,1873,-0.0994959,-0.06373105,-0.014341495,0.035047945,0.070812713,-0.004889198,0.014550621,0.041396087,0.068209152,0.087625509,-0.067843534,-0.05188088,-0.029837216,-0.007797831,0.008161725,-0.052206203,-0.025312845,0.011825602,0.04897557,0.075877271
1873.5,1873,1874,-0.134975142,-0.088047522,-0.023242714,0.041561866,0.08848932,-0.016230057,0.007226037,0.039617784,0.071984942,0.095423229,-0.076740827,-0.05846495,-0.033226835,-0.007993353,0.010279168,-0.073351083,-0.039068954,0.008273033,0.055619444,0.089904776
1874.5,1874,1875,-0.085618638,-0.053137482,-0.008282553,0.036572333,0.069053458,0.000314584,0.02147101,0.050687026,0.0798584,0.100982498,-0.037314293,-0.021976634,-0.000796057,0.020384517,0.035722173,-0.06344866,-0.038901598,-0.005003274,0.028892789,0.053438214
1875.5,1875,1876,-0.141100637,-0.076400403,0.01294754,0.102295534,0.166995805,-0.015136207,0.006538502,0.036470242,0.066379432,0.088037812,-0.035898252,-0.015917371,0.011675275,0.039268443,0.059249703,-0.108903407,-0.063033113,0.000311579,0.063656275,0.109526573
1876.5,1876,1877,-0.115338145,-0.060935378,0.014192253,0.089319956,0.143722777,-0.026993121,-0.002160393,0.032132421,0.066409959,0.091231624,-0.029142164,-0.009291712,0.018120816,0.045534613,0.065385983,-0.097115432,-0.057793112,-0.00349086,0.050810704,0.090132527
1877.5,1877,1878,-0.116302771,-0.082502939,-0.03582698,0.010848225,0.044647511,-0.021746257,0.000450935,0.0311042,0.06174145,0.083927045,-0.038500944,-0.021668825,0.001575529,0.024819894,0.041652021,-0.089410081,-0.062465172,-0.025255537,0.011901602,0.038808495
1878.5,1878,1879,-0.07439765,-0.042336071,0.001939444,0.046214961,0.078276542,-0.031105775,-0.011756109,0.01496486,0.041681576,0.061028164,-0.055344883,-0.036286139,-0.009966923,0.016351894,0.035410348,-0.052725904,-0.027018813,0.008481455,0.043987924,0.069699505
1879.5,1879,1880,-0.034404521,0.012076648,0.07626493,0.140455696,0.186938664,-0.028001256,-0.012175371,0.009679422,0.03153204,0.04735635,-0.0439261,-0.028326163,-0.006783393,0.01475915,0.030358923,-0.032850023,0.004563839,0.056230602,0.108084312,0.14563355
1880.5,1880,1881,-0.080731944,-0.021934716,0.059261457,0.140458816,0.199256904,-0.016996735,-0.000207722,0.022977106,0.046150379,0.062931025,-0.050561349,-0.027283643,0.004861761,0.037007243,0.060285005,-0.069287845,-0.024899478,0.036398744,0.097763074,0.142199314
1881.5,1881,1882,-0.12441933,-0.074814878,-0.006313493,0.062187877,0.111792317,-0.025839891,-0.006653986,0.019840836,0.046328119,0.065508566,-0.031367375,-0.012481451,0.013599111,0.039680424,0.058566892,-0.100518648,-0.064198189,-0.014041365,0.036103428,0.072415175
1882.5,1882,1883,-0.088496543,-0.055279699,-0.00940882,0.036462007,0.069678813,-0.012445308,0.006013901,0.031505188,0.056976716,0.075421616,0.002107575,0.015491719,0.033974585,0.052464064,0.065852998,-0.093047861,-0.066901524,-0.030794677,0.005231703,0.031319771
1883.5,1883,1884,-0.130525623,-0.067047574,0.020612587,0.108272882,0.171751026,-0.033973528,-0.018187491,0.003612274,0.025411736,0.041197553,-0.024695367,-0.007053914,0.017308093,0.041671402,0.059313798,-0.104718788,-0.060141808,0.001416879,0.062975665,0.107552718
1884.5,1884,1885,-0.057831746,-0.008081215,0.060621899,0.129326479,0.179078072,-0.356363205,-0.293523773,-0.20674551,-0.119717743,-0.056697636,-0.014642505,0.001651612,0.024153011,0.046657156,0.062953262,-0.062660357,-0.026504106,0.023425954,0.073389639,0.109570238
1885.5,1885,1886,-0.136701471,-0.067227656,0.028712374,0.12465264,0.194126626,-0.277577827,-0.228517346,-0.160767158,-0.092823726,-0.04362331,-0.022283849,-0.000713557,0.02907399,0.058864542,0.080437011,-0.118897371,-0.069632741,-0.001600634,0.066431359,0.115695906
1886.5,1886,1887,-0.133326677,-0.071565374,0.013724044,0.099013522,0.160774868,-0.214046968,-0.173873368,-0.118395539,-0.062789687,-0.02252338,0.025254023,0.044550273,0.071197475,0.097864819,0.117175655,-0.150747046,-0.105081111,-0.042018629,0.020958114,0.066561963
1887.5,1887,1888,-0.103384429,-0.067896081,-0.018888364,0.030119155,0.065607357,-0.151593129,-0.121754536,-0.080548861,-0.039263389,-0.009367013,0.021198623,0.034796548,0.053574636,0.072368907,0.085978551,-0.123453004,-0.093143713,-0.051288026,-0.009625113,0.020544582
1888.5,1888,1889,-0.094638434,-0.050390655,0.010713421,0.071817548,0.116065365,-0.072065222,-0.05559775,-0.032856954,-0.010092089,0.006392814,0.015566171,0.035314964,0.062587108,0.089874462,0.10963427,-0.12109584,-0.086131142,-0.037846558,0.010347155,0.045246051
1889.5,1889,1890,-0.042332207,-0.007908118,0.039629909,0.087168841,0.121593585,-0.069077948,-0.053663513,-0.032376911,-0.011065343,0.004367172,0.023910263,0.041791614,0.066484908,0.091197156,0.109092232,-0.085833896,-0.058681012,-0.021184172,0.016276023,0.043402372
1890.5,1890,1891,-0.087032291,-0.045164126,0.012653816,0.070471834,0.112340054,-0.084245994,-0.063456103,-0.034746255,-0.006015083,0.014790248,0.016300558,0.039895142,0.072478139,0.105078209,0.128685156,-0.128174264,-0.092678775,-0.043661195,0.005237223,0.040646422
1891.5,1891,1892,-0.082338171,-0.05201414,-0.010138097,0.031737879,0.062061861,-0.113157548,-0.089781509,-0.057500313,-0.025167203,-0.001753572,-0.004179511,0.012953199,0.036612657,0.060278115,0.077415171,-0.095008186,-0.06904243,-0.033184958,0.002578403,0.028476009
1892.5,1892,1893,-0.108976464,-0.06302966,0.000420689,0.063871037,0.109817841,-0.081665462,-0.063512595,-0.038444349,-0.013346214,0.004828298,0.000135553,0.015666615,0.037114273,0.058568732,0.07410472,-0.107104015,-0.073223945,-0.026437181,0.020303843,0.054150791
1893.5,1893,1894,-0.144411906,-0.065794034,0.042773505,0.151341505,0.229959713,-0.04530074,-0.03069767,-0.010531526,0.009637408,0.024242498,-0.011642689,0.011916744,0.044451199,0.076992087,0.100556178,-0.13545249,-0.079908341,-0.003204515,0.0734989,0.129042753
1894.5,1894,1895,0.006800484,0.037623447,0.080188492,0.122757679,0.153583641,-0.043054954,-0.029788316,-0.011467722,0.006856514,0.020125787,-0.000580788,0.026546381,0.06400771,0.101480621,0.128616178,-0.059640712,-0.031271022,0.007906169,0.047088243,0.075461468
1895.5,1895,1896,-0.038151532,0.00312627,0.060128949,0.117133367,0.158412428,-0.060010334,-0.040373768,-0.013256605,0.013863846,0.033502793,-0.004283783,0.015721726,0.043348382,0.070982241,0.090992967,-0.065311544,-0.033985465,0.00927436,0.052540268,0.083870754
1896.5,1896,1897,-0.053828336,-0.021402083,0.02337703,0.068156477,0.100582973,-0.028602,-0.015280578,0.003115672,0.021511654,0.034832882,-0.01212813,0.01035216,0.04139637,0.072446427,0.094930951,-0.079455202,-0.051991006,-0.014064258,0.023846525,0.051299161
1897.5,1897,1898,-0.014139362,0.018183554,0.062819961,0.107458792,0.139783463,-0.04121885,-0.02202304,0.004485461,0.030993577,0.050189108,0.005880857,0.029340796,0.061737855,0.094147374,0.117616335,-0.067307556,-0.039942795,-0.002153362,0.035635695,0.063000184
1898.5,1898,1899,-0.030489407,0.0058551,0.056045134,0.106236884,0.142582634,-0.036728468,-0.016348096,0.011796228,0.039938044,0.0603166,0.00798443,0.029162222,0.058407744,0.08766562,0.108852357,-0.072663984,-0.043958309,-0.004317138,0.035322595,0.064027228
1899.5,1899,1900,-0.021331678,0.021662415,0.081035209,0.140411035,0.183407323,-0.054091295,-0.034719101,-0.007967023,0.018786259,0.038159325,-0.001341392,0.02307615,0.056795612,0.090525206,0.114950084,-0.067177682,-0.033222249,0.013668587,0.060571616,0.094535878
1900.5,1900,1901,0.008039638,0.041480215,0.087660058,0.133844464,0.167288344,-0.045864033,-0.024081117,0.006000052,0.036080614,0.05786309,0.012624971,0.034964592,0.065814545,0.096679366,0.119029754,-0.054163033,-0.026527557,0.011635721,0.049809853,0.077453191
1901.5,1901,1902,-0.063886209,-0.011629004,0.060535707,0.132701811,0.184960024,-0.047433398,-0.02483313,0.006376766,0.037586,0.06018579,0.045592597,0.06826443,0.099573152,0.1309154,0.15361151,-0.125464213,-0.08576018,-0.030930802,0.023845151,0.063510496
1902.5,1902,1903,-0.066272717,-0.026401539,0.02865866,0.083719268,0.123590742,-0.040851214,-0.021140533,0.00607898,0.033297804,0.053007987,0.037743059,0.05959925,0.089781608,0.119992241,0.141868907,-0.126220866,-0.092252264,-0.045343243,0.001431452,0.035302783
1903.5,1903,1904,-0.117666414,-0.064926284,0.007905326,0.080736958,0.133477106,-0.205320845,-0.166861293,-0.113750483,-0.060516232,-0.021967291,0.04165111,0.064613234,0.096322834,0.128063412,0.151047968,-0.168305926,-0.12450802,-0.064025198,-0.003750148,0.039897302
1904.5,1904,1905,-0.203159213,-0.108230768,0.022860895,0.153952666,0.24888119,-0.151783871,-0.121465737,-0.079597837,-0.037653243,-0.007279571,0.033414009,0.061200711,0.099572822,0.137972293,0.165778807,-0.220848622,-0.151736474,-0.05629589,0.039043018,0.108081537
1905.5,1905,1906,-0.187673465,-0.090458922,0.043789732,0.178038777,0.275253603,-0.111325649,-0.085327551,-0.049425415,-0.013488781,0.0125343,0.027372796,0.051780285,0.085485866,0.119214404,0.143638518,-0.194913299,-0.126516268,-0.032063226,0.062356501,0.130729407
1906.5,1906,1907,-0.122513114,-0.078707309,-0.018213577,0.042280004,0.086085701,-0.064980293,-0.038603073,-0.002177389,0.034248361,0.060625629,0.035485057,0.056655101,0.085889923,0.115151462,0.136340852,-0.170101793,-0.129780663,-0.074099102,-0.018720139,0.021381869
1907.5,1907,1908,-0.10397284,-0.041409976,0.04498636,0.131383338,0.193946666,-0.107304246,-0.077899556,-0.037293079,0.003330768,0.032748037,0.046033279,0.073614466,0.11170277,0.149825759,0.177432062,-0.166525327,-0.117640311,-0.05013243,0.017261419,0.066063863
1908.5,1908,1909,-0.070178642,-0.024922537,0.037573989,0.100071134,0.145327688,-0.073417872,-0.044524114,-0.00462321,0.035277965,0.06417192,0.063603087,0.093748547,0.135377993,0.177054045,0.207233255,-0.175243906,-0.131951997,-0.072167933,-0.012651074,0.030447341
1909.5,1909,1910,-0.125486252,-0.063260189,0.02267104,0.108602433,0.170828614,-0.0612213,-0.033969733,0.003663383,0.041296318,0.068547754,0.086771771,0.109841988,0.14170086,0.17362642,0.19674493,-0.21116439,-0.158911939,-0.086753791,-0.014915551,0.037105243
1910.5,1910,1911,-0.078456686,-0.01970594,0.061426042,0.142559299,0.201310968,-0.048920142,-0.026073396,0.005476873,0.037026659,0.059873057,0.073235148,0.101878671,0.141434011,0.181042882,0.209725168,-0.174842795,-0.126805838,-0.060469089,0.005698759,0.053613407
1911.5,1911,1912,-0.122021143,-0.060010542,0.025623145,0.111257042,0.173267795,-0.040719099,-0.017016771,0.015715016,0.048442975,0.072142531,0.058540072,0.083007476,0.116795795,0.150626851,0.175125202,-0.185044376,-0.135396786,-0.066835827,0.001525447,0.051028438
1912.5,1912,1913,-0.148146504,-0.051861638,0.081103176,0.214069347,0.310355195,-0.113357687,-0.08879909,-0.054884837,-0.020925557,0.003665646,0.101277271,0.119957873,0.145754895,0.171639,0.190382663,-0.211573949,-0.143852281,-0.050331882,0.043105581,0.110767192
1913.5,1913,1914,-0.187318478,-0.080246852,0.067613964,0.215475629,0.322547869,-0.150868968,-0.116522109,-0.069090733,-0.021608332,0.012775476,0.105313508,0.127819515,0.15889924,0.190064897,0.212633132,-0.251342378,-0.174706934,-0.068877035,0.036815588,0.113351625
1914.5,1914,1915,-0.128234983,-0.070791508,0.008535195,0.087861924,0.145305417,-0.105326596,-0.074295238,-0.03144241,0.011422119,0.04246195,0.092256896,0.116240136,0.149359848,0.18255083,0.206585679,-0.227026179,-0.174424935,-0.101785121,-0.029583105,0.022701112
1915.5,1915,1916,-0.128130451,-0.078189074,-0.00922241,0.059744219,0.109685572,-0.057783712,-0.037264958,-0.008929537,0.019407312,0.0399271,0.09440834,0.121815398,0.159663239,0.197582359,0.225041031,-0.249595865,-0.195652261,-0.121158712,-0.047270684,0.00623444
1916.5,1916,1917,-0.145871649,-0.064541878,0.047770663,0.160083762,0.241413936,-0.055733194,-0.035718972,-0.008080286,0.019559599,0.039574688,0.11739431,0.138762911,0.168271931,0.197882415,0.219324491,-0.238736074,-0.175840541,-0.088984805,-0.002408518,0.060284655
1917.5,1917,1918,-0.013542632,0.056309983,0.152773119,0.249242887,0.319100306,-0.076956564,-0.048900675,-0.010156827,0.028588371,0.056645239,0.109625153,0.136277636,0.173083446,0.209975372,0.236690214,-0.141999803,-0.091496499,-0.02175384,0.047968049,0.098456314
1918.5,1918,1919,-0.101014991,-0.016619863,0.099925789,0.216473791,0.300870619,-0.047737804,-0.019903572,0.018534177,0.056967392,0.084798341,0.117422473,0.143439476,0.179367718,0.215390688,0.241476287,-0.210278788,-0.147942363,-0.061858729,0.024088762,0.086326601
1919.5,1919,1920,-0.115489961,-0.041497729,0.060682018,0.162862754,0.236855701,-0.028437505,-0.001786894,0.03501633,0.071802651,0.09844102,0.14603329,0.17075917,0.204904433,0.239179695,0.263999712,-0.254046462,-0.192146476,-0.106665543,-0.021592918,0.040011397
1920.5,1920,1921,-0.030817967,0.021299863,0.093272106,0.165247662,0.217367893,-0.018331208,0.002385451,0.030994171,0.059585852,0.080290173,0.156272277,0.181465539,0.216256235,0.251189027,0.276485186,-0.207355564,-0.15928269,-0.09289634,-0.026909012,0.020874916
1921.5,1921,1922,0.005474209,0.047225917,0.104883039,0.162545391,0.204300887,-0.023099274,-0.000580076,0.030517865,0.06160061,0.084108805,0.10300943,0.135064893,0.179331961,0.223675915,0.255787055,-0.153396288,-0.113537922,-0.058495417,-0.003643489,0.036076873
1922.5,1922,1923,-0.001717274,0.05873003,0.142204878,0.225686368,0.286138481,-0.023971978,-0.00057596,0.031732827,0.0640258,0.087410367,0.100888756,0.129076749,0.168003025,0.20700603,0.235249586,-0.133290124,-0.08789709,-0.025211472,0.037443107,0.082813664
1923.5,1923,1924,0.012468925,0.059711367,0.12495093,0.190197054,0.237444247,-0.036942157,-0.015943911,0.013053667,0.042048263,0.063044351,0.133907082,0.161080595,0.198605921,0.236242424,0.263496443,-0.15548772,-0.114904327,-0.058860593,-0.003006366,0.037439798
1924.5,1924,1925,-0.076542149,-0.005107181,0.09354111,0.192191832,0.263628561,-0.037929537,-0.012374086,0.022916776,0.058200088,0.083750072,0.134960137,0.171832087,0.222750493,0.273772013,0.310718631,-0.245067115,-0.18304305,-0.097390769,-0.012078057,0.049700113
1925.5,1925,1926,-0.05772648,0.001556202,0.083422763,0.165291655,0.224576025,-0.023011314,0.005302603,0.044402775,0.08347736,0.111772749,0.156888917,0.186478508,0.227340325,0.268335899,0.298022349,-0.239575177,-0.184106794,-0.107507598,-0.031371571,0.023761414
1926.5,1926,1927,0.004022544,0.04609362,0.104191773,0.162295049,0.204369835,-0.027026322,-0.001793864,0.033050958,0.067879875,0.093100814,0.173998031,0.198740107,0.232907735,0.26724312,0.292106675,-0.202432322,-0.158374481,-0.097532701,-0.037171302,0.006538676
1927.5,1927,1928,0.005010113,0.057741644,0.130561376,0.203387527,0.256123705,-0.030427649,-0.004768797,0.030664855,0.066085044,0.091734145,0.174336424,0.20882595,0.256454343,0.30422878,0.338824061,-0.21944858,-0.167907286,-0.096731214,-0.025958603,0.025290529
1928.5,1928,1929,0.020123875,0.07375241,0.147810863,0.221877403,0.275511795,-0.034484357,-0.005521339,0.034475209,0.07445668,0.10340878,0.146780642,0.18624917,0.240753327,0.295370011,0.334920025,-0.193294761,-0.143112718,-0.073813705,-0.004755723,0.045251781
1929.5,1929,1930,-0.017156858,0.063718464,0.175403431,0.287095951,0.367976742,-0.043109141,-0.018301541,0.015956574,0.050210918,0.075015788,0.154966108,0.188458751,0.234710495,0.281088231,0.314672108,-0.195147397,-0.134557575,-0.050885917,0.03269098,0.093212181
1930.5,1930,1931,-0.060913246,0.033215576,0.163202996,0.293196035,0.387328924,-0.045922418,-0.013839995,0.030464304,0.074757975,0.106832703,0.150677483,0.182045291,0.225362741,0.268804206,0.300261818,-0.215211003,-0.146817862,-0.05237019,0.041988571,0.110317329
1931.5,1931,1932,-0.045479509,0.019897225,0.110179382,0.200465225,0.265844629,-0.036089015,0.000405003,0.050801503,0.10117202,0.137647222,0.160641477,0.196100174,0.245066947,0.294163464,0.329716114,-0.24293536,-0.183849797,-0.102255447,-0.021054221,0.037746666
1932.5,1932,1933,-0.008329918,0.053087814,0.137902776,0.222723885,0.284146068,-0.038122128,-0.012443294,0.023017955,0.058471623,0.084144969,0.176720867,0.212868561,0.262786805,0.31285137,0.349105021,-0.230012316,-0.173873104,-0.096347525,-0.019189259,0.036683968
1933.5,1933,1934,0.021485849,0.08043861,0.161849565,0.243269342,0.30222849,-0.044135525,-0.021403404,0.009988574,0.041378939,0.064109893,0.165211624,0.197038884,0.240990814,0.285082486,0.317010938,-0.180636178,-0.131872778,-0.064532845,0.002617561,0.051243718
1934.5,1934,1935,0.05716059,0.099585838,0.158173086,0.21677204,0.259205766,-0.051279565,-0.022270997,0.017788454,0.057843897,0.086849564,0.183465423,0.215504741,0.259749513,0.304155517,0.336311589,-0.182532472,-0.139684475,-0.080513433,-0.021678618,0.020925903
1935.5,1935,1936,0.021126155,0.065157395,0.12596244,0.186774638,0.230811058,-0.032233686,0.00069057,0.046157399,0.091600452,0.12450749,0.17949943,0.216815209,0.268346523,0.320025644,0.357448455,-0.22988044,-0.178854168,-0.108389315,-0.038436559,0.012218886
1936.5,1936,1937,0.0408851,0.093791399,0.166852479,0.239924005,0.292837869,-0.006499949,0.018708304,0.053519701,0.088289334,0.113467344,0.205778144,0.234152433,0.273335976,0.312720969,0.341241136,-0.196681019,-0.149544592,-0.08445143,-0.019694447,0.02719854
1937.5,1937,1938,0.039131215,0.104095384,0.193807807,0.283531708,0.348504188,-0.022707853,0.01150822,0.058758987,0.105972673,0.140161894,0.200300522,0.233695826,0.27981315,0.326109956,0.35963523,-0.197102594,-0.144125415,-0.070966454,0.00198153,0.054805932
1938.5,1938,1939,-0.076900091,0.030333715,0.178418495,0.326509169,0.433747244,-0.018202724,0.015476759,0.061986522,0.108454358,0.142103481,0.194580067,0.230500763,0.280105533,0.32987756,0.365919372,-0.271406697,-0.191661894,-0.081538119,0.02840074,0.108011638
1939.5,1939,1940,0.00418238,0.049842246,0.112896346,0.175955988,0.221619867,-0.01889938,0.012678195,0.056285322,0.099855581,0.131406458,0.226226122,0.25382927,0.291947904,0.330302652,0.358076781,-0.263140663,-0.208976402,-0.134178137,-0.060120154,-0.006491958
1940.5,1940,1941,-0.025841357,0.031733568,0.111241797,0.190754293,0.248332307,-0.022914608,0.008962261,0.052982699,0.096970777,0.128824213,0.232456532,0.260530896,0.299300256,0.338313597,0.366564636,-0.284816478,-0.224239434,-0.140585422,-0.057657605,0.002393574
1941.5,1941,1942,-0.054888175,0.009784651,0.099094744,0.188407852,0.25308286,-0.001942397,0.03282743,0.080842906,0.128789285,0.163509077,0.205629229,0.239910861,0.287252162,0.334777724,0.369192787,-0.295586283,-0.230277695,-0.140089644,-0.050570008,0.014254557
1942.5,1942,1943,-0.033545958,0.027753528,0.112405198,0.197060961,0.25836341,-0.013732259,0.027260454,0.083869438,0.140415356,0.181362399,0.221654556,0.255964269,0.303344349,0.350929702,0.385388061,-0.2956552,-0.231419763,-0.142713683,-0.054713073,0.009011507
1943.5,1943,1944,-0.073933994,0.031739216,0.177668888,0.32360449,0.429281995,-0.010513319,0.023507871,0.070489515,0.117417479,0.151399798,0.22783745,0.261401246,0.307751249,0.354317193,0.388037359,-0.293320592,-0.212943405,-0.101946339,0.008763806,0.088933222
1944.5,1944,1945,-0.005774156,0.075790436,0.188427253,0.301072712,0.382643562,-0.00240031,0.027981429,0.069937165,0.111833721,0.142172606,0.230722869,0.263823351,0.309533539,0.355465213,0.38872608,-0.251703776,-0.186302399,-0.095986212,-0.00598276,0.059192155
1945.5,1945,1946,-0.030561619,0.047677347,0.155721632,0.263772071,0.342015493,-0.009071858,0.022615173,0.066373454,0.110080635,0.141730663,0.235199465,0.267480354,0.312058724,0.356867885,0.389315898,-0.27988367,-0.212658582,-0.119823936,-0.027463814,0.039417654
1946.5,1946,1947,-0.000265851,0.055672844,0.132921518,0.210176462,0.266119698,-0.004965447,0.025848935,0.068402129,0.110899511,0.141673477,0.256193721,0.295517872,0.349822652,0.404365609,0.443862233,-0.323125449,-0.255605098,-0.162362709,-0.069989597,-0.003098724
1947.5,1947,1948,0.040140675,0.090312556,0.159597534,0.228892591,0.27907177,-0.015762453,0.02023375,0.069942792,0.119601887,0.155561922,0.240009485,0.272214568,0.316688254,0.361400168,0.39377776,-0.248622604,-0.194831034,-0.120547437,-0.04686495,0.006491333
1948.5,1948,1949,0.092040115,0.158876919,0.251175362,0.343492543,0.410342915,-0.0313022,0.007765442,0.061715994,0.115630722,0.154672421,0.25280809,0.28577074,0.331290589,0.37706512,0.410212194,-0.195429881,-0.142498915,-0.069403773,0.003489418,0.056274142
1949.5,1949,1950,0.070082968,0.142565034,0.242659316,0.342769726,0.415263471,-0.013261174,0.022679477,0.072311806,0.121890662,0.157792592,0.24662882,0.283375486,0.334120881,0.38509877,0.422013793,-0.216142082,-0.157775924,-0.07717504,0.003199382,0.06140155
1950.5,1950,1951,-0.018574754,0.074278077,0.202503415,0.330737521,0.4235967,-0.008490544,0.02821613,0.078906299,0.129534123,0.166195651,0.244292535,0.277401945,0.323124463,0.369088227,0.402372332,-0.267245814,-0.195446026,-0.096293938,0.002571538,0.07416378
1951.5,1951,1952,-0.012677284,0.058935963,0.157830446,0.256731835,0.328350082,-0.007929772,0.026925152,0.075058143,0.123131724,0.157943627,0.254450372,0.289140448,0.337045792,0.385201662,0.420073154,-0.296782653,-0.22941924,-0.136393573,-0.043981938,0.022936832
1952.5,1952,1953,0.032935008,0.080046107,0.145104292,0.210171349,0.257288873,0.002042674,0.034424081,0.079141263,0.123787337,0.156117253,0.267573597,0.302806139,0.351460602,0.400383247,0.435809989,-0.301433816,-0.240074268,-0.155339654,-0.071481081,-0.010755908
1953.5,1953,1954,-0.075057382,0.002898703,0.110552343,0.218209096,0.296167434,0.006735888,0.040960104,0.088222116,0.135400517,0.169564186,0.275445277,0.308480298,0.354100089,0.400010091,0.433255264,-0.368997687,-0.289829812,-0.180502747,-0.07209155,0.00641311
1954.5,1954,1955,-0.069287887,0.0266399,0.159111606,0.291588551,0.387520132,0.004540265,0.034591098,0.076089867,0.117517805,0.147517346,0.304076438,0.332329159,0.371344823,0.410733084,0.439255618,-0.356867622,-0.274277549,-0.160224591,-0.046862572,0.035227167
1955.5,1955,1956,0.062441848,0.119247777,0.197694059,0.276153999,0.332969818,-0.014743701,0.020223918,0.068512536,0.116751819,0.151683714,0.282658447,0.320720948,0.373283448,0.426126001,0.464391298,-0.280922846,-0.219905685,-0.135643892,-0.052053021,0.0084783
1956.5,1956,1957,-0.014100025,0.066944974,0.178864258,0.290791379,0.371842053,-0.014766223,0.020285934,0.068691295,0.117047182,0.152063514,0.296390675,0.329599557,0.37545944,0.421643778,0.455087609,-0.325817158,-0.251926928,-0.149888039,-0.048525201,0.024875475
1957.5,1957,1958,0.016270364,0.088336318,0.187855969,0.287385342,0.359458336,-0.007189243,0.033406568,0.089467449,0.145455856,0.185999184,0.314208526,0.346545178,0.391200554,0.436217476,0.468815937,-0.322502475,-0.252221576,-0.155167002,-0.058874615,0.010854355
1958.5,1958,1959,0.066083713,0.128666416,0.21509015,0.30152856,0.364121891,-0.003034806,0.039222104,0.097576886,0.155848841,0.198045774,0.300411518,0.340954661,0.39694281,0.453228264,0.493986696,-0.296018332,-0.230896008,-0.140965179,-0.051713127,0.012917669
1959.5,1959,1960,0.009675706,0.089111713,0.198809056,0.308516277,0.387959437,0.008710986,0.045709229,0.09680204,0.147801731,0.184732542,0.314614432,0.348816794,0.396048628,0.443630928,0.478087077,-0.325964476,-0.25259825,-0.151282987,-0.050661412,0.022202487
1960.5,1960,1961,0.022645942,0.096330889,0.198086292,0.299852266,0.373544869,0.01443166,0.050982485,0.101457434,0.151828826,0.188304662,0.327398064,0.363741478,0.413930003,0.464478846,0.501083181,-0.340389271,-0.266575962,-0.164643297,-0.063527759,0.009693839
1961.5,1961,1962,0.005309386,0.069498284,0.158140094,0.24678964,0.310984139,-0.000435676,0.038364537,0.091945784,0.145446933,0.184189145,0.32901588,0.371728797,0.430713302,0.490030015,0.532983497,-0.395689454,-0.315020709,-0.203621013,-0.09336622,-0.013526543
1962.5,1962,1963,-0.00933255,0.075966783,0.193761101,0.311564156,0.396869817,-0.000981871,0.031788421,0.077042634,0.122230264,0.154952341,0.330999869,0.367410259,0.417691274,0.468338492,0.505014063,-0.36174714,-0.281323904,-0.170263246,-0.060004306,0.019838374
1963.5,1963,1964,0.027956194,0.108812737,0.220471773,0.332142743,0.413007928,-0.034580481,-0.007604899,0.029647095,0.066887118,0.093854032,0.326766999,0.365686222,0.419431815,0.473523013,0.512692501,-0.333109879,-0.257687527,-0.153532851,-0.050073112,0.02484601
1964.5,1964,1965,0.047688759,0.107034446,0.188988013,0.270953528,0.330307866,-0.096818231,-0.0721201,-0.038013159,-0.003884733,0.020828955,0.344461513,0.386139297,0.443694332,0.501610541,0.543549865,-0.372238118,-0.296621152,-0.192197723,-0.088862566,-0.014033659
1965.5,1965,1966,0.052776019,0.095413346,0.154293463,0.213184665,0.255830018,-0.127396009,-0.097703875,-0.056700452,-0.015657275,0.014063646,0.340963554,0.377503492,0.427963406,0.478806334,0.515623627,-0.376583752,-0.304195616,-0.204231047,-0.105551671,-0.034094192
1966.5,1966,1967,0.060730724,0.103617822,0.162842862,0.222080177,0.264976164,-0.083116691,-0.058353638,-0.024157042,0.010048211,0.034817531,0.344050914,0.383170465,0.437192702,0.491588419,0.530978422,-0.379586022,-0.306310135,-0.205119624,-0.105209677,-0.032861095
1967.5,1967,1968,0.080921963,0.125299671,0.186583173,0.247882247,0.292271231,-0.045277368,-0.025825587,0.001036395,0.027898358,0.047350124,0.367331882,0.40824395,0.464741568,0.521642682,0.562846936,-0.387232118,-0.312361939,-0.208969787,-0.106878373,-0.032950108
1968.5,1968,1969,0.031730018,0.107263882,0.211572552,0.315892986,0.39143537,-0.03788456,-0.016914833,0.012043361,0.040999014,0.061966901,0.378699105,0.421036694,0.479502889,0.538384164,0.581022328,-0.403059475,-0.318938986,-0.202772596,-0.087694503,-0.004362091
1969.5,1969,1970,0.008392513,0.096023991,0.217038889,0.33806446,0.425703666,-0.033792872,-0.010547319,0.021553683,0.053647343,0.076887579,0.413466017,0.456408857,0.515710873,0.57548605,0.618771522,-0.44936205,-0.355197278,-0.225160211,-0.096321794,-0.003025009
1970.5,1970,1971,0.008882025,0.092945495,0.209033144,0.325131112,0.409202055,-0.025964966,-0.001781239,0.031615337,0.064996727,0.089169457,0.391139644,0.432598262,0.489850638,0.547545249,0.589324105,-0.42501621,-0.335520911,-0.211932165,-0.089460673,-0.000774421
1971.5,1971,1972,0.089486457,0.14937794,0.232085227,0.314810367,0.374714779,-0.05167764,-0.022241121,0.01840931,0.059055512,0.088488969,0.392157025,0.430614467,0.483722363,0.537294914,0.576088831,-0.368923936,-0.294615814,-0.191999835,-0.090489212,-0.01698152
1972.5,1972,1973,0.035910832,0.10851904,0.208787517,0.309067913,0.381684752,-0.030854362,-0.004025835,0.033023083,0.070057066,0.096874779,0.412043417,0.452009298,0.507200276,0.56288279,0.603204611,-0.43272572,-0.34530805,-0.224588409,-0.105154308,-0.018667545
1973.5,1973,1974,0.120551392,0.162532054,0.220505348,0.278501633,0.320498943,-0.025521489,-0.000611282,0.033788527,0.068171496,0.093069508,0.42745023,0.470946567,0.531012938,0.591574515,0.63542945,-0.426816969,-0.345767931,-0.233843068,-0.123423504,-0.04346451
1974.5,1974,1975,0.09505036,0.162297981,0.255163743,0.348048725,0.415310264,-0.023055466,-0.004788872,0.020436423,0.045653319,0.063913829,0.440795483,0.486136445,0.548750154,0.611871224,0.657579585,-0.42785045,-0.341930237,-0.223278514,-0.105919683,-0.020935702
1975.5,1975,1976,0.174398627,0.221167021,0.285751945,0.350371523,0.397165011,-0.063001017,-0.042655715,-0.014559823,0.013539897,0.03388797,0.458443619,0.501109907,0.560030019,0.619511295,0.662583943,-0.389522684,-0.314461395,-0.21080533,-0.108469688,-0.034364569
1976.5,1976,1977,0.068894944,0.162316013,0.29132606,0.420354143,0.513788272,-0.057507832,-0.035252051,-0.004517877,0.026216634,0.048472659,0.468986986,0.515770233,0.580375668,0.645531023,0.692712486,-0.450138983,-0.354194733,-0.221700293,-0.090346044,0.00477255
1977.5,1977,1978,0.186325715,0.236084289,0.304798509,0.373549787,0.423335195,-0.04647741,-0.027115117,-0.000376714,0.026361693,0.045723987,0.513320386,0.56364323,0.633136681,0.703238473,0.75400184,-0.460371734,-0.372273899,-0.250614983,-0.130546401,-0.043600186
1978.5,1978,1979,0.082400763,0.187234479,0.332004849,0.476796092,0.581644923,-0.043403042,-0.01691334,0.019667677,0.056243329,0.082729147,0.531101992,0.582745124,0.654061831,0.726011122,0.778112333,-0.502324138,-0.395240388,-0.247362828,-0.100757038,0.005405776
1979.5,1979,1980,0.048997891,0.138998563,0.263285205,0.387587137,0.47759888,-0.021055057,0.007393514,0.046679635,0.085937611,0.1143658,0.539215978,0.587169202,0.653390322,0.720290833,0.768736031,-0.55856106,-0.447086843,-0.293146258,-0.140923644,-0.030693475
1980.5,1980,1981,0.188782329,0.235933689,0.301047473,0.366199406,0.413378392,-0.026528476,0.002489384,0.042561665,0.082611009,0.111612257,0.563321221,0.611180554,0.677272014,0.744094578,0.792483331,-0.5134708,-0.417477647,-0.284915674,-0.1542412,-0.059614857
1981.5,1981,1982,0.187919026,0.249516646,0.334580025,0.419679477,0.481303218,-0.026274161,-0.00099637,0.033911054,0.068801764,0.09406745,0.579984279,0.626946277,0.691798561,0.757427868,0.804952538,-0.500743777,-0.405006381,-0.272797596,-0.142322807,-0.047841064
1982.5,1982,1983,0.284686886,0.352273932,0.445608424,0.539001226,0.606630497,-0.03640923,-0.018140541,0.007087648,0.032314827,0.050582785,0.578474144,0.630916248,0.703336297,0.776476304,0.829439758,-0.399437877,-0.318341844,-0.206352085,-0.09553205,-0.015283059
1983.5,1983,1984,0.262599843,0.333214397,0.430729734,0.528297218,0.598949535,-0.126408421,-0.100917865,-0.06571662,-0.030453196,-0.004917613,0.600775302,0.65540253,0.730840131,0.807024022,0.862191667,-0.4506905,-0.360592245,-0.236170846,-0.113129011,-0.024029751
1984.5,1984,1985,0.132258253,0.241690931,0.39281225,0.543961559,0.653414508,-0.078746266,-0.058152638,-0.029713818,-0.001259253,0.019345776,0.634935877,0.688113931,0.761550292,0.835818468,0.889598871,-0.561191296,-0.444690871,-0.283809333,-0.124467367,-0.009081806
1985.5,1985,1986,0.2687544,0.336558212,0.430192049,0.523880058,0.591723099,-0.094321753,-0.070572633,-0.037776229,-0.00495776,0.018807338,0.641537477,0.694072242,0.76662025,0.840021324,0.893173826,-0.488183803,-0.39330956,-0.262292747,-0.132892912,-0.039189583
1986.5,1986,1987,0.259587983,0.333773541,0.436220264,0.538717899,0.612940324,-0.089147963,-0.064351027,-0.030107639,0.004149175,0.028955833,0.671632082,0.72583086,0.800676793,0.876424569,0.931276407,-0.526639733,-0.424207362,-0.282753136,-0.143039309,-0.041867228
1987.5,1987,1988,0.230290718,0.330392518,0.468628336,0.606907705,0.70704104,-0.059358259,-0.03406013,0.000875381,0.035810881,0.061109002,0.695871239,0.751326021,0.827906433,0.905429114,0.961566228,-0.54547112,-0.434199095,-0.280537727,-0.128451866,-0.018320724
1988.5,1988,1989,0.327898266,0.415099766,0.535520885,0.65600728,0.743256048,-0.046606012,-0.022360808,0.011120664,0.044600262,0.068844109,0.68500283,0.744381305,0.82638015,0.909256457,0.969270335,-0.462030312,-0.366426474,-0.234402125,-0.103657598,-0.008980527
1989.5,1989,1990,0.386742328,0.459200069,0.559260759,0.659407112,0.731926885,-0.043548514,-0.016426605,0.021027461,0.058475537,0.08559311,0.705198824,0.765905303,0.849738059,0.934478231,0.995841803,-0.449507155,-0.359512977,-0.235235303,-0.112327825,-0.023325858
1990.5,1990,1991,0.407742867,0.458539441,0.528687091,0.598943901,0.649819521,-0.033723957,-0.012257535,0.017386572,0.047025505,0.068488181,0.736062655,0.791098683,0.867100816,0.944143692,0.99993336,-0.48331015,-0.393014268,-0.268319955,-0.145405313,-0.056398159
1991.5,1991,1992,0.405680389,0.464539531,0.545821202,0.627203302,0.686135168,-0.08136794,-0.059297855,-0.028820119,0.001671438,0.023751531,0.761271928,0.820202882,0.901583724,0.984015771,1.043707943,-0.512093286,-0.415290322,-0.281610038,-0.149757763,-0.05427853
1992.5,1992,1993,0.433272417,0.508969681,0.613503997,0.718136983,0.793905698,-0.333606169,-0.273700784,-0.190974301,-0.108024481,-0.04795737,0.776432413,0.837019381,0.920687099,1.005421169,1.066780324,-0.472035026,-0.378694093,-0.249794708,-0.122385382,-0.030123456
1993.5,1993,1994,0.422770192,0.501648372,0.610575383,0.719596188,0.798542288,-0.287368627,-0.234633861,-0.16180966,-0.088803309,-0.035936641,0.814756866,0.876990395,0.962931936,1.050008808,1.113064474,-0.527115215,-0.424242687,-0.282180624,-0.141844369,-0.040221564
1994.5,1994,1995,0.43621567,0.510301579,0.61261069,0.715020323,0.789179023,-0.22259455,-0.179481834,-0.119945227,-0.060286165,-0.017084775,0.841271997,0.906583119,0.99677467,1.088125636,1.154276336,-0.562178037,-0.454236924,-0.305175387,-0.158038341,-0.051490825
1995.5,1995,1996,0.382014522,0.486154233,0.629966215,0.773853835,0.878048319,-0.169352367,-0.133933607,-0.085021986,-0.036035452,-0.000562444,0.843909994,0.908063161,0.99665563,1.086427888,1.151435386,-0.567922142,-0.452624828,-0.293404728,-0.135847966,-0.021755139
1996.5,1996,1997,0.448630032,0.52808522,0.637809051,0.747634482,0.827163243,-0.10924893,-0.084018817,-0.049177232,-0.014300455,0.010955143,0.83830907,0.901619943,0.989049244,1.077655766,1.14181911,-0.52773824,-0.424800408,-0.282648164,-0.142226373,-0.040541629
1997.5,1997,1998,0.501252269,0.580387986,0.689670642,0.799072562,0.878294643,-0.110791693,-0.083584212,-0.046011977,-0.00841117,0.018817001,0.848986982,0.913961249,1.003687617,1.09459545,1.160425259,-0.487621651,-0.391294042,-0.2582702,-0.126789893,-0.031580015
1998.5,1998,1999,0.533421363,0.606389633,0.707155339,0.808057014,0.881123745,-0.085037359,-0.061120133,-0.028091582,0.004949087,0.028875088,0.877842405,0.946358462,1.040975875,1.136798728,1.206187691,-0.508094262,-0.409499133,-0.273343954,-0.138878666,-0.04150725
1999.5,1999,2000,0.635802994,0.689662246,0.764039308,0.838631243,0.892646092,-0.03696168,-0.020232643,0.002869362,0.025971186,0.042700093,0.912789342,0.98366094,1.081531242,1.180659424,1.252441899,-0.478285202,-0.388387692,-0.264243513,-0.141832718,-0.053190418
2000.5,2000,2001,0.601369179,0.661013204,0.743378763,0.825928063,0.885705143,-0.027550295,-0.001267404,0.035028016,0.071306285,0.097576755,0.941020868,1.012728934,1.111754358,1.212093173,1.284752315,-0.541734055,-0.440169116,-0.29991277,-0.161632977,-0.061499334
2001.5,2001,2002,0.557764527,0.646893116,0.769975452,0.893189778,0.982413946,-0.025492282,0.000928479,0.037414291,0.073880635,0.100287299,0.943823617,1.015479847,1.11443369,1.214708161,1.287320709,-0.53748844,-0.430995995,-0.283934999,-0.138561368,-0.033290808
2002.5,2002,2003,0.618055826,0.704730776,0.824424755,0.944274317,1.031061931,-0.03616862,-0.008976638,0.028574193,0.066113993,0.093297986,0.959469386,1.032911233,1.134330925,1.237085681,1.311494297,-0.49884107,-0.399200209,-0.261600924,-0.125532214,-0.0269997
2003.5,2003,2004,0.703580347,0.776583119,0.877396471,0.978418964,1.051573184,-0.028973222,-0.001998873,0.035251417,0.072484781,0.099446873,0.996964414,1.071444759,1.174298569,1.278562844,1.354064561,-0.473200983,-0.381435338,-0.254711352,-0.129563953,-0.038939974
2004.5,2004,2005,0.682828953,0.757359386,0.860282365,0.963402301,1.038075358,-0.023727066,-0.001007009,0.030368307,0.061728709,0.084437966,1.013593831,1.088275032,1.191406216,1.295985122,1.371714675,-0.513458749,-0.41479725,-0.278550418,-0.144057692,-0.046666408
2005.5,2005,2006,0.708572838,0.770686427,0.856462336,0.942472384,1.004755523,-0.057074399,-0.034177017,-0.002556822,0.029063478,0.051960936,0.995137914,1.070002943,1.173387984,1.27817418,1.354053838,-0.48775572,-0.395521362,-0.268150105,-0.142518372,-0.051543668
2006.5,2006,2007,0.73004625,0.801761321,0.900796419,1.000055899,1.071933454,-0.065261183,-0.041061387,-0.00764262,0.025777033,0.049977471,1.023301435,1.099127647,1.203840035,1.310008298,1.386888765,-0.480422435,-0.387939614,-0.260225244,-0.13414398,-0.042843755
2007.5,2007,2008,0.703215483,0.794702528,0.92104178,1.04756499,1.139185247,-0.042460962,-0.019101342,0.013157181,0.045412982,0.068770632,1.03764442,1.114363688,1.220309345,1.327733533,1.405523462,-0.49523827,-0.395787922,-0.258451726,-0.122612169,-0.024245592
2008.5,2008,2009,0.726784674,0.827761013,0.967204529,1.106831854,1.207941296,-0.042508177,-0.021811533,0.006769547,0.035349813,0.056045868,1.053343024,1.134109382,1.245643877,1.358642338,1.440468809,-0.486353543,-0.38524181,-0.245611321,-0.107309319,-0.007159594
2009.5,2009,2010,0.708307858,0.819105139,0.972110907,1.125285915,1.236205748,-0.047166055,-0.024655155,0.006431326,0.037517132,0.060027543,1.057487034,1.136466,1.24553219,1.356094769,1.436157325,-0.490224093,-0.386065563,-0.242227594,-0.099643461,0.003607118
2010.5,2010,2011,0.803625553,0.860430566,0.938875584,1.017628082,1.074655753,-0.026751708,-0.007589139,0.018873455,0.045329221,0.064486844,1.059582723,1.136838126,1.24352416,1.351734607,1.430093896,-0.47218744,-0.384395186,-0.263158263,-0.143682239,-0.057165119
2011.5,2011,2012,0.848611827,0.924093345,1.028329729,1.132843881,1.208526542,-0.061481138,-0.037943542,-0.005439241,0.027065521,0.050603453,1.100754652,1.18157095,1.29317441,1.406353935,1.488311522,-0.445291198,-0.3585133,-0.238677155,-0.120304751,-0.034586803
2012.5,2012,2013,0.881312294,0.967705953,1.087011482,1.206588237,1.293178301,-0.051708442,-0.027336072,0.006321012,0.039977493,0.064349427,1.111318216,1.193388105,1.306722713,1.421642112,1.504859608,-0.407559159,-0.324131797,-0.208922584,-0.094878718,-0.01229523
2013.5,2013,2014,0.810330422,0.931605603,1.099080853,1.26675374,1.388172037,-0.021691214,-3.99E-06,0.029945044,0.059878882,0.08155511,1.139834148,1.222414292,1.336453538,1.452139891,1.535912767,-0.468250228,-0.364909696,-0.222201343,-0.080555747,0.022015202
2014.5,2014,2015,0.812127975,0.91175775,1.049341725,1.187144948,1.286933489,-0.021712827,-0.001307896,0.026870342,0.055035579,0.075431096,1.175282772,1.261419419,1.380370026,1.501005452,1.588362139,-0.547498257,-0.43821788,-0.287306884,-0.138079221,-0.03001781
2015.5,2015,2016,0.906732394,0.96637614,1.048741313,1.131471784,1.191380057,-0.026566026,-0.004940232,0.024923961,0.0547776,0.076395753,1.190934711,1.276551658,1.394784585,1.514747739,1.601617609,-0.530813973,-0.433069435,-0.298088884,-0.165138202,-0.068863571
2016.5,2016,2017,0.919053554,0.987467243,1.08194329,1.176758435,1.245417678,-0.025740064,-0.005520998,0.022400569,0.050313019,0.070525482,1.204123514,1.290595357,1.410008855,1.531173052,1.618912644,-0.516880434,-0.420202844,-0.286695697,-0.155086152,-0.059782689
2017.5,2017,2018,1.013816659,1.077168417,1.164654178,1.252563993,1.316222825,-0.029452815,-0.011717807,0.012773395,0.037261217,0.054993778,1.217779834,1.307710927,1.431901484,1.557828663,1.64901731,-0.445958685,-0.362299658,-0.246770525,-0.132865928,-0.050383289
2018.5,2018,2019,1.06784663,1.14292016,1.246593131,1.35067625,1.426046785,-0.029931467,-0.010707397,0.015840127,0.042382857,0.061603455,1.252495999,1.342700978,1.467269758,1.593655926,1.685176945,-0.402257419,-0.324477385,-0.217066863,-0.111007325,-0.03420559
2019.5,2019,2020,1.059751643,1.127099338,1.220103299,1.31354507,1.381209801,-0.02499464,-0.002576897,0.028380938,0.059325571,0.081733754,1.254750905,1.344608091,1.468696587,1.594612927,1.685793724,-0.426463803,-0.346439153,-0.235928921,-0.126971044,-0.048070512
2020.5,2020,2021,0.987270637,1.100213649,1.25618257,1.412428629,1.525572328,-0.03976164,-0.014060713,0.021431043,0.056916234,0.082612407,1.288525353,1.380660241,1.507894133,1.637007071,1.730502646,-0.480728495,-0.379562928,-0.239858097,-0.101419283,-0.001170487
2021.5,2021,2022,1.05954944,1.168932193,1.319984567,1.471352857,1.580964378,-0.063603609,-0.038515234,-0.003869382,0.030776688,0.055865222,1.298894481,1.393099957,1.523193233,1.655162061,1.750725695,-0.42674364,-0.334836327,-0.207916704,-0.082043763,0.009105608
2022.5,2022,2023,1.167116188,1.234720837,1.328079637,1.421954984,1.489933684,-0.062551016,-0.041559504,-0.012571225,0.016419818,0.037413333,1.329661736,1.425178194,1.557081873,1.690918362,1.78783444,-0.408485101,-0.332204516,-0.226864659,-0.123030809,-0.047840779
2023.5,2023,2024,1.132693247,1.225351951,1.353309208,1.48165828,1.574600712,-0.047833523,-0.025619751,0.005056411,0.035732149,0.057945615,1.354513028,1.451907464,1.586404543,1.722869251,1.821688523,-0.441027277,-0.352811284,-0.230989198,-0.110514947,-0.023274971
2024.5,2024,2025,1.160972712,1.286402535,1.459615148,1.633164653,1.758838433,-0.041096229,-0.0229556,0.002095743,0.027146998,0.045287561,1.382505742,1.483645245,1.623314082,1.7649673,1.867543768,-0.41301002,-0.317661446,-0.185989606,-0.055124233,0.039640348
2025.5,2025,2026,1.248562673,1.342936926,1.473263275,1.604045436,1.69874976,-0.03897271,-0.019628456,0.007085037,0.033797577,0.05314114,1.40226104,1.5037643,1.64393547,1.786134203,1.8891057,-0.377376088,-0.299369912,-0.191647096,-0.084972822,-0.007725935
