variable,Nat,Nat,Nat,Nat,Nat,GHG,GHG,GHG,GHG,GHG,OHF,OHF,OHF,OHF,OHF,Tot,Tot,Tot,Tot,Tot,Ant,Ant,Ant,Ant,Ant
percentile,5,17,83,95,50,5,17,83,95,50,5,17,83,95,50,5,17,83,95,50,5,17,83,95,50
Year,,,,,,,,,,,,,,,,,,,,,,,,,
1850,0.017,0.02,0.03,0.033,0.025,-0.171,-0.149,-0.08,-0.054,-0.114,0.018,0.052,0.147,0.183,0.101,-0.054,-0.025,0.047,0.077,0.011,-0.079,-0.05,0.022,0.052,-0.014
1851,0.023,0.027,0.039,0.044,0.033,-0.163,-0.142,-0.078,-0.053,-0.11,0.018,0.05,0.14,0.175,0.097,-0.042,-0.015,0.054,0.083,0.02,-0.075,-0.048,0.02,0.049,-0.013
1852,0.027,0.032,0.046,0.052,0.039,-0.156,-0.136,-0.075,-0.052,-0.105,0.017,0.048,0.134,0.167,0.092,-0.033,-0.008,0.059,0.085,0.026,-0.071,-0.046,0.019,0.047,-0.013
1853,0.019,0.022,0.032,0.036,0.027,-0.148,-0.129,-0.072,-0.051,-0.101,0.018,0.047,0.128,0.158,0.088,-0.041,-0.016,0.045,0.071,0.014,-0.067,-0.043,0.018,0.043,-0.012
1854,0.01,0.011,0.017,0.019,0.014,-0.141,-0.123,-0.069,-0.05,-0.096,0.018,0.045,0.121,0.151,0.084,-0.05,-0.027,0.031,0.056,0.002,-0.064,-0.041,0.016,0.041,-0.012
1855,0.011,0.013,0.018,0.021,0.015,-0.133,-0.117,-0.066,-0.049,-0.092,0.017,0.044,0.115,0.143,0.08,-0.045,-0.024,0.031,0.055,0.004,-0.061,-0.039,0.015,0.039,-0.012
1856,0.012,0.014,0.02,0.023,0.017,-0.125,-0.111,-0.064,-0.048,-0.087,0.017,0.042,0.109,0.135,0.076,-0.04,-0.02,0.031,0.053,0.006,-0.057,-0.037,0.014,0.036,-0.011
1857,0.002,0.003,0.004,0.004,0.003,-0.118,-0.104,-0.061,-0.046,-0.083,0.018,0.04,0.102,0.127,0.072,-0.05,-0.031,0.016,0.037,-0.007,-0.054,-0.035,0.013,0.034,-0.011
1858,0.005,0.006,0.008,0.009,0.007,-0.11,-0.098,-0.059,-0.044,-0.078,0.017,0.039,0.096,0.119,0.068,-0.043,-0.026,0.019,0.038,-0.003,-0.05,-0.033,0.012,0.031,-0.01
1859,0.012,0.014,0.02,0.023,0.017,-0.102,-0.091,-0.056,-0.043,-0.074,0.017,0.036,0.089,0.111,0.064,-0.03,-0.013,0.029,0.046,0.007,-0.046,-0.031,0.011,0.029,-0.01
1860,0.02,0.023,0.034,0.038,0.028,-0.095,-0.085,-0.052,-0.041,-0.069,0.017,0.035,0.083,0.103,0.06,-0.015,0,0.039,0.054,0.019,-0.043,-0.028,0.01,0.025,-0.009
1861,0.021,0.026,0.037,0.042,0.031,-0.088,-0.079,-0.049,-0.039,-0.064,0.016,0.032,0.077,0.095,0.055,-0.009,0.004,0.041,0.055,0.022,-0.039,-0.026,0.008,0.023,-0.009
1862,-0.05,-0.045,-0.031,-0.026,-0.037,-0.08,-0.072,-0.046,-0.038,-0.06,0.015,0.03,0.071,0.086,0.051,-0.075,-0.064,-0.029,-0.016,-0.046,-0.036,-0.024,0.007,0.02,-0.008
1863,-0.075,-0.067,-0.046,-0.039,-0.056,-0.073,-0.066,-0.043,-0.036,-0.055,0.015,0.028,0.065,0.079,0.047,-0.095,-0.082,-0.047,-0.034,-0.064,-0.032,-0.022,0.006,0.018,-0.008
1864,-0.058,-0.052,-0.036,-0.03,-0.043,-0.066,-0.06,-0.04,-0.034,-0.05,0.014,0.026,0.059,0.072,0.043,-0.077,-0.066,-0.036,-0.024,-0.051,-0.029,-0.02,0.006,0.016,-0.008
1865,-0.032,-0.029,-0.02,-0.017,-0.024,-0.059,-0.053,-0.037,-0.032,-0.046,0.013,0.024,0.052,0.064,0.039,-0.051,-0.044,-0.019,-0.01,-0.031,-0.027,-0.018,0.005,0.014,-0.007
1866,-0.009,-0.008,-0.006,-0.005,-0.007,-0.052,-0.047,-0.034,-0.029,-0.041,0.012,0.021,0.046,0.056,0.034,-0.031,-0.024,-0.003,0.005,-0.014,-0.023,-0.016,0.004,0.012,-0.007
1867,0.005,0.005,0.008,0.009,0.007,-0.046,-0.042,-0.03,-0.026,-0.036,0.011,0.019,0.04,0.048,0.03,-0.014,-0.008,0.01,0.017,0.001,-0.021,-0.015,0.003,0.01,-0.006
1868,0.013,0.015,0.022,0.025,0.018,-0.04,-0.036,-0.026,-0.023,-0.031,0.01,0.017,0.035,0.041,0.026,-0.001,0.004,0.022,0.029,0.013,-0.018,-0.013,0.002,0.009,-0.006
1869,0.02,0.024,0.035,0.039,0.029,-0.034,-0.031,-0.022,-0.019,-0.027,0.009,0.014,0.029,0.034,0.022,0.009,0.015,0.033,0.041,0.024,-0.016,-0.011,0.002,0.007,-0.005
1870,0.026,0.031,0.045,0.051,0.038,-0.03,-0.026,-0.018,-0.014,-0.022,0.007,0.011,0.024,0.028,0.018,0.017,0.024,0.043,0.051,0.033,-0.014,-0.01,0.002,0.006,-0.004
1871,0.031,0.037,0.054,0.061,0.046,-0.026,-0.022,-0.012,-0.008,-0.017,0.004,0.008,0.019,0.023,0.013,0.024,0.031,0.052,0.06,0.042,-0.013,-0.009,0.001,0.005,-0.004
1872,0.035,0.042,0.061,0.068,0.051,-0.022,-0.018,-0.007,-0.003,-0.013,0,0.004,0.014,0.019,0.009,0.029,0.036,0.059,0.067,0.047,-0.012,-0.008,0.002,0.005,-0.003
1873,0.024,0.029,0.042,0.047,0.035,-0.019,-0.014,-0.001,0.003,-0.008,-0.005,-0.001,0.011,0.015,0.005,0.018,0.023,0.041,0.048,0.032,-0.011,-0.008,0.002,0.006,-0.003
1874,0.023,0.027,0.039,0.044,0.033,-0.016,-0.01,0.004,0.01,-0.003,-0.011,-0.006,0.007,0.013,0.001,0.017,0.022,0.039,0.046,0.031,-0.011,-0.007,0.003,0.007,-0.002
1875,0.022,0.026,0.038,0.043,0.032,-0.013,-0.006,0.01,0.016,0.001,-0.017,-0.011,0.005,0.01,-0.003,0.016,0.022,0.039,0.046,0.03,-0.011,-0.007,0.005,0.009,-0.002
1876,0.022,0.026,0.038,0.042,0.032,-0.01,-0.003,0.015,0.022,0.006,-0.023,-0.016,0.002,0.008,-0.007,0.015,0.022,0.04,0.046,0.031,-0.013,-0.007,0.006,0.012,-0.001
1877,0.024,0.028,0.041,0.046,0.035,-0.006,0.001,0.021,0.028,0.011,-0.03,-0.021,0,0.006,-0.011,0.017,0.024,0.045,0.051,0.034,-0.014,-0.008,0.007,0.013,0
1878,0.026,0.031,0.045,0.051,0.038,-0.003,0.005,0.026,0.034,0.015,-0.036,-0.026,-0.003,0.004,-0.015,0.019,0.027,0.05,0.057,0.038,-0.015,-0.008,0.009,0.016,0
1879,0.028,0.034,0.049,0.055,0.041,0,0.009,0.031,0.039,0.02,-0.043,-0.031,-0.005,0.002,-0.019,0.021,0.03,0.055,0.063,0.042,-0.016,-0.008,0.01,0.018,0.001
1880,0.028,0.034,0.049,0.055,0.041,0.003,0.013,0.036,0.045,0.024,-0.049,-0.036,-0.008,0.001,-0.023,0.02,0.03,0.057,0.065,0.043,-0.017,-0.008,0.012,0.021,0.002
1881,0.03,0.035,0.051,0.057,0.043,0.007,0.017,0.041,0.05,0.029,-0.055,-0.041,-0.01,-0.001,-0.027,0.021,0.031,0.06,0.069,0.045,-0.018,-0.009,0.014,0.023,0.002
1882,0.033,0.039,0.057,0.064,0.048,0.01,0.021,0.046,0.055,0.033,-0.06,-0.046,-0.013,-0.002,-0.03,0.024,0.036,0.067,0.077,0.051,-0.019,-0.009,0.015,0.025,0.003
1883,0.002,0.002,0.003,0.004,0.003,0.014,0.025,0.051,0.061,0.038,-0.066,-0.051,-0.016,-0.004,-0.034,-0.017,-0.006,0.02,0.03,0.007,-0.02,-0.009,0.017,0.027,0.004
1884,-0.226,-0.201,-0.139,-0.117,-0.169,0.018,0.029,0.056,0.066,0.042,-0.071,-0.056,-0.018,-0.006,-0.038,-0.226,-0.198,-0.132,-0.105,-0.164,-0.02,-0.009,0.019,0.029,0.005
1885,-0.257,-0.228,-0.158,-0.133,-0.192,0.022,0.033,0.061,0.071,0.047,-0.076,-0.061,-0.021,-0.008,-0.042,-0.256,-0.224,-0.149,-0.119,-0.186,-0.021,-0.009,0.02,0.032,0.005
1886,-0.212,-0.189,-0.131,-0.11,-0.159,0.026,0.037,0.066,0.075,0.051,-0.081,-0.065,-0.024,-0.009,-0.045,-0.214,-0.187,-0.12,-0.095,-0.152,-0.022,-0.009,0.022,0.034,0.006
1887,-0.173,-0.154,-0.106,-0.089,-0.129,0.03,0.041,0.07,0.079,0.056,-0.086,-0.069,-0.027,-0.011,-0.049,-0.178,-0.152,-0.094,-0.072,-0.122,-0.023,-0.009,0.024,0.036,0.007
1888,-0.123,-0.11,-0.076,-0.064,-0.092,0.034,0.045,0.075,0.084,0.06,-0.091,-0.074,-0.029,-0.013,-0.052,-0.129,-0.109,-0.06,-0.042,-0.084,-0.024,-0.009,0.025,0.038,0.008
1889,-0.08,-0.071,-0.049,-0.041,-0.059,0.038,0.048,0.079,0.088,0.064,-0.096,-0.078,-0.032,-0.015,-0.056,-0.09,-0.072,-0.029,-0.015,-0.051,-0.024,-0.009,0.026,0.039,0.009
1890,-0.06,-0.054,-0.037,-0.031,-0.045,0.042,0.052,0.083,0.093,0.068,-0.1,-0.082,-0.034,-0.017,-0.059,-0.074,-0.057,-0.015,-0.001,-0.036,-0.024,-0.009,0.028,0.042,0.009
1891,-0.064,-0.057,-0.039,-0.033,-0.048,0.046,0.056,0.087,0.097,0.073,-0.105,-0.086,-0.037,-0.019,-0.062,-0.078,-0.06,-0.016,-0.001,-0.037,-0.025,-0.009,0.029,0.044,0.01
1892,-0.042,-0.037,-0.026,-0.021,-0.031,0.051,0.06,0.092,0.102,0.077,-0.11,-0.09,-0.039,-0.021,-0.066,-0.058,-0.042,0.001,0.016,-0.02,-0.026,-0.009,0.031,0.046,0.011
1893,-0.009,-0.008,-0.005,-0.004,-0.006,0.055,0.065,0.096,0.106,0.081,-0.116,-0.094,-0.042,-0.023,-0.069,-0.032,-0.016,0.026,0.042,0.006,-0.026,-0.009,0.033,0.048,0.012
1894,0.01,0.012,0.018,0.02,0.015,0.059,0.069,0.099,0.11,0.085,-0.121,-0.098,-0.044,-0.025,-0.072,-0.011,0.005,0.05,0.065,0.028,-0.027,-0.009,0.034,0.05,0.013
1895,0.02,0.024,0.035,0.04,0.029,0.063,0.073,0.104,0.114,0.089,-0.124,-0.102,-0.047,-0.027,-0.075,0.004,0.02,0.067,0.082,0.044,-0.027,-0.009,0.036,0.051,0.014
1896,0.027,0.032,0.046,0.051,0.038,0.067,0.078,0.108,0.119,0.094,-0.128,-0.105,-0.049,-0.029,-0.078,0.012,0.028,0.078,0.094,0.054,-0.027,-0.009,0.038,0.053,0.015
1897,0.03,0.036,0.052,0.059,0.044,0.071,0.082,0.112,0.123,0.098,-0.131,-0.108,-0.052,-0.031,-0.081,0.017,0.034,0.085,0.102,0.06,-0.028,-0.008,0.04,0.056,0.016
1898,0.033,0.039,0.057,0.064,0.047,0.075,0.086,0.116,0.127,0.102,-0.135,-0.112,-0.054,-0.033,-0.084,0.02,0.038,0.09,0.107,0.065,-0.028,-0.008,0.041,0.058,0.018
1899,0.034,0.041,0.059,0.066,0.049,0.079,0.09,0.12,0.131,0.106,-0.139,-0.115,-0.056,-0.035,-0.087,0.022,0.041,0.094,0.112,0.068,-0.028,-0.007,0.043,0.06,0.019
1900,0.035,0.042,0.06,0.068,0.051,0.083,0.094,0.124,0.135,0.11,-0.142,-0.119,-0.06,-0.037,-0.09,0.024,0.043,0.097,0.115,0.071,-0.028,-0.007,0.045,0.063,0.02
1901,0.035,0.042,0.061,0.068,0.051,0.086,0.098,0.128,0.14,0.114,-0.145,-0.122,-0.062,-0.039,-0.093,0.024,0.044,0.098,0.118,0.072,-0.028,-0.006,0.047,0.065,0.021
1902,0.029,0.034,0.05,0.056,0.042,0.09,0.101,0.132,0.145,0.118,-0.148,-0.126,-0.064,-0.041,-0.096,0.015,0.036,0.091,0.111,0.064,-0.027,-0.005,0.049,0.067,0.023
1903,-0.052,-0.046,-0.032,-0.027,-0.038,0.093,0.105,0.137,0.149,0.122,-0.152,-0.129,-0.067,-0.044,-0.098,-0.07,-0.045,0.014,0.033,-0.015,-0.028,-0.005,0.051,0.07,0.024
1904,-0.073,-0.065,-0.045,-0.038,-0.055,0.097,0.109,0.141,0.153,0.126,-0.155,-0.132,-0.069,-0.046,-0.101,-0.087,-0.061,0.001,0.021,-0.029,-0.027,-0.004,0.053,0.073,0.025
1905,-0.049,-0.044,-0.03,-0.025,-0.037,0.1,0.112,0.146,0.159,0.13,-0.159,-0.135,-0.071,-0.047,-0.103,-0.067,-0.042,0.02,0.039,-0.01,-0.027,-0.004,0.055,0.075,0.027
1906,-0.016,-0.014,-0.01,-0.008,-0.012,0.103,0.116,0.15,0.163,0.134,-0.162,-0.137,-0.073,-0.049,-0.106,-0.039,-0.014,0.046,0.065,0.017,-0.027,-0.002,0.058,0.078,0.029
1907,-0.006,-0.005,-0.004,-0.003,-0.004,0.106,0.119,0.156,0.169,0.138,-0.167,-0.139,-0.075,-0.05,-0.108,-0.031,-0.006,0.056,0.076,0.026,-0.026,-0.001,0.06,0.081,0.03
1908,0.006,0.007,0.009,0.011,0.008,0.109,0.122,0.16,0.173,0.142,-0.169,-0.142,-0.077,-0.052,-0.11,-0.018,0.008,0.069,0.091,0.04,-0.027,-0.001,0.062,0.083,0.032
1909,0.015,0.018,0.026,0.03,0.022,0.111,0.125,0.165,0.178,0.146,-0.172,-0.144,-0.078,-0.055,-0.113,-0.003,0.022,0.085,0.108,0.056,-0.026,0.001,0.064,0.085,0.034
1910,0.022,0.026,0.038,0.042,0.032,0.113,0.129,0.169,0.183,0.15,-0.176,-0.146,-0.079,-0.057,-0.115,0.007,0.033,0.098,0.12,0.067,-0.024,0.002,0.066,0.088,0.035
1911,0.026,0.031,0.045,0.05,0.037,0.116,0.132,0.174,0.189,0.154,-0.179,-0.148,-0.081,-0.058,-0.117,0.015,0.041,0.105,0.129,0.075,-0.023,0.003,0.069,0.091,0.037
1912,0,0,0,0,0,0.118,0.135,0.179,0.194,0.158,-0.182,-0.151,-0.082,-0.059,-0.118,-0.023,0.004,0.071,0.094,0.039,-0.023,0.004,0.071,0.094,0.039
1913,-0.046,-0.041,-0.028,-0.024,-0.034,0.119,0.137,0.184,0.2,0.161,-0.184,-0.154,-0.082,-0.061,-0.12,-0.057,-0.032,0.042,0.063,0.007,-0.023,0.004,0.073,0.096,0.041
1914,-0.038,-0.033,-0.023,-0.019,-0.028,0.121,0.141,0.189,0.206,0.165,-0.189,-0.156,-0.083,-0.061,-0.122,-0.05,-0.023,0.049,0.07,0.015,-0.021,0.006,0.076,0.099,0.043
1915,-0.008,-0.007,-0.005,-0.004,-0.006,0.123,0.143,0.193,0.212,0.169,-0.192,-0.159,-0.084,-0.06,-0.123,-0.026,0.001,0.072,0.095,0.039,-0.02,0.007,0.079,0.102,0.046
1916,0.011,0.013,0.019,0.021,0.016,0.125,0.146,0.198,0.218,0.173,-0.196,-0.162,-0.085,-0.06,-0.125,-0.003,0.026,0.096,0.121,0.064,-0.019,0.009,0.081,0.105,0.048
1917,0.024,0.029,0.041,0.047,0.035,0.126,0.149,0.203,0.223,0.176,-0.199,-0.164,-0.086,-0.061,-0.126,0.017,0.046,0.119,0.144,0.085,-0.018,0.01,0.084,0.108,0.05
1918,0.034,0.041,0.059,0.066,0.05,0.128,0.151,0.207,0.228,0.18,-0.204,-0.166,-0.087,-0.059,-0.128,0.035,0.064,0.137,0.162,0.102,-0.017,0.011,0.086,0.112,0.052
1919,0.04,0.048,0.069,0.078,0.058,0.129,0.154,0.212,0.233,0.183,-0.207,-0.169,-0.087,-0.058,-0.129,0.043,0.073,0.147,0.174,0.113,-0.016,0.012,0.089,0.115,0.055
1920,0.043,0.051,0.073,0.083,0.062,0.131,0.156,0.216,0.238,0.187,-0.21,-0.172,-0.088,-0.056,-0.13,0.049,0.078,0.153,0.181,0.118,-0.014,0.014,0.093,0.118,0.057
1921,0.043,0.052,0.075,0.084,0.063,0.132,0.158,0.221,0.244,0.19,-0.212,-0.175,-0.088,-0.057,-0.131,0.051,0.082,0.158,0.185,0.122,-0.012,0.015,0.096,0.122,0.059
1922,0.036,0.043,0.062,0.07,0.052,0.134,0.16,0.225,0.25,0.194,-0.214,-0.177,-0.088,-0.056,-0.132,0.043,0.073,0.151,0.177,0.114,-0.01,0.016,0.099,0.126,0.062
1923,0.033,0.039,0.057,0.064,0.047,0.135,0.163,0.229,0.255,0.197,-0.216,-0.179,-0.089,-0.055,-0.133,0.04,0.069,0.149,0.177,0.112,-0.009,0.018,0.102,0.13,0.064
1924,0.035,0.042,0.061,0.068,0.051,0.138,0.165,0.234,0.261,0.2,-0.219,-0.182,-0.089,-0.054,-0.134,0.044,0.074,0.156,0.184,0.118,-0.007,0.02,0.106,0.134,0.067
1925,0.038,0.046,0.066,0.074,0.055,0.14,0.167,0.238,0.266,0.204,-0.221,-0.185,-0.088,-0.052,-0.134,0.051,0.081,0.163,0.192,0.125,-0.006,0.022,0.109,0.137,0.069
1926,0.043,0.051,0.074,0.083,0.062,0.142,0.169,0.242,0.271,0.207,-0.225,-0.186,-0.088,-0.051,-0.135,0.058,0.089,0.172,0.201,0.133,-0.005,0.025,0.112,0.142,0.072
1927,0.048,0.057,0.082,0.092,0.069,0.143,0.171,0.247,0.276,0.21,-0.229,-0.188,-0.087,-0.048,-0.136,0.066,0.098,0.182,0.213,0.143,-0.003,0.027,0.115,0.147,0.074
1928,0.049,0.058,0.084,0.094,0.07,0.145,0.173,0.251,0.281,0.213,-0.23,-0.19,-0.087,-0.048,-0.136,0.068,0.102,0.187,0.219,0.147,-0.001,0.028,0.118,0.151,0.077
1929,0.039,0.047,0.067,0.076,0.057,0.146,0.175,0.255,0.286,0.216,-0.234,-0.191,-0.085,-0.045,-0.137,0.057,0.09,0.175,0.209,0.136,-0.001,0.03,0.122,0.155,0.08
1930,0.043,0.051,0.074,0.083,0.062,0.147,0.178,0.259,0.29,0.22,-0.237,-0.193,-0.084,-0.044,-0.137,0.064,0.097,0.184,0.218,0.144,0.001,0.032,0.125,0.157,0.082
1931,0.045,0.054,0.078,0.087,0.065,0.148,0.18,0.263,0.294,0.223,-0.239,-0.195,-0.082,-0.042,-0.138,0.069,0.102,0.191,0.226,0.15,0,0.034,0.128,0.161,0.085
1932,0.036,0.043,0.062,0.07,0.052,0.15,0.182,0.266,0.298,0.226,-0.242,-0.197,-0.081,-0.04,-0.138,0.056,0.09,0.181,0.215,0.14,0.002,0.036,0.131,0.164,0.088
1933,0.036,0.043,0.062,0.07,0.052,0.152,0.184,0.27,0.303,0.229,-0.247,-0.2,-0.08,-0.041,-0.139,0.058,0.092,0.184,0.219,0.142,0.004,0.038,0.134,0.168,0.09
1934,0.039,0.046,0.067,0.075,0.056,0.154,0.185,0.275,0.308,0.232,-0.25,-0.201,-0.079,-0.039,-0.139,0.063,0.098,0.191,0.227,0.149,0.006,0.04,0.138,0.172,0.093
1935,0.043,0.051,0.073,0.083,0.062,0.157,0.188,0.278,0.313,0.236,-0.252,-0.202,-0.078,-0.037,-0.14,0.07,0.106,0.2,0.236,0.158,0.008,0.043,0.141,0.177,0.096
1936,0.049,0.059,0.085,0.096,0.071,0.16,0.19,0.282,0.318,0.239,-0.255,-0.203,-0.078,-0.036,-0.14,0.082,0.118,0.213,0.249,0.17,0.009,0.044,0.145,0.181,0.099
1937,0.055,0.065,0.094,0.106,0.079,0.161,0.194,0.286,0.325,0.242,-0.256,-0.205,-0.077,-0.034,-0.141,0.092,0.129,0.225,0.262,0.181,0.01,0.046,0.148,0.184,0.102
1938,0.058,0.069,0.1,0.113,0.084,0.163,0.196,0.29,0.329,0.246,-0.259,-0.207,-0.077,-0.032,-0.141,0.098,0.135,0.233,0.271,0.189,0.012,0.048,0.152,0.189,0.105
1939,0.061,0.072,0.105,0.118,0.088,0.166,0.198,0.294,0.334,0.25,-0.262,-0.209,-0.075,-0.03,-0.142,0.105,0.142,0.241,0.279,0.195,0.015,0.052,0.156,0.193,0.108
1940,0.061,0.073,0.106,0.119,0.089,0.169,0.201,0.298,0.339,0.253,-0.266,-0.211,-0.076,-0.028,-0.143,0.107,0.146,0.245,0.283,0.199,0.016,0.055,0.16,0.198,0.111
1941,0.061,0.073,0.105,0.118,0.088,0.171,0.205,0.303,0.345,0.257,-0.27,-0.213,-0.075,-0.028,-0.143,0.108,0.147,0.248,0.287,0.202,0.018,0.057,0.163,0.203,0.114
1942,0.06,0.071,0.103,0.115,0.086,0.174,0.209,0.307,0.35,0.261,-0.274,-0.216,-0.075,-0.026,-0.144,0.108,0.148,0.25,0.29,0.203,0.02,0.06,0.168,0.208,0.117
1943,0.057,0.068,0.099,0.111,0.083,0.177,0.212,0.312,0.356,0.266,-0.276,-0.218,-0.074,-0.024,-0.145,0.107,0.147,0.251,0.289,0.203,0.022,0.062,0.171,0.211,0.12
1944,0.056,0.067,0.096,0.108,0.081,0.179,0.216,0.317,0.361,0.27,-0.281,-0.222,-0.074,-0.024,-0.146,0.107,0.148,0.253,0.292,0.204,0.024,0.064,0.176,0.215,0.124
1945,0.057,0.068,0.099,0.111,0.083,0.183,0.219,0.322,0.368,0.275,-0.286,-0.225,-0.074,-0.023,-0.148,0.11,0.152,0.259,0.298,0.21,0.026,0.067,0.18,0.219,0.127
1946,0.059,0.071,0.102,0.115,0.086,0.187,0.224,0.327,0.374,0.28,-0.291,-0.227,-0.074,-0.023,-0.149,0.116,0.158,0.267,0.305,0.216,0.028,0.07,0.184,0.223,0.131
1947,0.064,0.076,0.11,0.124,0.092,0.191,0.228,0.333,0.381,0.285,-0.295,-0.23,-0.074,-0.023,-0.15,0.126,0.167,0.279,0.317,0.227,0.031,0.073,0.188,0.227,0.134
1948,0.068,0.082,0.118,0.133,0.099,0.195,0.233,0.34,0.388,0.29,-0.299,-0.234,-0.074,-0.023,-0.152,0.135,0.178,0.29,0.33,0.237,0.034,0.076,0.193,0.232,0.138
1949,0.071,0.085,0.122,0.138,0.103,0.198,0.239,0.346,0.395,0.295,-0.304,-0.236,-0.073,-0.022,-0.153,0.141,0.185,0.299,0.341,0.245,0.037,0.079,0.197,0.238,0.142
1950,0.071,0.084,0.122,0.137,0.103,0.203,0.244,0.352,0.402,0.301,-0.308,-0.239,-0.074,-0.022,-0.155,0.145,0.187,0.303,0.345,0.249,0.04,0.082,0.203,0.243,0.146
1951,0.068,0.081,0.117,0.132,0.098,0.208,0.25,0.358,0.41,0.308,-0.313,-0.242,-0.075,-0.022,-0.157,0.144,0.186,0.304,0.345,0.248,0.042,0.086,0.208,0.248,0.15
1952,0.066,0.078,0.113,0.127,0.095,0.213,0.255,0.365,0.417,0.314,-0.317,-0.244,-0.075,-0.024,-0.159,0.143,0.185,0.306,0.349,0.249,0.045,0.089,0.214,0.254,0.155
1953,0.063,0.075,0.109,0.122,0.091,0.219,0.262,0.372,0.425,0.321,-0.322,-0.248,-0.075,-0.024,-0.162,0.145,0.184,0.307,0.353,0.25,0.048,0.093,0.218,0.26,0.159
1954,0.061,0.073,0.105,0.118,0.088,0.225,0.268,0.381,0.433,0.328,-0.327,-0.252,-0.077,-0.025,-0.164,0.146,0.185,0.309,0.357,0.252,0.052,0.098,0.224,0.265,0.164
1955,0.061,0.073,0.106,0.119,0.089,0.231,0.275,0.389,0.442,0.336,-0.332,-0.257,-0.078,-0.026,-0.167,0.149,0.19,0.316,0.362,0.257,0.055,0.102,0.229,0.272,0.169
1956,0.066,0.078,0.113,0.127,0.095,0.239,0.282,0.398,0.451,0.344,-0.338,-0.262,-0.079,-0.027,-0.17,0.16,0.201,0.328,0.373,0.269,0.058,0.107,0.235,0.28,0.174
1957,0.072,0.086,0.125,0.14,0.105,0.246,0.289,0.407,0.461,0.352,-0.343,-0.265,-0.082,-0.028,-0.173,0.175,0.216,0.344,0.392,0.284,0.062,0.111,0.242,0.287,0.179
1958,0.078,0.093,0.135,0.151,0.113,0.254,0.297,0.415,0.472,0.361,-0.35,-0.269,-0.084,-0.03,-0.176,0.188,0.229,0.359,0.405,0.297,0.066,0.115,0.249,0.294,0.185
1959,0.08,0.096,0.139,0.156,0.116,0.261,0.305,0.426,0.483,0.37,-0.357,-0.274,-0.084,-0.031,-0.179,0.196,0.238,0.367,0.416,0.307,0.071,0.121,0.255,0.3,0.19
1960,0.081,0.096,0.14,0.157,0.117,0.27,0.314,0.436,0.495,0.379,-0.365,-0.279,-0.087,-0.032,-0.183,0.202,0.244,0.375,0.424,0.313,0.076,0.127,0.263,0.306,0.196
1961,0.078,0.093,0.135,0.151,0.113,0.278,0.323,0.446,0.508,0.389,-0.372,-0.284,-0.088,-0.033,-0.187,0.203,0.245,0.378,0.427,0.315,0.081,0.133,0.269,0.312,0.202
1962,0.064,0.076,0.11,0.123,0.092,0.285,0.333,0.457,0.52,0.4,-0.376,-0.289,-0.091,-0.036,-0.191,0.187,0.231,0.363,0.412,0.301,0.086,0.139,0.276,0.32,0.209
1963,0.004,0.005,0.007,0.008,0.006,0.293,0.342,0.469,0.532,0.411,-0.383,-0.294,-0.094,-0.037,-0.195,0.1,0.151,0.289,0.334,0.222,0.093,0.145,0.283,0.329,0.216
1964,-0.069,-0.061,-0.042,-0.035,-0.051,0.302,0.352,0.482,0.546,0.422,-0.39,-0.301,-0.097,-0.04,-0.199,0.04,0.097,0.243,0.291,0.171,0.101,0.152,0.29,0.337,0.223
1965,-0.086,-0.076,-0.053,-0.044,-0.064,0.311,0.363,0.494,0.56,0.434,-0.396,-0.307,-0.1,-0.041,-0.204,0.03,0.09,0.238,0.288,0.166,0.107,0.159,0.298,0.344,0.23
1966,-0.044,-0.04,-0.027,-0.023,-0.033,0.32,0.374,0.508,0.573,0.446,-0.402,-0.313,-0.104,-0.043,-0.209,0.074,0.128,0.274,0.323,0.204,0.112,0.166,0.305,0.352,0.237
1967,-0.034,-0.03,-0.021,-0.017,-0.025,0.331,0.386,0.522,0.586,0.459,-0.409,-0.32,-0.107,-0.047,-0.214,0.09,0.145,0.291,0.338,0.22,0.12,0.173,0.314,0.362,0.245
1968,-0.014,-0.012,-0.008,-0.007,-0.01,0.341,0.398,0.537,0.602,0.472,-0.416,-0.326,-0.111,-0.051,-0.219,0.115,0.171,0.313,0.362,0.243,0.128,0.18,0.323,0.37,0.253
1969,0.006,0.007,0.01,0.011,0.008,0.354,0.41,0.552,0.617,0.486,-0.425,-0.332,-0.115,-0.053,-0.224,0.146,0.197,0.339,0.39,0.27,0.135,0.188,0.332,0.379,0.262
1970,0.016,0.019,0.027,0.031,0.023,0.365,0.422,0.568,0.633,0.5,-0.434,-0.339,-0.118,-0.055,-0.23,0.17,0.221,0.361,0.409,0.294,0.145,0.197,0.341,0.389,0.27
1971,0.015,0.017,0.025,0.028,0.021,0.377,0.435,0.584,0.65,0.515,-0.441,-0.346,-0.122,-0.059,-0.235,0.176,0.228,0.368,0.418,0.301,0.154,0.206,0.35,0.398,0.28
1972,0.019,0.022,0.032,0.036,0.027,0.39,0.449,0.601,0.667,0.53,-0.45,-0.354,-0.127,-0.063,-0.241,0.193,0.243,0.384,0.432,0.316,0.163,0.215,0.358,0.409,0.289
1973,0.027,0.032,0.046,0.052,0.039,0.403,0.463,0.618,0.686,0.545,-0.46,-0.361,-0.131,-0.066,-0.247,0.214,0.263,0.405,0.454,0.338,0.172,0.226,0.369,0.419,0.299
1974,0.029,0.034,0.05,0.056,0.042,0.416,0.478,0.635,0.705,0.561,-0.467,-0.368,-0.137,-0.071,-0.253,0.227,0.276,0.418,0.469,0.351,0.181,0.235,0.379,0.43,0.309
1975,0.011,0.013,0.018,0.02,0.015,0.43,0.492,0.652,0.722,0.578,-0.474,-0.375,-0.142,-0.074,-0.259,0.209,0.259,0.404,0.455,0.334,0.192,0.246,0.39,0.441,0.319
1976,0.012,0.015,0.021,0.024,0.018,0.444,0.506,0.67,0.742,0.594,-0.482,-0.383,-0.147,-0.079,-0.265,0.222,0.272,0.416,0.468,0.348,0.202,0.256,0.401,0.453,0.33
1977,0.021,0.025,0.036,0.041,0.031,0.458,0.521,0.69,0.761,0.612,-0.492,-0.39,-0.149,-0.084,-0.271,0.245,0.295,0.439,0.492,0.372,0.213,0.265,0.411,0.464,0.341
1978,0.032,0.039,0.056,0.063,0.047,0.472,0.536,0.71,0.781,0.629,-0.502,-0.398,-0.154,-0.089,-0.277,0.272,0.323,0.467,0.523,0.399,0.224,0.276,0.423,0.475,0.353
1979,0.043,0.051,0.074,0.084,0.062,0.486,0.553,0.73,0.802,0.647,-0.509,-0.405,-0.159,-0.093,-0.283,0.3,0.351,0.494,0.55,0.427,0.235,0.287,0.436,0.487,0.364
1980,0.049,0.058,0.084,0.094,0.07,0.501,0.568,0.75,0.823,0.666,-0.513,-0.412,-0.164,-0.096,-0.289,0.321,0.371,0.515,0.572,0.447,0.247,0.299,0.447,0.5,0.377
1981,0.051,0.06,0.087,0.098,0.073,0.516,0.585,0.77,0.844,0.684,-0.522,-0.419,-0.168,-0.097,-0.295,0.336,0.387,0.53,0.588,0.462,0.259,0.313,0.458,0.513,0.389
1982,0.033,0.04,0.057,0.064,0.048,0.533,0.603,0.791,0.866,0.703,-0.53,-0.424,-0.175,-0.1,-0.301,0.32,0.376,0.517,0.574,0.45,0.272,0.326,0.47,0.527,0.402
1983,-0.021,-0.019,-0.013,-0.011,-0.016,0.549,0.619,0.813,0.887,0.723,-0.536,-0.432,-0.18,-0.103,-0.307,0.267,0.323,0.47,0.525,0.399,0.285,0.34,0.483,0.54,0.415
1984,-0.042,-0.037,-0.026,-0.021,-0.031,0.565,0.637,0.834,0.912,0.742,-0.545,-0.44,-0.185,-0.106,-0.313,0.264,0.319,0.469,0.525,0.398,0.298,0.354,0.496,0.553,0.429
1985,-0.03,-0.027,-0.019,-0.016,-0.023,0.582,0.655,0.855,0.935,0.762,-0.554,-0.447,-0.19,-0.109,-0.319,0.287,0.342,0.49,0.548,0.42,0.312,0.369,0.511,0.569,0.443
1986,-0.022,-0.019,-0.013,-0.011,-0.016,0.599,0.673,0.878,0.96,0.782,-0.563,-0.456,-0.194,-0.111,-0.325,0.308,0.364,0.51,0.569,0.441,0.327,0.383,0.525,0.584,0.457
1987,-0.006,-0.005,-0.004,-0.003,-0.004,0.614,0.691,0.901,0.985,0.803,-0.57,-0.463,-0.196,-0.113,-0.33,0.337,0.394,0.536,0.596,0.468,0.342,0.398,0.54,0.599,0.472
1988,0.009,0.011,0.016,0.018,0.013,0.631,0.709,0.922,1.008,0.823,-0.577,-0.469,-0.199,-0.114,-0.336,0.372,0.426,0.569,0.628,0.501,0.358,0.412,0.556,0.616,0.487
1989,0.025,0.029,0.043,0.048,0.036,0.647,0.727,0.946,1.031,0.844,-0.588,-0.475,-0.205,-0.118,-0.341,0.41,0.464,0.606,0.666,0.538,0.373,0.427,0.572,0.632,0.503
1990,0.036,0.042,0.061,0.069,0.051,0.663,0.746,0.969,1.055,0.865,-0.593,-0.481,-0.21,-0.119,-0.346,0.441,0.495,0.638,0.698,0.57,0.39,0.442,0.588,0.648,0.519
1991,0.002,0.002,0.004,0.004,0.003,0.683,0.765,0.991,1.081,0.886,-0.597,-0.486,-0.213,-0.122,-0.351,0.41,0.461,0.607,0.668,0.538,0.406,0.458,0.604,0.665,0.535
1992,-0.185,-0.165,-0.114,-0.096,-0.138,0.701,0.784,1.014,1.107,0.907,-0.604,-0.491,-0.218,-0.125,-0.356,0.266,0.326,0.489,0.553,0.413,0.423,0.475,0.62,0.681,0.551
1993,-0.224,-0.199,-0.137,-0.115,-0.167,0.715,0.803,1.038,1.131,0.929,-0.614,-0.496,-0.223,-0.128,-0.361,0.25,0.311,0.481,0.542,0.401,0.439,0.492,0.637,0.699,0.568
1994,-0.177,-0.158,-0.109,-0.091,-0.132,0.732,0.822,1.061,1.157,0.95,-0.618,-0.502,-0.227,-0.13,-0.365,0.306,0.364,0.53,0.591,0.453,0.456,0.509,0.655,0.715,0.585
1995,-0.123,-0.11,-0.076,-0.064,-0.092,0.75,0.84,1.084,1.181,0.972,-0.623,-0.507,-0.23,-0.131,-0.369,0.37,0.428,0.585,0.647,0.511,0.473,0.527,0.673,0.734,0.603
1996,-0.077,-0.068,-0.047,-0.04,-0.057,0.767,0.859,1.108,1.206,0.993,-0.625,-0.512,-0.233,-0.131,-0.373,0.429,0.483,0.635,0.696,0.563,0.491,0.546,0.691,0.751,0.621
1997,-0.037,-0.033,-0.023,-0.019,-0.028,0.784,0.878,1.134,1.23,1.015,-0.629,-0.517,-0.235,-0.133,-0.376,0.479,0.533,0.681,0.743,0.611,0.508,0.564,0.708,0.769,0.639
1998,-0.001,-0.001,0,0,0,0.801,0.897,1.158,1.258,1.037,-0.634,-0.518,-0.238,-0.132,-0.379,0.527,0.583,0.727,0.786,0.657,0.528,0.583,0.728,0.787,0.657
1999,0.016,0.02,0.028,0.032,0.024,0.819,0.917,1.181,1.284,1.058,-0.639,-0.52,-0.242,-0.132,-0.382,0.572,0.626,0.77,0.831,0.7,0.547,0.601,0.747,0.806,0.676
2000,0.031,0.037,0.054,0.06,0.045,0.834,0.936,1.205,1.309,1.08,-0.642,-0.523,-0.244,-0.133,-0.385,0.614,0.665,0.81,0.872,0.74,0.566,0.621,0.766,0.827,0.695
2001,0.041,0.049,0.071,0.08,0.06,0.85,0.956,1.231,1.335,1.102,-0.648,-0.525,-0.243,-0.132,-0.387,0.649,0.699,0.843,0.906,0.774,0.581,0.64,0.785,0.847,0.715
2002,0.05,0.059,0.086,0.097,0.072,0.866,0.976,1.256,1.363,1.124,-0.653,-0.528,-0.243,-0.131,-0.389,0.678,0.73,0.877,0.936,0.807,0.602,0.659,0.805,0.865,0.734
2003,0.052,0.062,0.089,0.1,0.075,0.882,0.996,1.28,1.392,1.146,-0.658,-0.531,-0.243,-0.128,-0.391,0.701,0.751,0.899,0.958,0.829,0.623,0.678,0.825,0.884,0.754
2004,0.052,0.062,0.09,0.101,0.075,0.9,1.015,1.304,1.417,1.168,-0.66,-0.535,-0.245,-0.127,-0.393,0.723,0.772,0.92,0.978,0.85,0.643,0.699,0.846,0.903,0.775
2005,0.049,0.059,0.085,0.095,0.071,0.913,1.034,1.328,1.445,1.19,-0.668,-0.536,-0.246,-0.127,-0.394,0.74,0.788,0.936,0.992,0.867,0.663,0.719,0.866,0.922,0.795
2006,0.046,0.055,0.079,0.089,0.066,0.928,1.054,1.352,1.473,1.211,-0.67,-0.537,-0.247,-0.124,-0.395,0.757,0.804,0.951,1.008,0.883,0.684,0.74,0.888,0.944,0.816
2007,0.042,0.05,0.072,0.081,0.06,0.944,1.073,1.378,1.502,1.233,-0.674,-0.539,-0.245,-0.121,-0.396,0.772,0.82,0.968,1.027,0.898,0.704,0.76,0.909,0.965,0.838
2008,0.039,0.047,0.068,0.077,0.057,0.959,1.093,1.402,1.53,1.255,-0.676,-0.54,-0.245,-0.118,-0.396,0.788,0.837,0.987,1.045,0.916,0.726,0.781,0.931,0.99,0.859
2009,0.036,0.043,0.062,0.07,0.052,0.975,1.112,1.427,1.557,1.277,-0.678,-0.541,-0.24,-0.113,-0.396,0.804,0.854,1.005,1.061,0.933,0.747,0.802,0.954,1.011,0.881
2010,0.037,0.044,0.064,0.072,0.054,0.99,1.132,1.451,1.584,1.299,-0.677,-0.537,-0.239,-0.109,-0.396,0.824,0.877,1.03,1.088,0.957,0.768,0.823,0.977,1.036,0.903
2011,0.038,0.045,0.065,0.073,0.055,1.006,1.152,1.475,1.61,1.321,-0.679,-0.539,-0.237,-0.107,-0.396,0.844,0.899,1.054,1.11,0.98,0.787,0.844,1,1.059,0.926
2012,0.041,0.049,0.071,0.08,0.06,1.024,1.17,1.498,1.639,1.343,-0.68,-0.54,-0.234,-0.105,-0.395,0.869,0.924,1.083,1.139,1.008,0.805,0.867,1.022,1.08,0.948
2013,0.046,0.055,0.079,0.089,0.067,1.039,1.188,1.524,1.67,1.365,-0.678,-0.54,-0.233,-0.1,-0.394,0.898,0.954,1.113,1.17,1.038,0.828,0.889,1.045,1.102,0.971
2014,0.049,0.059,0.085,0.095,0.071,1.056,1.207,1.547,1.695,1.387,-0.682,-0.54,-0.229,-0.101,-0.393,0.923,0.981,1.142,1.199,1.065,0.848,0.912,1.069,1.125,0.994
2015,0.049,0.058,0.084,0.095,0.071,1.072,1.226,1.571,1.722,1.409,-0.68,-0.542,-0.227,-0.097,-0.392,0.945,1.003,1.167,1.223,1.088,0.869,0.933,1.093,1.151,1.018
2016,0.045,0.054,0.078,0.088,0.066,1.086,1.246,1.596,1.75,1.431,-0.684,-0.541,-0.224,-0.094,-0.39,0.961,1.02,1.186,1.241,1.107,0.89,0.954,1.118,1.178,1.041
2017,0.041,0.049,0.071,0.08,0.06,1.101,1.264,1.622,1.78,1.454,-0.686,-0.542,-0.22,-0.088,-0.389,0.974,1.036,1.204,1.263,1.125,0.912,0.977,1.142,1.205,1.065
2018,0.037,0.044,0.064,0.072,0.054,1.116,1.283,1.647,1.807,1.476,-0.686,-0.541,-0.214,-0.082,-0.387,0.988,1.055,1.223,1.285,1.143,0.932,1,1.169,1.232,1.089
2019,0.033,0.039,0.057,0.064,0.048,1.132,1.303,1.671,1.833,1.498,-0.686,-0.541,-0.206,-0.073,-0.384,1.003,1.072,1.243,1.309,1.161,0.953,1.023,1.195,1.261,1.113
2020,0.03,0.035,0.051,0.057,0.043,1.147,1.321,1.696,1.861,1.52,-0.688,-0.542,-0.203,-0.07,-0.382,1.018,1.09,1.262,1.331,1.18,0.975,1.047,1.222,1.289,1.138
2021,0.028,0.034,0.049,0.055,0.041,1.163,1.34,1.721,1.887,1.542,-0.686,-0.542,-0.198,-0.067,-0.38,1.039,1.111,1.289,1.357,1.203,0.999,1.07,1.249,1.318,1.162
2022,0.029,0.035,0.05,0.056,0.042,1.178,1.36,1.747,1.915,1.564,-0.683,-0.541,-0.195,-0.063,-0.377,1.062,1.135,1.318,1.386,1.229,1.02,1.092,1.275,1.346,1.187
