time,timebound_lower,timebound_upper,natural_p05,natural_p17,natural_p50,natural_p83,natural_p95,ghg_p05,ghg_p17,ghg_p50,ghg_p83,ghg_p95,other_human_forcing_p05,other_human_forcing_p17,other_human_forcing_p50,other_human_forcing_p83,other_human_forcing_p95,total_p05,total_p17,total_p50,total_p83,total_p95,anthropogenic_p05,anthropogenic_p17,anthropogenic_p50,anthropogenic_p83,anthropogenic_p95
1850.5,1850,1851,0.017,0.021,0.025,0.03,0.033,-0.17,-0.147,-0.113,-0.079,-0.053,0.018,0.052,0.1,0.146,0.183,-0.051,-0.023,0.013,0.048,0.078,-0.076,-0.048,-0.012,0.023,0.052
1851.5,1851,1852,0.023,0.027,0.033,0.039,0.044,-0.162,-0.14,-0.108,-0.077,-0.052,0.018,0.051,0.096,0.14,0.175,-0.039,-0.013,0.021,0.055,0.083,-0.073,-0.046,-0.012,0.021,0.049
1852.5,1852,1853,0.027,0.032,0.039,0.046,0.052,-0.155,-0.134,-0.104,-0.074,-0.051,0.018,0.049,0.092,0.134,0.167,-0.031,-0.006,0.027,0.06,0.086,-0.069,-0.044,-0.012,0.02,0.047
1853.5,1853,1854,0.019,0.022,0.027,0.032,0.036,-0.147,-0.128,-0.1,-0.071,-0.05,0.018,0.048,0.089,0.127,0.158,-0.039,-0.014,0.016,0.046,0.072,-0.065,-0.042,-0.011,0.018,0.044
1854.5,1854,1855,0.01,0.012,0.014,0.017,0.019,-0.14,-0.122,-0.095,-0.068,-0.049,0.018,0.046,0.085,0.121,0.151,-0.048,-0.026,0.003,0.031,0.057,-0.062,-0.039,-0.011,0.017,0.041
1855.5,1855,1856,0.011,0.013,0.015,0.018,0.021,-0.132,-0.116,-0.091,-0.066,-0.048,0.019,0.045,0.081,0.115,0.143,-0.043,-0.022,0.005,0.032,0.055,-0.059,-0.037,-0.01,0.015,0.039
1856.5,1856,1857,0.012,0.014,0.017,0.02,0.023,-0.125,-0.11,-0.087,-0.063,-0.047,0.019,0.043,0.077,0.109,0.135,-0.038,-0.018,0.007,0.032,0.054,-0.055,-0.035,-0.01,0.014,0.037
1857.5,1857,1858,0.002,0.003,0.003,0.004,0.005,-0.117,-0.104,-0.082,-0.061,-0.045,0.019,0.041,0.073,0.103,0.127,-0.049,-0.03,-0.006,0.017,0.037,-0.052,-0.033,-0.01,0.013,0.034
1858.5,1858,1859,0.005,0.006,0.007,0.008,0.009,-0.11,-0.097,-0.078,-0.058,-0.044,0.019,0.04,0.069,0.096,0.119,-0.042,-0.024,-0.002,0.02,0.039,-0.049,-0.031,-0.009,0.012,0.031
1859.5,1859,1860,0.012,0.014,0.017,0.021,0.023,-0.102,-0.091,-0.073,-0.055,-0.042,0.018,0.038,0.065,0.09,0.111,-0.028,-0.012,0.009,0.029,0.046,-0.045,-0.029,-0.009,0.011,0.029
1860.5,1860,1861,0.02,0.024,0.029,0.034,0.038,-0.095,-0.085,-0.069,-0.052,-0.041,0.018,0.036,0.06,0.084,0.103,-0.013,0.001,0.02,0.04,0.055,-0.041,-0.027,-0.008,0.01,0.026
1861.5,1861,1862,0.022,0.026,0.031,0.037,0.042,-0.088,-0.079,-0.064,-0.049,-0.039,0.017,0.034,0.056,0.078,0.095,-0.007,0.005,0.023,0.042,0.056,-0.038,-0.025,-0.008,0.009,0.023
1862.5,1862,1863,-0.05,-0.045,-0.038,-0.031,-0.026,-0.08,-0.072,-0.06,-0.046,-0.038,0.017,0.032,0.052,0.072,0.087,-0.074,-0.062,-0.045,-0.029,-0.016,-0.034,-0.023,-0.008,0.008,0.021
1863.5,1863,1864,-0.076,-0.067,-0.057,-0.047,-0.039,-0.073,-0.066,-0.055,-0.043,-0.036,0.016,0.03,0.048,0.066,0.079,-0.094,-0.082,-0.064,-0.047,-0.034,-0.031,-0.021,-0.007,0.007,0.019
1864.5,1864,1865,-0.058,-0.052,-0.044,-0.036,-0.03,-0.066,-0.06,-0.051,-0.04,-0.034,0.015,0.027,0.044,0.06,0.072,-0.076,-0.066,-0.05,-0.036,-0.024,-0.028,-0.019,-0.007,0.006,0.016
1865.5,1865,1866,-0.033,-0.029,-0.024,-0.02,-0.017,-0.06,-0.054,-0.046,-0.038,-0.032,0.015,0.025,0.04,0.054,0.065,-0.051,-0.043,-0.031,-0.018,-0.01,-0.025,-0.017,-0.006,0.005,0.014
1866.5,1866,1867,-0.009,-0.008,-0.007,-0.006,-0.005,-0.053,-0.048,-0.042,-0.034,-0.03,0.014,0.023,0.036,0.047,0.057,-0.03,-0.023,-0.013,-0.002,0.005,-0.022,-0.016,-0.006,0.004,0.012
1867.5,1867,1868,0.005,0.006,0.007,0.008,0.009,-0.046,-0.042,-0.037,-0.031,-0.027,0.013,0.021,0.032,0.042,0.049,-0.013,-0.007,0.001,0.011,0.018,-0.02,-0.014,-0.005,0.003,0.011
1868.5,1868,1869,0.013,0.015,0.019,0.022,0.025,-0.04,-0.037,-0.032,-0.027,-0.024,0.012,0.018,0.027,0.036,0.042,0,0.005,0.014,0.023,0.029,-0.017,-0.012,-0.005,0.003,0.009
1869.5,1869,1870,0.02,0.024,0.03,0.035,0.039,-0.035,-0.032,-0.028,-0.023,-0.02,0.011,0.016,0.023,0.03,0.035,0.01,0.016,0.025,0.034,0.041,-0.015,-0.011,-0.004,0.003,0.007
1870.5,1870,1871,0.026,0.031,0.038,0.045,0.051,-0.03,-0.027,-0.023,-0.019,-0.015,0.008,0.013,0.019,0.025,0.029,0.018,0.025,0.034,0.044,0.052,-0.013,-0.009,-0.004,0.002,0.007
1871.5,1871,1872,0.032,0.038,0.046,0.055,0.061,-0.027,-0.023,-0.018,-0.013,-0.01,0.006,0.01,0.015,0.02,0.024,0.025,0.032,0.043,0.053,0.061,-0.012,-0.008,-0.003,0.002,0.006
1872.5,1872,1873,0.036,0.042,0.051,0.061,0.068,-0.023,-0.019,-0.014,-0.008,-0.004,0.002,0.006,0.011,0.016,0.02,0.03,0.037,0.048,0.06,0.068,-0.011,-0.007,-0.003,0.002,0.006
1873.5,1873,1874,0.024,0.029,0.035,0.042,0.047,-0.02,-0.015,-0.009,-0.002,0.002,-0.003,0.001,0.007,0.012,0.017,0.019,0.024,0.033,0.042,0.048,-0.011,-0.007,-0.002,0.003,0.006
1874.5,1874,1875,0.023,0.028,0.033,0.04,0.045,-0.017,-0.011,-0.004,0.003,0.008,-0.009,-0.004,0.003,0.009,0.014,0.018,0.023,0.032,0.04,0.046,-0.011,-0.007,-0.002,0.004,0.007
1875.5,1875,1876,0.022,0.027,0.032,0.038,0.043,-0.014,-0.007,0,0.008,0.015,-0.016,-0.009,-0.001,0.006,0.011,0.016,0.022,0.031,0.04,0.046,-0.011,-0.007,-0.001,0.005,0.009
1876.5,1876,1877,0.022,0.026,0.032,0.038,0.042,-0.011,-0.004,0.005,0.014,0.021,-0.021,-0.014,-0.006,0.003,0.009,0.016,0.022,0.031,0.041,0.047,-0.012,-0.007,-0.001,0.006,0.012
1877.5,1877,1878,0.024,0.029,0.035,0.041,0.047,-0.007,0,0.009,0.019,0.026,-0.028,-0.019,-0.01,0.001,0.007,0.018,0.025,0.035,0.045,0.052,-0.013,-0.007,0,0.007,0.014
1878.5,1878,1879,0.026,0.031,0.038,0.045,0.051,-0.004,0.004,0.014,0.025,0.032,-0.035,-0.025,-0.014,-0.002,0.005,0.019,0.028,0.039,0.05,0.058,-0.015,-0.008,0,0.009,0.016
1879.5,1879,1880,0.029,0.034,0.041,0.049,0.055,-0.001,0.008,0.019,0.03,0.038,-0.041,-0.03,-0.018,-0.004,0.003,0.022,0.03,0.042,0.055,0.063,-0.016,-0.008,0.001,0.01,0.018
1880.5,1880,1881,0.029,0.034,0.041,0.049,0.055,0.003,0.012,0.023,0.035,0.043,-0.048,-0.035,-0.022,-0.007,0.001,0.021,0.03,0.043,0.057,0.065,-0.017,-0.008,0.002,0.012,0.02
1881.5,1881,1882,0.03,0.036,0.043,0.051,0.058,0.006,0.015,0.028,0.04,0.049,-0.053,-0.04,-0.026,-0.01,0,0.022,0.032,0.045,0.06,0.068,-0.018,-0.009,0.002,0.013,0.022
1882.5,1882,1883,0.033,0.04,0.048,0.057,0.064,0.009,0.02,0.032,0.045,0.054,-0.059,-0.046,-0.03,-0.013,-0.002,0.025,0.036,0.051,0.067,0.076,-0.019,-0.009,0.003,0.015,0.024
1883.5,1883,1884,0.002,0.002,0.003,0.003,0.004,0.013,0.024,0.037,0.05,0.06,-0.064,-0.05,-0.034,-0.016,-0.003,-0.016,-0.006,0.006,0.019,0.03,-0.02,-0.009,0.004,0.016,0.026
1884.5,1884,1885,-0.228,-0.203,-0.17,-0.141,-0.118,0.017,0.028,0.042,0.056,0.065,-0.071,-0.055,-0.037,-0.018,-0.006,-0.228,-0.2,-0.166,-0.133,-0.106,-0.021,-0.009,0.004,0.018,0.029
1885.5,1885,1886,-0.258,-0.23,-0.193,-0.159,-0.134,0.022,0.032,0.046,0.06,0.07,-0.075,-0.06,-0.041,-0.021,-0.008,-0.259,-0.226,-0.188,-0.151,-0.121,-0.021,-0.009,0.005,0.019,0.031
1886.5,1886,1887,-0.214,-0.19,-0.16,-0.132,-0.111,0.026,0.036,0.051,0.065,0.074,-0.081,-0.065,-0.045,-0.024,-0.01,-0.216,-0.188,-0.154,-0.122,-0.096,-0.022,-0.009,0.006,0.021,0.033
1887.5,1887,1888,-0.174,-0.155,-0.13,-0.107,-0.09,0.029,0.04,0.055,0.07,0.079,-0.086,-0.07,-0.049,-0.027,-0.011,-0.179,-0.154,-0.124,-0.095,-0.074,-0.024,-0.01,0.006,0.023,0.035
1888.5,1888,1889,-0.124,-0.111,-0.093,-0.077,-0.064,0.034,0.044,0.06,0.075,0.083,-0.091,-0.074,-0.053,-0.03,-0.014,-0.13,-0.11,-0.086,-0.062,-0.044,-0.024,-0.01,0.007,0.024,0.036
1889.5,1889,1890,-0.08,-0.071,-0.06,-0.049,-0.042,0.038,0.048,0.064,0.079,0.088,-0.097,-0.079,-0.056,-0.033,-0.016,-0.091,-0.073,-0.052,-0.031,-0.017,-0.025,-0.01,0.008,0.025,0.038
1890.5,1890,1891,-0.061,-0.054,-0.045,-0.037,-0.031,0.042,0.052,0.069,0.084,0.093,-0.101,-0.083,-0.06,-0.036,-0.019,-0.075,-0.057,-0.037,-0.017,-0.002,-0.025,-0.01,0.008,0.026,0.04
1891.5,1891,1892,-0.064,-0.057,-0.048,-0.04,-0.033,0.047,0.057,0.073,0.088,0.098,-0.106,-0.087,-0.064,-0.039,-0.021,-0.078,-0.061,-0.039,-0.018,-0.003,-0.025,-0.01,0.009,0.028,0.042
1892.5,1892,1893,-0.042,-0.037,-0.031,-0.026,-0.022,0.051,0.061,0.077,0.092,0.102,-0.112,-0.092,-0.067,-0.042,-0.023,-0.059,-0.043,-0.021,-0.001,0.015,-0.026,-0.01,0.01,0.029,0.044
1893.5,1893,1894,-0.009,-0.008,-0.007,-0.005,-0.005,0.056,0.066,0.082,0.097,0.107,-0.118,-0.096,-0.071,-0.044,-0.025,-0.033,-0.017,0.004,0.024,0.039,-0.027,-0.01,0.011,0.031,0.046
1894.5,1894,1895,0.01,0.012,0.015,0.018,0.02,0.06,0.07,0.086,0.101,0.111,-0.123,-0.1,-0.075,-0.048,-0.028,-0.012,0.004,0.027,0.048,0.063,-0.027,-0.011,0.012,0.032,0.047
1895.5,1895,1896,0.021,0.025,0.03,0.035,0.04,0.064,0.075,0.091,0.105,0.116,-0.126,-0.104,-0.078,-0.05,-0.031,0.004,0.019,0.042,0.065,0.08,-0.028,-0.01,0.013,0.034,0.049
1896.5,1896,1897,0.027,0.032,0.039,0.046,0.052,0.068,0.079,0.095,0.109,0.12,-0.13,-0.108,-0.082,-0.053,-0.034,0.011,0.027,0.052,0.076,0.092,-0.028,-0.01,0.013,0.035,0.051
1897.5,1897,1898,0.031,0.036,0.044,0.053,0.059,0.073,0.084,0.1,0.114,0.125,-0.134,-0.112,-0.085,-0.056,-0.036,0.016,0.033,0.059,0.083,0.099,-0.029,-0.01,0.014,0.037,0.053
1898.5,1898,1899,0.033,0.039,0.048,0.057,0.064,0.077,0.088,0.104,0.118,0.129,-0.138,-0.115,-0.089,-0.059,-0.038,0.019,0.037,0.063,0.088,0.105,-0.029,-0.009,0.015,0.039,0.055
1899.5,1899,1900,0.035,0.041,0.05,0.059,0.067,0.082,0.092,0.109,0.123,0.133,-0.142,-0.119,-0.092,-0.062,-0.041,0.021,0.039,0.066,0.091,0.109,-0.029,-0.009,0.016,0.04,0.057
1900.5,1900,1901,0.035,0.042,0.051,0.061,0.068,0.086,0.097,0.113,0.127,0.138,-0.146,-0.124,-0.095,-0.065,-0.043,0.023,0.041,0.069,0.094,0.112,-0.03,-0.008,0.018,0.042,0.059
1901.5,1901,1902,0.036,0.042,0.051,0.061,0.069,0.09,0.101,0.117,0.131,0.143,-0.149,-0.127,-0.099,-0.068,-0.046,0.023,0.042,0.07,0.096,0.115,-0.03,-0.008,0.019,0.043,0.061
1902.5,1902,1903,0.029,0.035,0.042,0.05,0.056,0.094,0.105,0.122,0.136,0.148,-0.153,-0.131,-0.102,-0.071,-0.049,0.014,0.034,0.062,0.088,0.108,-0.03,-0.007,0.02,0.045,0.064
1903.5,1903,1904,-0.052,-0.046,-0.039,-0.032,-0.027,0.098,0.109,0.126,0.14,0.152,-0.157,-0.135,-0.105,-0.074,-0.052,-0.072,-0.047,-0.018,0.01,0.029,-0.029,-0.007,0.021,0.047,0.066
1904.5,1904,1905,-0.074,-0.066,-0.055,-0.046,-0.038,0.102,0.113,0.131,0.146,0.157,-0.16,-0.138,-0.108,-0.077,-0.055,-0.089,-0.064,-0.033,-0.002,0.016,-0.029,-0.006,0.022,0.05,0.069
1905.5,1905,1906,-0.05,-0.044,-0.037,-0.031,-0.026,0.106,0.117,0.135,0.15,0.163,-0.164,-0.142,-0.111,-0.08,-0.057,-0.069,-0.044,-0.013,0.016,0.034,-0.029,-0.006,0.024,0.052,0.071
1906.5,1906,1907,-0.016,-0.014,-0.012,-0.01,-0.008,0.109,0.121,0.14,0.156,0.168,-0.168,-0.145,-0.114,-0.082,-0.059,-0.041,-0.017,0.014,0.042,0.061,-0.029,-0.005,0.025,0.054,0.073
1907.5,1907,1908,-0.006,-0.005,-0.004,-0.004,-0.003,0.112,0.125,0.144,0.161,0.173,-0.173,-0.147,-0.117,-0.085,-0.061,-0.033,-0.009,0.022,0.052,0.071,-0.028,-0.004,0.027,0.056,0.076
1908.5,1908,1909,0.006,0.007,0.008,0.01,0.011,0.116,0.129,0.148,0.166,0.179,-0.177,-0.15,-0.12,-0.087,-0.064,-0.02,0.005,0.037,0.065,0.086,-0.028,-0.003,0.028,0.058,0.079
1909.5,1909,1910,0.015,0.018,0.022,0.026,0.03,0.119,0.133,0.153,0.171,0.184,-0.18,-0.153,-0.123,-0.089,-0.067,-0.005,0.02,0.052,0.082,0.103,-0.027,-0.002,0.03,0.06,0.081
1910.5,1910,1911,0.022,0.026,0.032,0.038,0.043,0.121,0.136,0.157,0.176,0.19,-0.185,-0.156,-0.125,-0.092,-0.069,0.006,0.03,0.064,0.094,0.116,-0.027,-0.001,0.032,0.062,0.083
1911.5,1911,1912,0.026,0.031,0.038,0.045,0.05,0.124,0.14,0.162,0.181,0.195,-0.187,-0.158,-0.128,-0.093,-0.071,0.013,0.038,0.071,0.102,0.124,-0.026,0,0.034,0.064,0.085
1912.5,1912,1913,0,0,0,0,0,0.127,0.143,0.166,0.186,0.202,-0.19,-0.162,-0.13,-0.096,-0.073,-0.025,0.001,0.035,0.067,0.088,-0.025,0.001,0.036,0.067,0.088
1913.5,1913,1914,-0.046,-0.041,-0.035,-0.028,-0.024,0.129,0.147,0.17,0.191,0.207,-0.194,-0.164,-0.133,-0.097,-0.075,-0.06,-0.035,0.003,0.036,0.057,-0.024,0.002,0.037,0.069,0.091
1914.5,1914,1915,-0.038,-0.034,-0.028,-0.023,-0.02,0.132,0.151,0.174,0.197,0.214,-0.198,-0.167,-0.135,-0.098,-0.076,-0.053,-0.026,0.011,0.045,0.065,-0.023,0.002,0.039,0.072,0.093
1915.5,1915,1916,-0.008,-0.007,-0.006,-0.005,-0.004,0.134,0.154,0.179,0.202,0.22,-0.202,-0.171,-0.137,-0.099,-0.077,-0.029,-0.002,0.035,0.068,0.09,-0.022,0.004,0.042,0.074,0.097
1916.5,1916,1917,0.011,0.013,0.016,0.019,0.021,0.137,0.157,0.183,0.207,0.226,-0.207,-0.174,-0.139,-0.101,-0.078,-0.005,0.022,0.06,0.093,0.116,-0.021,0.005,0.044,0.077,0.1
1917.5,1917,1918,0.024,0.029,0.035,0.042,0.047,0.139,0.16,0.187,0.213,0.233,-0.211,-0.177,-0.141,-0.103,-0.078,0.016,0.044,0.081,0.114,0.138,-0.021,0.006,0.046,0.079,0.103
1918.5,1918,1919,0.035,0.041,0.05,0.06,0.067,0.141,0.164,0.191,0.218,0.238,-0.215,-0.18,-0.143,-0.103,-0.078,0.033,0.061,0.098,0.132,0.156,-0.019,0.008,0.048,0.082,0.107
1919.5,1919,1920,0.041,0.048,0.058,0.07,0.078,0.143,0.167,0.195,0.223,0.243,-0.219,-0.183,-0.145,-0.105,-0.077,0.042,0.07,0.109,0.143,0.168,-0.018,0.009,0.05,0.085,0.109
1920.5,1920,1921,0.043,0.051,0.062,0.074,0.083,0.145,0.17,0.199,0.228,0.249,-0.222,-0.186,-0.147,-0.107,-0.078,0.047,0.076,0.115,0.149,0.176,-0.016,0.01,0.053,0.088,0.113
1921.5,1921,1922,0.044,0.052,0.063,0.075,0.084,0.147,0.173,0.203,0.232,0.255,-0.226,-0.189,-0.148,-0.108,-0.078,0.049,0.079,0.118,0.153,0.18,-0.014,0.013,0.055,0.091,0.116
1922.5,1922,1923,0.037,0.044,0.053,0.063,0.071,0.15,0.176,0.207,0.237,0.26,-0.228,-0.191,-0.15,-0.109,-0.078,0.04,0.07,0.11,0.146,0.171,-0.013,0.014,0.057,0.094,0.119
1923.5,1923,1924,0.033,0.039,0.048,0.057,0.064,0.152,0.179,0.211,0.242,0.267,-0.23,-0.194,-0.151,-0.109,-0.078,0.037,0.067,0.108,0.144,0.171,-0.012,0.015,0.06,0.097,0.123
1924.5,1924,1925,0.036,0.042,0.051,0.061,0.069,0.155,0.181,0.215,0.246,0.273,-0.234,-0.197,-0.153,-0.11,-0.077,0.043,0.072,0.114,0.15,0.178,-0.01,0.017,0.062,0.1,0.127
1925.5,1925,1926,0.039,0.046,0.056,0.067,0.075,0.157,0.184,0.219,0.251,0.279,-0.237,-0.2,-0.154,-0.11,-0.076,0.05,0.079,0.121,0.158,0.186,-0.009,0.02,0.065,0.103,0.131
1926.5,1926,1927,0.043,0.051,0.062,0.074,0.083,0.16,0.187,0.223,0.256,0.284,-0.24,-0.203,-0.155,-0.11,-0.075,0.057,0.087,0.13,0.167,0.196,-0.008,0.022,0.068,0.106,0.136
1927.5,1927,1928,0.048,0.057,0.069,0.083,0.093,0.162,0.19,0.227,0.261,0.29,-0.243,-0.206,-0.156,-0.11,-0.074,0.065,0.097,0.139,0.178,0.207,-0.006,0.024,0.07,0.11,0.139
1928.5,1928,1929,0.049,0.059,0.071,0.085,0.095,0.165,0.193,0.23,0.265,0.295,-0.246,-0.208,-0.157,-0.11,-0.073,0.068,0.1,0.144,0.182,0.213,-0.004,0.025,0.073,0.113,0.144
1929.5,1929,1930,0.04,0.047,0.057,0.068,0.076,0.167,0.195,0.234,0.27,0.3,-0.249,-0.21,-0.159,-0.11,-0.072,0.055,0.088,0.133,0.171,0.202,-0.003,0.027,0.075,0.116,0.147
1930.5,1930,1931,0.044,0.052,0.063,0.075,0.084,0.169,0.198,0.238,0.274,0.304,-0.253,-0.212,-0.159,-0.109,-0.072,0.063,0.096,0.141,0.18,0.212,0,0.03,0.078,0.119,0.151
1931.5,1931,1932,0.046,0.054,0.066,0.078,0.088,0.171,0.201,0.241,0.278,0.309,-0.255,-0.214,-0.16,-0.108,-0.072,0.067,0.1,0.147,0.186,0.219,0,0.032,0.081,0.123,0.154
1932.5,1932,1933,0.037,0.044,0.053,0.063,0.071,0.173,0.203,0.245,0.283,0.314,-0.259,-0.217,-0.161,-0.108,-0.071,0.056,0.088,0.136,0.177,0.211,0.001,0.034,0.084,0.126,0.158
1933.5,1933,1934,0.036,0.043,0.053,0.063,0.07,0.176,0.206,0.249,0.287,0.319,-0.262,-0.218,-0.162,-0.107,-0.07,0.056,0.089,0.139,0.18,0.214,0.003,0.036,0.086,0.13,0.163
1934.5,1934,1935,0.039,0.047,0.057,0.067,0.076,0.178,0.209,0.252,0.292,0.324,-0.267,-0.221,-0.163,-0.107,-0.068,0.062,0.096,0.146,0.187,0.221,0.005,0.038,0.089,0.134,0.166
1935.5,1935,1936,0.043,0.051,0.062,0.074,0.083,0.182,0.211,0.256,0.297,0.33,-0.271,-0.222,-0.164,-0.107,-0.068,0.07,0.104,0.154,0.196,0.231,0.007,0.04,0.092,0.137,0.169
1936.5,1936,1937,0.05,0.059,0.072,0.086,0.096,0.185,0.215,0.26,0.301,0.336,-0.274,-0.224,-0.165,-0.106,-0.067,0.082,0.116,0.167,0.209,0.244,0.008,0.042,0.095,0.14,0.174
1937.5,1937,1938,0.055,0.066,0.08,0.095,0.107,0.186,0.218,0.264,0.306,0.341,-0.277,-0.227,-0.166,-0.106,-0.067,0.091,0.126,0.178,0.22,0.256,0.009,0.044,0.098,0.143,0.178
1938.5,1938,1939,0.059,0.07,0.085,0.101,0.113,0.189,0.221,0.268,0.31,0.346,-0.279,-0.229,-0.167,-0.105,-0.067,0.099,0.134,0.186,0.229,0.264,0.012,0.047,0.101,0.147,0.182
1939.5,1939,1940,0.061,0.073,0.088,0.105,0.118,0.192,0.223,0.272,0.315,0.353,-0.282,-0.232,-0.168,-0.105,-0.066,0.105,0.141,0.193,0.236,0.273,0.014,0.049,0.104,0.15,0.187
1940.5,1940,1941,0.062,0.074,0.09,0.107,0.12,0.195,0.227,0.276,0.319,0.358,-0.286,-0.234,-0.169,-0.104,-0.063,0.108,0.144,0.197,0.241,0.279,0.017,0.052,0.107,0.154,0.192
1941.5,1941,1942,0.062,0.073,0.089,0.106,0.119,0.198,0.231,0.281,0.324,0.363,-0.291,-0.237,-0.17,-0.105,-0.061,0.11,0.147,0.199,0.244,0.283,0.018,0.055,0.11,0.158,0.196
1942.5,1942,1943,0.06,0.072,0.087,0.103,0.116,0.202,0.236,0.285,0.329,0.369,-0.294,-0.24,-0.171,-0.106,-0.061,0.109,0.148,0.2,0.247,0.283,0.02,0.058,0.114,0.163,0.2
1943.5,1943,1944,0.058,0.069,0.083,0.099,0.112,0.205,0.239,0.29,0.334,0.374,-0.297,-0.243,-0.173,-0.106,-0.061,0.108,0.147,0.2,0.248,0.284,0.022,0.059,0.117,0.167,0.205
1944.5,1944,1945,0.057,0.067,0.081,0.097,0.109,0.209,0.242,0.295,0.34,0.38,-0.302,-0.245,-0.174,-0.106,-0.06,0.108,0.148,0.202,0.25,0.288,0.024,0.063,0.12,0.171,0.21
1945.5,1945,1946,0.058,0.069,0.083,0.099,0.111,0.213,0.246,0.3,0.346,0.386,-0.307,-0.249,-0.176,-0.106,-0.06,0.112,0.152,0.207,0.256,0.293,0.025,0.066,0.124,0.175,0.214
1946.5,1946,1947,0.06,0.071,0.086,0.103,0.116,0.217,0.252,0.305,0.351,0.393,-0.311,-0.251,-0.177,-0.106,-0.059,0.118,0.158,0.214,0.263,0.3,0.027,0.069,0.128,0.179,0.218
1947.5,1947,1948,0.065,0.077,0.093,0.111,0.125,0.221,0.257,0.31,0.357,0.4,-0.316,-0.254,-0.179,-0.106,-0.059,0.127,0.167,0.225,0.275,0.312,0.03,0.073,0.131,0.183,0.222
1948.5,1948,1949,0.069,0.082,0.1,0.119,0.133,0.225,0.262,0.316,0.364,0.407,-0.321,-0.258,-0.181,-0.106,-0.059,0.136,0.178,0.235,0.286,0.324,0.033,0.076,0.135,0.188,0.226
1949.5,1949,1950,0.072,0.085,0.104,0.123,0.138,0.23,0.267,0.322,0.369,0.415,-0.325,-0.26,-0.183,-0.107,-0.059,0.143,0.185,0.243,0.294,0.334,0.035,0.079,0.139,0.193,0.232
1950.5,1950,1951,0.072,0.085,0.103,0.123,0.138,0.234,0.274,0.328,0.376,0.423,-0.33,-0.264,-0.185,-0.108,-0.06,0.147,0.188,0.247,0.299,0.339,0.038,0.082,0.143,0.198,0.237
1951.5,1951,1952,0.069,0.082,0.099,0.118,0.132,0.24,0.28,0.335,0.384,0.431,-0.335,-0.268,-0.187,-0.109,-0.06,0.146,0.187,0.247,0.3,0.34,0.041,0.086,0.148,0.203,0.243
1952.5,1952,1953,0.066,0.079,0.096,0.114,0.128,0.245,0.285,0.342,0.391,0.439,-0.339,-0.272,-0.19,-0.111,-0.061,0.147,0.186,0.248,0.302,0.341,0.045,0.09,0.152,0.209,0.249
1953.5,1953,1954,0.064,0.076,0.092,0.109,0.123,0.252,0.292,0.349,0.399,0.447,-0.344,-0.276,-0.192,-0.112,-0.062,0.146,0.185,0.248,0.303,0.345,0.049,0.093,0.157,0.214,0.255
1954.5,1954,1955,0.062,0.073,0.089,0.106,0.119,0.259,0.299,0.356,0.407,0.456,-0.349,-0.279,-0.195,-0.113,-0.063,0.146,0.186,0.25,0.306,0.348,0.053,0.098,0.161,0.219,0.26
1955.5,1955,1956,0.062,0.074,0.089,0.106,0.12,0.265,0.305,0.364,0.415,0.466,-0.355,-0.283,-0.198,-0.114,-0.065,0.15,0.191,0.256,0.312,0.356,0.057,0.102,0.166,0.225,0.267
1956.5,1956,1957,0.066,0.079,0.096,0.114,0.128,0.272,0.313,0.373,0.424,0.475,-0.361,-0.288,-0.201,-0.116,-0.066,0.162,0.202,0.267,0.323,0.368,0.06,0.107,0.171,0.231,0.273
1957.5,1957,1958,0.073,0.087,0.106,0.126,0.141,0.28,0.321,0.381,0.433,0.486,-0.367,-0.292,-0.205,-0.118,-0.069,0.177,0.216,0.282,0.34,0.385,0.063,0.111,0.177,0.236,0.282
1958.5,1958,1959,0.079,0.094,0.114,0.136,0.152,0.287,0.329,0.39,0.444,0.497,-0.373,-0.296,-0.208,-0.12,-0.07,0.19,0.23,0.296,0.355,0.399,0.067,0.116,0.182,0.242,0.29
1959.5,1959,1960,0.081,0.097,0.117,0.14,0.157,0.295,0.337,0.4,0.453,0.508,-0.38,-0.303,-0.212,-0.122,-0.071,0.199,0.239,0.305,0.364,0.41,0.072,0.121,0.188,0.25,0.295
1960.5,1960,1961,0.082,0.097,0.118,0.141,0.158,0.303,0.346,0.41,0.464,0.52,-0.386,-0.308,-0.216,-0.124,-0.072,0.204,0.246,0.312,0.372,0.419,0.077,0.127,0.194,0.257,0.303
1961.5,1961,1962,0.079,0.094,0.114,0.135,0.152,0.311,0.355,0.42,0.476,0.532,-0.393,-0.314,-0.22,-0.127,-0.074,0.205,0.246,0.314,0.374,0.422,0.082,0.133,0.2,0.264,0.309
1962.5,1962,1963,0.064,0.076,0.093,0.11,0.124,0.319,0.366,0.431,0.488,0.546,-0.399,-0.319,-0.224,-0.13,-0.076,0.19,0.233,0.3,0.359,0.408,0.088,0.139,0.207,0.271,0.316
1963.5,1963,1964,0.004,0.005,0.006,0.007,0.008,0.327,0.376,0.443,0.501,0.559,-0.406,-0.325,-0.229,-0.132,-0.079,0.1,0.151,0.22,0.284,0.328,0.094,0.146,0.214,0.279,0.324
1964.5,1964,1965,-0.069,-0.061,-0.052,-0.043,-0.036,0.337,0.387,0.455,0.514,0.572,-0.413,-0.331,-0.234,-0.135,-0.081,0.043,0.098,0.169,0.237,0.284,0.102,0.153,0.221,0.286,0.331
1965.5,1965,1966,-0.086,-0.077,-0.064,-0.053,-0.045,0.349,0.399,0.467,0.528,0.586,-0.421,-0.337,-0.239,-0.139,-0.084,0.035,0.092,0.164,0.232,0.281,0.11,0.16,0.228,0.294,0.34
1966.5,1966,1967,-0.045,-0.04,-0.033,-0.028,-0.023,0.359,0.41,0.48,0.542,0.599,-0.43,-0.342,-0.244,-0.142,-0.087,0.075,0.131,0.203,0.27,0.315,0.116,0.167,0.236,0.302,0.348
1967.5,1967,1968,-0.034,-0.03,-0.025,-0.021,-0.017,0.37,0.423,0.493,0.556,0.615,-0.438,-0.35,-0.249,-0.147,-0.09,0.093,0.147,0.219,0.286,0.332,0.122,0.175,0.244,0.311,0.356
1968.5,1968,1969,-0.014,-0.012,-0.01,-0.008,-0.007,0.381,0.435,0.507,0.572,0.63,-0.444,-0.357,-0.255,-0.151,-0.093,0.118,0.172,0.242,0.309,0.355,0.129,0.182,0.252,0.32,0.365
1969.5,1969,1970,0.006,0.007,0.008,0.01,0.011,0.392,0.448,0.522,0.587,0.646,-0.451,-0.364,-0.261,-0.155,-0.095,0.15,0.2,0.269,0.336,0.382,0.138,0.191,0.261,0.328,0.375
1970.5,1970,1971,0.016,0.019,0.023,0.028,0.031,0.404,0.461,0.536,0.603,0.662,-0.46,-0.37,-0.266,-0.16,-0.099,0.175,0.223,0.293,0.357,0.405,0.148,0.2,0.27,0.337,0.384
1971.5,1971,1972,0.015,0.018,0.021,0.025,0.028,0.417,0.475,0.552,0.619,0.679,-0.469,-0.378,-0.272,-0.165,-0.103,0.181,0.23,0.301,0.365,0.413,0.158,0.209,0.279,0.347,0.394
1972.5,1972,1973,0.019,0.023,0.027,0.033,0.037,0.43,0.489,0.568,0.636,0.697,-0.475,-0.386,-0.279,-0.171,-0.108,0.198,0.245,0.316,0.382,0.429,0.168,0.219,0.289,0.357,0.405
1973.5,1973,1974,0.027,0.032,0.039,0.047,0.053,0.444,0.505,0.584,0.654,0.716,-0.483,-0.393,-0.285,-0.176,-0.112,0.22,0.267,0.338,0.404,0.451,0.177,0.228,0.299,0.366,0.415
1974.5,1974,1975,0.029,0.035,0.042,0.05,0.056,0.459,0.521,0.601,0.672,0.736,-0.493,-0.401,-0.291,-0.18,-0.118,0.233,0.28,0.352,0.416,0.465,0.188,0.238,0.309,0.377,0.427
1975.5,1975,1976,0.011,0.013,0.015,0.018,0.021,0.473,0.536,0.618,0.69,0.756,-0.501,-0.409,-0.298,-0.186,-0.123,0.216,0.264,0.336,0.402,0.453,0.197,0.25,0.32,0.388,0.438
1976.5,1976,1977,0.012,0.015,0.018,0.021,0.024,0.488,0.552,0.635,0.709,0.776,-0.508,-0.415,-0.304,-0.191,-0.127,0.228,0.277,0.349,0.416,0.467,0.208,0.26,0.331,0.399,0.45
1977.5,1977,1978,0.021,0.025,0.031,0.037,0.041,0.504,0.568,0.653,0.729,0.796,-0.517,-0.422,-0.31,-0.196,-0.132,0.252,0.3,0.374,0.438,0.489,0.219,0.271,0.343,0.411,0.462
1978.5,1978,1979,0.033,0.039,0.047,0.056,0.063,0.521,0.585,0.672,0.749,0.817,-0.527,-0.43,-0.317,-0.201,-0.136,0.281,0.33,0.402,0.466,0.519,0.231,0.282,0.355,0.422,0.474
1979.5,1979,1980,0.044,0.052,0.063,0.075,0.084,0.537,0.602,0.691,0.769,0.838,-0.537,-0.438,-0.324,-0.206,-0.14,0.309,0.357,0.43,0.496,0.549,0.243,0.293,0.367,0.436,0.486
1980.5,1980,1981,0.049,0.058,0.071,0.084,0.095,0.552,0.619,0.71,0.791,0.86,-0.545,-0.445,-0.33,-0.211,-0.142,0.329,0.378,0.451,0.516,0.571,0.255,0.306,0.38,0.449,0.499
1981.5,1981,1982,0.051,0.061,0.074,0.088,0.099,0.569,0.636,0.73,0.812,0.884,-0.553,-0.451,-0.337,-0.215,-0.145,0.346,0.395,0.467,0.532,0.588,0.268,0.32,0.393,0.459,0.512
1982.5,1982,1983,0.034,0.04,0.048,0.058,0.065,0.585,0.654,0.75,0.834,0.906,-0.561,-0.459,-0.343,-0.221,-0.15,0.331,0.384,0.455,0.519,0.574,0.282,0.334,0.407,0.473,0.526
1983.5,1983,1984,-0.021,-0.019,-0.016,-0.013,-0.011,0.603,0.672,0.77,0.856,0.928,-0.566,-0.466,-0.349,-0.226,-0.153,0.277,0.331,0.405,0.473,0.525,0.296,0.348,0.421,0.486,0.541
1984.5,1984,1985,-0.042,-0.037,-0.031,-0.026,-0.022,0.62,0.691,0.791,0.878,0.952,-0.574,-0.476,-0.356,-0.231,-0.155,0.275,0.328,0.404,0.472,0.525,0.309,0.363,0.435,0.499,0.554
1985.5,1985,1986,-0.031,-0.027,-0.023,-0.019,-0.016,0.638,0.709,0.812,0.901,0.975,-0.583,-0.483,-0.362,-0.236,-0.157,0.298,0.352,0.427,0.494,0.549,0.324,0.379,0.45,0.515,0.57
1986.5,1986,1987,-0.022,-0.02,-0.016,-0.014,-0.011,0.654,0.728,0.833,0.924,0.999,-0.592,-0.491,-0.368,-0.239,-0.16,0.321,0.375,0.449,0.515,0.571,0.34,0.393,0.465,0.53,0.586
1987.5,1987,1988,-0.006,-0.005,-0.004,-0.004,-0.003,0.673,0.747,0.854,0.948,1.023,-0.6,-0.497,-0.374,-0.244,-0.163,0.351,0.405,0.476,0.542,0.599,0.356,0.409,0.481,0.546,0.603
1988.5,1988,1989,0.009,0.011,0.013,0.016,0.018,0.69,0.767,0.876,0.972,1.048,-0.607,-0.504,-0.379,-0.248,-0.166,0.387,0.438,0.51,0.576,0.632,0.372,0.425,0.497,0.562,0.62
1989.5,1989,1990,0.025,0.03,0.036,0.043,0.048,0.708,0.787,0.898,0.995,1.073,-0.615,-0.51,-0.385,-0.253,-0.167,0.425,0.477,0.549,0.613,0.671,0.389,0.441,0.513,0.58,0.637
1990.5,1990,1991,0.036,0.043,0.052,0.062,0.069,0.726,0.807,0.92,1.018,1.1,-0.624,-0.517,-0.39,-0.256,-0.172,0.458,0.51,0.582,0.646,0.704,0.406,0.457,0.53,0.596,0.654
1991.5,1991,1992,0.002,0.003,0.003,0.004,0.004,0.744,0.827,0.942,1.042,1.127,-0.63,-0.524,-0.395,-0.26,-0.173,0.427,0.476,0.55,0.617,0.674,0.424,0.473,0.547,0.614,0.671
1992.5,1992,1993,-0.186,-0.166,-0.139,-0.115,-0.097,0.762,0.846,0.964,1.066,1.154,-0.636,-0.529,-0.4,-0.265,-0.178,0.284,0.341,0.425,0.499,0.56,0.442,0.492,0.565,0.631,0.69
1993.5,1993,1994,-0.225,-0.2,-0.168,-0.139,-0.117,0.781,0.868,0.987,1.09,1.179,-0.642,-0.537,-0.404,-0.269,-0.181,0.268,0.327,0.414,0.492,0.551,0.459,0.509,0.583,0.649,0.707
1994.5,1994,1995,-0.178,-0.159,-0.133,-0.11,-0.092,0.797,0.888,1.009,1.115,1.207,-0.648,-0.541,-0.408,-0.272,-0.182,0.327,0.384,0.468,0.541,0.601,0.477,0.528,0.601,0.668,0.726
1995.5,1995,1996,-0.124,-0.11,-0.093,-0.076,-0.064,0.814,0.909,1.032,1.14,1.232,-0.652,-0.547,-0.412,-0.276,-0.182,0.392,0.447,0.527,0.598,0.657,0.496,0.547,0.62,0.687,0.745
1996.5,1996,1997,-0.077,-0.069,-0.058,-0.048,-0.04,0.833,0.927,1.055,1.166,1.257,-0.657,-0.552,-0.416,-0.281,-0.179,0.453,0.504,0.581,0.649,0.708,0.515,0.567,0.639,0.706,0.764
1997.5,1997,1998,-0.037,-0.033,-0.028,-0.023,-0.019,0.853,0.949,1.078,1.191,1.283,-0.662,-0.554,-0.419,-0.283,-0.18,0.504,0.557,0.631,0.697,0.756,0.535,0.587,0.659,0.725,0.783
1998.5,1998,1999,-0.001,-0.001,0,0,0,0.871,0.969,1.101,1.216,1.311,-0.668,-0.557,-0.422,-0.286,-0.179,0.554,0.607,0.678,0.745,0.802,0.555,0.607,0.678,0.745,0.803
1999.5,1999,2000,0.017,0.02,0.024,0.029,0.032,0.892,0.99,1.124,1.243,1.338,-0.674,-0.56,-0.425,-0.288,-0.182,0.601,0.652,0.723,0.789,0.846,0.576,0.628,0.699,0.766,0.823
2000.5,2000,2001,0.031,0.037,0.045,0.054,0.061,0.91,1.012,1.147,1.269,1.365,-0.678,-0.563,-0.427,-0.289,-0.179,0.644,0.695,0.765,0.832,0.889,0.598,0.648,0.719,0.786,0.843
2001.5,2001,2002,0.042,0.05,0.06,0.072,0.08,0.93,1.033,1.17,1.295,1.395,-0.683,-0.565,-0.429,-0.291,-0.179,0.68,0.729,0.801,0.867,0.926,0.617,0.67,0.74,0.806,0.866
2002.5,2002,2003,0.051,0.06,0.073,0.087,0.097,0.946,1.053,1.193,1.321,1.425,-0.685,-0.565,-0.431,-0.291,-0.178,0.712,0.762,0.835,0.9,0.958,0.636,0.692,0.762,0.829,0.887
2003.5,2003,2004,0.052,0.062,0.075,0.09,0.101,0.963,1.074,1.216,1.347,1.454,-0.69,-0.567,-0.433,-0.289,-0.176,0.737,0.786,0.859,0.926,0.982,0.657,0.713,0.784,0.85,0.908
2004.5,2004,2005,0.053,0.063,0.076,0.091,0.102,0.979,1.095,1.239,1.372,1.485,-0.695,-0.571,-0.434,-0.29,-0.174,0.761,0.808,0.882,0.948,1.005,0.681,0.735,0.806,0.872,0.929
2005.5,2005,2006,0.05,0.059,0.072,0.085,0.096,0.996,1.115,1.262,1.399,1.515,-0.701,-0.573,-0.434,-0.29,-0.17,0.779,0.826,0.9,0.967,1.022,0.704,0.757,0.828,0.895,0.95
2006.5,2006,2007,0.046,0.055,0.067,0.08,0.089,1.013,1.135,1.286,1.424,1.544,-0.705,-0.573,-0.435,-0.29,-0.167,0.799,0.844,0.918,0.983,1.039,0.725,0.779,0.851,0.917,0.972
2007.5,2007,2008,0.042,0.05,0.061,0.072,0.081,1.031,1.155,1.309,1.449,1.573,-0.705,-0.573,-0.435,-0.287,-0.163,0.817,0.861,0.935,1,1.054,0.746,0.801,0.874,0.94,0.994
2008.5,2008,2009,0.04,0.047,0.058,0.069,0.077,1.049,1.176,1.332,1.474,1.601,-0.707,-0.571,-0.435,-0.285,-0.158,0.836,0.881,0.955,1.02,1.077,0.771,0.824,0.897,0.965,1.017
2009.5,2009,2010,0.037,0.044,0.053,0.063,0.071,1.064,1.197,1.355,1.501,1.628,-0.709,-0.572,-0.434,-0.281,-0.156,0.853,0.899,0.974,1.04,1.096,0.796,0.847,0.921,0.99,1.043
2010.5,2010,2011,0.038,0.045,0.054,0.064,0.072,1.082,1.218,1.378,1.527,1.655,-0.709,-0.574,-0.433,-0.278,-0.155,0.877,0.925,0.999,1.066,1.121,0.819,0.872,0.945,1.014,1.069
2011.5,2011,2012,0.038,0.045,0.055,0.066,0.074,1.1,1.236,1.402,1.553,1.682,-0.71,-0.574,-0.432,-0.276,-0.15,0.9,0.949,1.025,1.092,1.145,0.842,0.895,0.97,1.038,1.093
2012.5,2012,2013,0.042,0.05,0.06,0.072,0.081,1.117,1.258,1.425,1.577,1.713,-0.708,-0.574,-0.431,-0.272,-0.145,0.928,0.978,1.055,1.123,1.176,0.864,0.919,0.994,1.063,1.119
2013.5,2013,2014,0.047,0.055,0.067,0.08,0.09,1.135,1.277,1.448,1.602,1.745,-0.708,-0.573,-0.429,-0.268,-0.142,0.958,1.008,1.086,1.156,1.21,0.887,0.943,1.019,1.089,1.143
2014.5,2014,2015,0.05,0.059,0.072,0.085,0.096,1.153,1.298,1.471,1.629,1.774,-0.709,-0.573,-0.427,-0.265,-0.14,0.986,1.038,1.116,1.186,1.242,0.91,0.968,1.045,1.114,1.168
2015.5,2015,2016,0.049,0.059,0.071,0.085,0.095,1.17,1.319,1.495,1.656,1.802,-0.71,-0.571,-0.425,-0.261,-0.135,1.01,1.063,1.141,1.212,1.266,0.936,0.993,1.07,1.14,1.193
2016.5,2016,2017,0.046,0.055,0.066,0.079,0.088,1.186,1.338,1.518,1.68,1.83,-0.712,-0.571,-0.422,-0.255,-0.129,1.029,1.083,1.162,1.235,1.287,0.96,1.018,1.096,1.165,1.219
2017.5,2017,2018,0.042,0.05,0.06,0.072,0.081,1.203,1.358,1.541,1.705,1.86,-0.71,-0.57,-0.42,-0.249,-0.122,1.048,1.102,1.182,1.256,1.307,0.985,1.041,1.122,1.193,1.247
2018.5,2018,2019,0.038,0.045,0.054,0.065,0.072,1.219,1.38,1.565,1.73,1.889,-0.713,-0.571,-0.417,-0.244,-0.113,1.065,1.121,1.202,1.276,1.33,1.007,1.067,1.148,1.219,1.276
2019.5,2019,2020,0.033,0.04,0.048,0.057,0.065,1.236,1.401,1.588,1.758,1.917,-0.71,-0.57,-0.413,-0.238,-0.107,1.08,1.14,1.223,1.296,1.354,1.032,1.092,1.175,1.246,1.305
2020.5,2020,2021,0.03,0.035,0.043,0.051,0.058,1.252,1.421,1.611,1.784,1.945,-0.71,-0.57,-0.41,-0.233,-0.105,1.1,1.161,1.244,1.319,1.379,1.055,1.118,1.201,1.276,1.336
2021.5,2021,2022,0.029,0.034,0.041,0.049,0.055,1.269,1.443,1.635,1.809,1.974,-0.708,-0.567,-0.407,-0.227,-0.1,1.121,1.186,1.269,1.346,1.408,1.079,1.146,1.228,1.305,1.366
2022.5,2022,2023,0.029,0.035,0.042,0.051,0.057,1.286,1.463,1.658,1.834,2.003,-0.706,-0.565,-0.403,-0.223,-0.09,1.146,1.213,1.298,1.376,1.439,1.104,1.171,1.255,1.334,1.398
2023.5,2023,2024,0.031,0.037,0.044,0.053,0.059,1.303,1.484,1.681,1.861,2.032,-0.705,-0.563,-0.399,-0.219,-0.079,1.173,1.24,1.327,1.408,1.471,1.129,1.196,1.283,1.364,1.429
2024.5,2024,2025,0.031,0.037,0.045,0.054,0.06,1.321,1.505,1.705,1.888,2.06,-0.707,-0.561,-0.395,-0.212,-0.071,1.197,1.267,1.355,1.437,1.503,1.152,1.221,1.31,1.392,1.461
2025.5,2025,2026,0.03,0.036,0.044,0.052,0.059,1.338,1.525,1.728,1.912,2.088,-0.705,-0.559,-0.391,-0.208,-0.065,1.221,1.292,1.381,1.464,1.533,1.176,1.248,1.337,1.421,1.491
