time,timebound_lower,timebound_upper,natural_p05,natural_p17,natural_p50,natural_p83,natural_p95,ghg_p05,ghg_p17,ghg_p50,ghg_p83,ghg_p95,other_human_forcings_p05,other_human_forcings_p17,other_human_forcings_p50,other_human_forcings_p83,other_human_forcings_p95,anthropogenic_p05,anthropogenic_p17,anthropogenic_p50,anthropogenic_p83,anthropogenic_p95,total_p05,total_p17,total_p50,total_p83,total_p95,residual_p05,residual_p17,residual_p50,residual_p83,residual_p95
1850.5,1850,1851,-0.018257193,-0.009345162,0.011906603,0.025885838,0.033733488,-0.064469666,-0.058373028,-0.052736707,-0.048215363,-0.044570219,0.004826642,0.008316029,0.016059084,0.028063722,0.042075714,-0.045432888,-0.042355154,-0.036571091,-0.027700986,-0.016929091,-0.131612298,-0.101753067,-0.060594685,-0.017633549,0.014286371,-0.129386544,-0.076771432,-0.004604202,0.059102271,0.110492202
1851.5,1851,1852,-0.007978464,-0.000995737,0.018322272,0.033279197,0.041937405,-0.063172103,-0.057200857,-0.05168101,-0.047250316,-0.043678049,0.004710607,0.008142861,0.015765478,0.027560294,0.041288838,-0.044513815,-0.041495119,-0.035817172,-0.027084024,-0.016521657,-0.122263447,-0.0929233,-0.052215016,-0.009428441,0.022493609,0.030828682,0.095620771,0.186381869,0.259285584,0.312161188
1852.5,1852,1853,-0.000799356,0.005140604,0.022796514,0.038338713,0.047430146,-0.061731402,-0.055897199,-0.050503807,-0.046176057,-0.042687532,0.004590109,0.008025749,0.015745373,0.027818837,0.042139484,-0.043410711,-0.040420382,-0.034686277,-0.025596807,-0.014234761,-0.115004415,-0.085934638,-0.045577902,-0.002820411,0.029146117,0.002681319,0.105174737,0.174646772,0.244476828,0.306661966
1853.5,1853,1854,0.004433365,0.010241833,0.026556073,0.042212721,0.051631888,-0.06015157,-0.054467134,-0.049212655,-0.044998161,-0.04160361,0.004469623,0.007882371,0.015586483,0.02772667,0.04228572,-0.042226494,-0.039283916,-0.033575606,-0.024338316,-0.012578245,-0.109085125,-0.080179758,-0.040208511,0.002448327,0.034311981,0.011354571,0.052346379,0.123299606,0.186733966,0.233407618
1854.5,1854,1855,0.008453805,0.014362912,0.029454986,0.044945781,0.054499048,-0.05850111,-0.052972984,-0.047865747,-0.043769341,-0.040471785,0.004349591,0.007634468,0.014967514,0.026354051,0.03973847,-0.041096747,-0.038263463,-0.03284036,-0.024258332,-0.013755789,-0.104647405,-0.075923031,-0.036554279,0.005673695,0.036968217,0.01027068,0.045465458,0.100634176,0.156725638,0.199187891
1855.5,1855,1856,-0.005610519,-0.002127056,0.010444048,0.02081373,0.027672068,-0.056834694,-0.051466067,-0.04650734,-0.04253008,-0.039327189,0.004257775,0.007404557,0.014353465,0.024989825,0.037173329,-0.039951202,-0.037224949,-0.032090832,-0.024167858,-0.014848238,-0.121482289,-0.093371447,-0.056370564,-0.015699344,0.012778573,0.023697011,0.058660267,0.107216161,0.154029732,0.201903649
1856.5,1856,1857,-0.033093479,-0.025565425,-0.012978623,-0.005392597,-0.000218328,-0.055147321,-0.049941456,-0.04513306,-0.04127527,-0.038167164,0.004120081,0.00720164,0.01400095,0.024394063,0.036314709,-0.038744134,-0.036090888,-0.031078899,-0.02330251,-0.01417179,-0.144566162,-0.116139048,-0.08003905,-0.039988771,-0.013754639,0.018300754,0.059902967,0.124733079,0.175435774,0.210196123
1857.5,1857,1858,-0.027268353,-0.019841148,-0.008157407,-0.001726248,0.00124743,-0.053353395,-0.048318548,-0.043669401,-0.039939205,-0.036932547,0.004020862,0.007001696,0.013528794,0.02343627,0.034631361,-0.037459333,-0.034896185,-0.030089491,-0.022710128,-0.014232272,-0.138997108,-0.110684477,-0.075012878,-0.035131525,-0.009273732,-0.134919602,-0.096949927,-0.039150603,0.023889087,0.085792972
1858.5,1858,1859,-0.010716281,-0.00450758,0.006636268,0.013071487,0.017017892,-0.051402998,-0.046551602,-0.042073714,-0.038483776,-0.035589114,0.004031722,0.006879951,0.013015617,0.022199321,0.032152932,-0.036010951,-0.033541836,-0.029011004,-0.02226722,-0.014853594,-0.122663139,-0.094679665,-0.059021747,-0.019134106,0.007441576,-0.057396852,-0.020512871,0.028508563,0.076215456,0.113340307
1859.5,1859,1860,0.003360516,0.00792202,0.018686197,0.027525034,0.032926195,-0.049297443,-0.044643683,-0.040350422,-0.036911878,-0.03413945,0.003939616,0.006665492,0.012451458,0.021038382,0.030055919,-0.034487367,-0.032126788,-0.027859046,-0.021622973,-0.014942629,-0.108174454,-0.080332343,-0.044391917,-0.004379859,0.023068898,0.035223885,0.063803065,0.119526025,0.180944587,0.217787074
1860.5,1860,1861,0.012350693,0.018028808,0.028444547,0.038975524,0.045707805,-0.047031283,-0.042589457,-0.03849332,-0.035217866,-0.032575883,0.00372432,0.006317361,0.011786582,0.019879701,0.028246976,-0.032905203,-0.030674728,-0.026671863,-0.020861344,-0.014668059,-0.097036049,-0.069054175,-0.032795953,0.007420695,0.03551788,-0.106620257,-0.071269773,-0.008874309,0.047855657,0.103086258
1861.5,1861,1862,0.014044367,0.01965953,0.029177939,0.039067373,0.045803879,-0.044623841,-0.040404793,-0.0365167,-0.033413436,-0.030911842,0.003565575,0.006038824,0.011228836,0.018877231,0.026687913,-0.031165427,-0.029047249,-0.025264326,-0.01979761,-0.014001788,-0.094456089,-0.066479603,-0.030680005,0.009316958,0.036969945,-0.139690847,-0.09774103,-0.036131442,0.015664279,0.04999905
1862.5,1862,1863,0.009945904,0.014397437,0.022416297,0.030782859,0.036728293,-0.042121951,-0.038135123,-0.034462932,-0.031536553,-0.0291788,0.003458753,0.005847829,0.010831637,0.018160487,0.025594702,-0.029284912,-0.027254204,-0.023613677,-0.018357524,-0.012831605,-0.098565035,-0.070815873,-0.035905831,0.003635506,0.030165502,-0.255039427,-0.195428833,-0.137930453,-0.07794714,-0.045991371
1863.5,1863,1864,-0.043520222,-0.032608226,-0.021732127,-0.014310637,-0.009753969,-0.039538775,-0.035793931,-0.032344196,-0.029599568,-0.027388187,0.003299808,0.005650566,0.010546432,0.017794679,0.025292529,-0.027333558,-0.025375441,-0.021778165,-0.016483817,-0.010941907,-0.142840818,-0.114708134,-0.080182392,-0.041203761,-0.017738595,-0.029736266,0.025640807,0.095895775,0.143383761,0.206394482
1864.5,1864,1865,-0.10711609,-0.090979189,-0.070707712,-0.052236807,-0.039797983,-0.036858846,-0.033364703,-0.030146006,-0.027587166,-0.025525845,0.003194291,0.005502905,0.010348702,0.017555742,0.025284182,-0.025293319,-0.023391955,-0.019795811,-0.014348139,-0.008570488,-0.19384487,-0.165436333,-0.125105619,-0.085084305,-0.059028856,-0.077345484,-0.038564877,0.017257566,0.064692178,0.097779229
1865.5,1865,1866,-0.087572314,-0.076422647,-0.061065134,-0.045633572,-0.03506968,-0.034098738,-0.030864042,-0.027883187,-0.025513843,-0.023606067,0.003114076,0.005282356,0.009796093,0.016461682,0.023487052,-0.023262348,-0.021460699,-0.018083003,-0.013047585,-0.007787367,-0.179086464,-0.151219058,-0.113289375,-0.074334929,-0.05018603,0.038163709,0.074343139,0.127574198,0.19744657,0.23277104
1866.5,1866,1867,-0.049536706,-0.041505187,-0.03132214,-0.022257814,-0.016812324,-0.03127775,-0.028308249,-0.025570746,-0.023393944,-0.021640405,0.003017105,0.005048212,0.009202661,0.01528387,0.021521643,-0.021195347,-0.019497072,-0.016360472,-0.011787301,-0.007118943,-0.146243052,-0.118232715,-0.083128184,-0.044529113,-0.021515382,0.00884085,0.038134146,0.089878321,0.143740003,0.196529631
1867.5,1867,1868,-0.021136453,-0.015851027,-0.009418643,-0.004434794,0.00298891,-0.028387031,-0.02569082,-0.023200747,-0.021219922,-0.019622506,0.00293063,0.004835691,0.008645647,0.014162595,0.019674546,-0.019069504,-0.0174669,-0.014550111,-0.010391923,-0.006247721,-0.120952123,-0.093435326,-0.059262423,-0.020769864,0.003264709,-0.039219386,-0.001767208,0.049670374,0.114100741,0.156986878
1868.5,1868,1869,-0.001460241,0.001030295,0.005170649,0.010360251,0.018431189,-0.025472632,-0.023054969,-0.020813787,-0.019029222,-0.017588025,0.002747605,0.004467434,0.007684838,0.012233805,0.016502711,-0.017080844,-0.015649101,-0.013183726,-0.009760209,-0.006349848,-0.103591199,-0.076415207,-0.042625166,-0.004194957,0.020431625,-0.0463918,-0.013662887,0.05239057,0.097140448,0.124919363
1869.5,1869,1870,0.008899253,0.012132099,0.017191005,0.02351879,0.029570608,-0.02263779,-0.020491995,-0.018496878,-0.016905429,-0.01561443,0.002430255,0.004038829,0.00684203,0.010720868,0.014367446,-0.01530314,-0.013993817,-0.011773673,-0.008627841,-0.005574269,-0.090246903,-0.063130613,-0.029336356,0.00912709,0.034325078,-0.019450154,0.006670374,0.063974731,0.122990626,0.164324944
1870.5,1870,1871,0.015331425,0.020054659,0.026849433,0.034037959,0.039496306,-0.019903373,-0.01802354,-0.016268671,-0.014865593,-0.013718506,0.002068058,0.003615372,0.006105153,0.009544758,0.012805098,-0.013673317,-0.012371984,-0.010250911,-0.007312871,-0.004624302,-0.079861984,-0.052608512,-0.018640646,0.019889091,0.045551893,-0.01824188,0.004480015,0.044222867,0.083885091,0.11073494
1871.5,1871,1872,0.019953703,0.025966805,0.0343513,0.042584386,0.048513227,-0.017246612,-0.015625583,-0.014104797,-0.012884266,-0.011877296,0.001761237,0.003241588,0.005465698,0.008526547,0.011378509,-0.011912161,-0.010675261,-0.008684049,-0.006027163,-0.003697915,-0.07147341,-0.044036344,-0.009839513,0.028757757,0.054753623,-0.089733732,-0.056085793,-0.011609262,0.033331337,0.074824265
1872.5,1872,1873,0.023253427,0.030214946,0.039843112,0.049134433,0.055876244,-0.014620985,-0.013253389,-0.011962048,-0.010920423,-0.010053586,0.001975367,0.003159827,0.005153723,0.007819771,0.010255503,-0.009514506,-0.008533284,-0.006879395,-0.004656393,-0.002651753,-0.064567195,-0.03696243,-0.00255705,0.036096318,0.062253479,-0.055148432,-0.017933506,0.031150918,0.085684732,0.130683008
1873.5,1873,1874,0.021814684,0.028321091,0.037355252,0.04627049,0.052912127,-0.011965222,-0.010852333,-0.009789689,-0.008926294,-0.008205931,0.001679568,0.002682589,0.004354314,0.006546827,0.00850109,-0.007690519,-0.006864592,-0.005483925,-0.003682593,-0.002110668,-0.064885186,-0.037413213,-0.003657404,0.0346029,0.059999142,-0.063636176,-0.026866883,0.024062069,0.074600391,0.104541541
1874.5,1874,1875,0.02122754,0.027605077,0.036564715,0.0455838,0.052334118,-0.009239726,-0.008384451,-0.00755325,-0.006869694,-0.006304056,0.000841276,0.001841871,0.003171959,0.004854638,0.006274481,-0.00656846,-0.005642568,-0.004369658,-0.002900343,-0.001680177,-0.064110592,-0.036779643,-0.003416843,0.03453208,0.059530432,-0.108042398,-0.074417836,-0.027453177,0.022387927,0.051806745
1875.5,1875,1876,0.02438516,0.031679898,0.04189747,0.052080572,0.059698902,-0.006404208,-0.005811982,-0.005215516,-0.004715075,-0.004314236,0.000248121,0.001255173,0.002498169,0.003812128,0.004858776,-0.005190102,-0.003875776,-0.002720753,-0.001486963,-0.000482917,-0.057611086,-0.030193814,0.003515032,0.041477834,0.066880048,-0.121260079,-0.084769853,-0.03137801,0.025327918,0.061445318
1876.5,1876,1877,0.02490093,0.032365299,0.042886188,0.053530566,0.061536703,-0.003505463,-0.00316993,-0.002800599,-0.002475523,-0.002246109,-7.07E-05,0.000897574,0.00185027,0.002809999,0.003574924,-0.002969828,-0.001886773,-0.000954725,-1.78E-06,0.000720218,-0.054622933,-0.027248538,0.006343049,0.044162347,0.069454696,-0.169896933,-0.128388748,-0.080705579,-0.038902832,-0.006428934
1877.5,1877,1878,0.024558041,0.031973718,0.042592688,0.053504612,0.061807882,-0.000702078,-0.000551081,-0.000346001,-0.000145555,-3.04E-06,-0.00166686,0.000191799,0.001105268,0.0018495,0.002401118,-0.00191317,-0.000240623,0.000765597,0.001529531,0.002074802,-0.05293183,-0.025673262,0.007705236,0.045312288,0.070421817,0.143672834,0.183956156,0.239491984,0.279744064,0.307564737
1878.5,1878,1879,0.025104355,0.032718619,0.043702465,0.055110109,0.063880796,0.001748143,0.001899882,0.002146016,0.002454341,0.002758997,-0.00358113,-0.000828973,0.000519698,0.001168149,0.001671946,-0.001022964,0.001220938,0.002652003,0.003325281,0.003848432,-0.049974477,-0.022778981,0.010591161,0.048071172,0.073202174,0.236567709,0.287835086,0.337223426,0.387568682,0.413336281
1879.5,1879,1880,0.025945157,0.033825412,0.04524046,0.057198459,0.06647592,0.003981392,0.004279734,0.004703571,0.005245558,0.00582149,-0.006502576,-0.002588271,-0.000232391,0.000451326,0.001070866,-0.001064999,0.002294121,0.004379217,0.005145328,0.005678756,-0.046854866,-0.01973223,0.013693075,0.051053101,0.076323354,-0.031256691,-0.005484367,0.032858519,0.07930852,0.114932808
1880.5,1880,1881,0.025516282,0.033327158,0.044760559,0.056878163,0.066401991,0.00622471,0.006700357,0.007333294,0.008139863,0.009009628,-0.009390902,-0.00453887,-0.001491814,-0.000328255,0.000365025,-0.00103961,0.003200544,0.005806674,0.006764715,0.007286469,-0.045652251,-0.018687532,0.014526823,0.051616525,0.076710426,-0.050166429,-0.022476662,0.021855486,0.069753882,0.099779341
1881.5,1881,1882,0.024997586,0.032692675,0.044035675,0.0561517,0.065824175,0.008534411,0.009199331,0.010056042,0.011143463,0.012322012,-0.011502595,-0.006301169,-0.0028129,-0.00107148,-0.000283511,-0.000227193,0.004391327,0.007268229,0.008568287,0.009209074,-0.044407553,-0.017611093,0.015318161,0.052113922,0.076917046,0.027784133,0.05106587,0.09704883,0.143812577,0.181452268
1882.5,1882,1883,0.027232231,0.035475533,0.047417488,0.060132204,0.070320085,0.010912907,0.011775397,0.012866803,0.014246536,0.015745037,-0.013168921,-0.007880303,-0.003968871,-0.001744252,-0.000827807,0.001139139,0.005776784,0.008923186,0.010573604,0.011367131,-0.03937937,-0.012607276,0.020492556,0.057188633,0.082177569,-0.02852942,0.002908621,0.04185091,0.082328783,0.113032731
1883.5,1883,1884,0.005537888,0.015630859,0.023993194,0.034668401,0.043150873,0.013315924,0.014378606,0.01570971,0.017387994,0.019211561,-0.013675308,-0.009054559,-0.005053078,-0.002522674,-0.001436259,0.003745675,0.007545614,0.010662555,0.012578901,0.013533439,-0.058082309,-0.032101706,-0.001111006,0.034644306,0.057227553,-0.068206881,-0.04122743,0.001805561,0.04723952,0.07471183
1884.5,1884,1885,-0.156401891,-0.126917919,-0.092473298,-0.064767024,-0.048309829,0.015718026,0.016979728,0.018551758,0.020532113,0.0226826,-0.014834969,-0.010276896,-0.005978681,-0.003157505,-0.00186415,0.005740623,0.009330283,0.01257187,0.014716086,0.01583441,-0.196247429,-0.162726658,-0.11714318,-0.075124413,-0.046541445,-0.095994521,-0.069473442,-0.027698857,0.017545862,0.04986445
1885.5,1885,1886,-0.27195254,-0.233981418,-0.182602391,-0.134592262,-0.102191909,0.018186904,0.019653073,0.02147326,0.023762786,0.026249942,-0.017102687,-0.011870663,-0.006929458,-0.003673045,-0.002175698,0.006769498,0.010837637,0.01453304,0.017000157,0.018294165,-0.305613373,-0.263194571,-0.203903258,-0.147387092,-0.107257379,-0.0019637,0.033546348,0.084153783,0.13752647,0.177005844
1886.5,1886,1887,-0.21473785,-0.187629054,-0.150123738,-0.112098008,-0.085796562,0.02075549,0.022435854,0.024514689,0.027125131,0.029961182,-0.018960759,-0.013166319,-0.007697786,-0.004086647,-0.002423177,0.008315064,0.012754807,0.016794381,0.019515727,0.020963468,-0.252344996,-0.217981699,-0.167856544,-0.120380614,-0.085570795,0.018981611,0.051448975,0.098764248,0.146846416,0.179880159
1887.5,1887,1888,-0.154517683,-0.132625707,-0.102721196,-0.076024986,-0.058122612,0.023421222,0.025324471,0.027673204,0.030616808,0.0338143,-0.020978285,-0.014537456,-0.008488607,-0.004491612,-0.002653093,0.009860421,0.014729048,0.019148485,0.022136511,0.023743408,-0.194725756,-0.163438534,-0.119274277,-0.078373673,-0.049587479,-0.103607195,-0.068278859,-0.023410713,0.01988292,0.04930689
1888.5,1888,1889,-0.10788902,-0.090549621,-0.06606628,-0.044455247,-0.03284648,0.026197969,0.028335737,0.030966415,0.034256916,0.037830343,-0.02483417,-0.017061605,-0.00993712,-0.005228948,-0.003071772,0.00977201,0.015683283,0.020995347,0.024516465,0.026370326,-0.15086101,-0.12178088,-0.081349321,-0.043345741,-0.016758296,-0.01501534,0.019195881,0.059172066,0.097080359,0.126324
1889.5,1889,1890,-0.068901756,-0.054808291,-0.036646476,-0.016479286,-0.008277273,0.029085936,0.03146759,0.034392904,0.038044628,0.042007841,-0.0284197,-0.01946988,-0.011347872,-0.005979407,-0.003511585,0.010040427,0.016894893,0.023013849,0.0270296,0.029130368,-0.114291685,-0.08631895,-0.049259771,-0.012717524,0.013695561,0.072082878,0.099076273,0.150788456,0.19545457,0.219794096
1890.5,1890,1891,-0.053254917,-0.041016869,-0.024214257,-0.008002526,0.001894468,0.032049045,0.034681369,0.037909798,0.04193302,0.046298297,-0.031404087,-0.021607582,-0.012663079,-0.006723121,-0.003964718,0.011004378,0.018476197,0.025210232,0.029655587,0.031995662,-0.098177123,-0.070920019,-0.035514785,0.000340415,0.025391215,-0.189129114,-0.164769881,-0.120208506,-0.070272629,-0.044949075
1891.5,1891,1892,-0.058521394,-0.047051797,-0.030914576,-0.014108526,-0.005847629,0.035071924,0.037958533,0.04149591,0.045898856,0.050674097,-0.033840783,-0.023647244,-0.014052024,-0.00760541,-0.004535921,0.01258313,0.020246401,0.027400145,0.032234881,0.034831014,-0.101373337,-0.074542484,-0.03965275,-0.004416745,0.019252177,-0.090476924,-0.053198367,-0.008266335,0.034380705,0.067977858
1892.5,1892,1893,-0.061707929,-0.051111965,-0.035966344,-0.018907287,-0.012130111,0.038169629,0.041316934,0.045170562,0.049963296,0.055158067,-0.034805037,-0.02482267,-0.014978155,-0.00829576,-0.005010755,0.015497126,0.023000319,0.030160778,0.035149828,0.03793674,-0.102409609,-0.075948104,-0.041476302,-0.006733667,0.016141398,-0.182026535,-0.156407073,-0.112714306,-0.073522566,-0.044941175
1893.5,1893,1894,-0.044326313,-0.035958846,-0.023730833,-0.00955068,-0.003724421,0.041296373,0.044704135,0.048875831,0.054062927,0.059683078,-0.036071596,-0.025928042,-0.015743093,-0.008777828,-0.005320162,0.018079216,0.025803036,0.033135973,0.038289045,0.041238002,-0.08520015,-0.059332323,-0.026538623,0.007625145,0.029591107,-0.198540226,-0.16080718,-0.118759036,-0.072041197,-0.041394856
1894.5,1894,1895,-0.017859131,-0.011385489,-0.003748362,0.009417575,0.016910838,0.044405814,0.048070684,0.052556489,0.058136207,0.064181157,-0.038940225,-0.027899488,-0.016907141,-0.009400762,-0.005689162,0.019530022,0.027723871,0.035608571,0.041179925,0.044351928,-0.059371617,-0.034204749,-0.002654418,0.031101699,0.054094202,-0.211198987,-0.17737675,-0.132684007,-0.088015146,-0.05148886
1895.5,1895,1896,0.000512127,0.004902593,0.013376009,0.025715636,0.034721949,0.047475307,0.051390904,0.056184726,0.062152069,0.068616704,-0.042385385,-0.030279742,-0.018341287,-0.010180772,-0.006148361,0.020317856,0.029185098,0.037781566,0.043849036,0.047279,-0.039569872,-0.015142766,0.016129483,0.049760181,0.073598988,-0.178499344,-0.153845914,-0.113512769,-0.075562754,-0.052054234
1896.5,1896,1897,0.009697626,0.014657868,0.023679335,0.03493971,0.044512269,0.05044829,0.05460682,0.059696786,0.066040233,0.072916062,-0.044488322,-0.032078249,-0.019604401,-0.011017272,-0.006700689,0.021911383,0.031113779,0.040062929,0.046443958,0.050103341,-0.026740646,-0.002667632,0.028223312,0.061611146,0.085262903,-0.019503995,0.003307244,0.040554062,0.083080449,0.107826285
1897.5,1897,1898,0.015269285,0.02060205,0.02960827,0.040048714,0.049247422,0.053324464,0.057717785,0.063095707,0.069805704,0.077079319,-0.0471343,-0.034190434,-0.021045923,-0.011934101,-0.007290765,0.022925568,0.032598901,0.04204978,0.048830248,0.052748368,-0.018504099,0.005396805,0.035769334,0.068801167,0.091990412,-0.022408862,0.009262621,0.048763048,0.089096248,0.123628195
1898.5,1898,1899,0.018798874,0.024611316,0.033701852,0.043720871,0.052279585,0.056207795,0.060837239,0.066504855,0.073583962,0.081253596,-0.050670733,-0.036819423,-0.022733827,-0.012934232,-0.007906966,0.023249899,0.033620453,0.043775542,0.051079494,0.0552927,-0.012460426,0.011318274,0.041219583,0.073917103,0.096716883,-0.255110414,-0.224036351,-0.187095225,-0.151817972,-0.120138011
1899.5,1899,1900,0.021129618,0.027395685,0.03676153,0.046687909,0.054818161,0.059212643,0.064091063,0.070062183,0.077522494,0.08560256,-0.055059508,-0.04017113,-0.024959248,-0.014320439,-0.008778872,0.022906778,0.034045908,0.045103548,0.053106124,0.057724245,-0.007838214,0.015767238,0.045365673,0.077610063,0.100292743,-0.121408567,-0.085314105,-0.048721675,-0.008562218,0.027610651
1900.5,1900,1901,0.022658497,0.029313005,0.039039442,0.049128549,0.057091286,0.062365081,0.067506529,0.07379701,0.081654526,0.090165399,-0.059889755,-0.043939263,-0.027518293,-0.015943996,-0.009809653,0.022293139,0.034216191,0.046280826,0.05508813,0.060181074,-0.004081157,0.019251816,0.048672516,0.080493407,0.103150599,0.004226314,0.031939374,0.069282819,0.112295913,0.139960619
1901.5,1901,1902,0.023581296,0.030536669,0.040646676,0.051068843,0.059029693,0.065586909,0.070997253,0.077615954,0.085881279,0.094833411,-0.063585495,-0.046956165,-0.029637727,-0.017323965,-0.010694629,0.022681804,0.035241864,0.048019107,0.05741661,0.062904112,-0.000406149,0.02265821,0.051926339,0.083433562,0.106086227,-0.070654169,-0.042778406,-0.00340321,0.038691127,0.072128
1902.5,1902,1903,0.015406303,0.0208396,0.029543323,0.03870447,0.045598261,0.06884241,0.074522443,0.081472844,0.090151712,0.099553109,-0.066560522,-0.049441234,-0.031423613,-0.018498976,-0.011447347,0.023653338,0.036818496,0.050154703,0.060006691,0.065822735,-0.007988356,0.014797707,0.042804159,0.073794584,0.095197807,-0.206023164,-0.176342706,-0.13474723,-0.094621951,-0.056483063
1903.5,1903,1904,-0.050138983,-0.036027074,-0.021110291,-0.011210477,-0.006672836,0.072175584,0.078131184,0.085419491,0.09452197,0.104382277,-0.069683284,-0.052112536,-0.033407174,-0.019829992,-0.012292082,0.024332701,0.038216267,0.052232394,0.06259256,0.068764657,-0.06242881,-0.038228633,-0.008471023,0.02337892,0.043208672,-0.251264963,-0.226482382,-0.172105126,-0.121696142,-0.093831882
1904.5,1904,1905,-0.097430283,-0.081140171,-0.060485866,-0.043229777,-0.032299224,0.075590372,0.081824593,0.089459125,0.098994837,0.109327011,-0.073675798,-0.055343338,-0.035698669,-0.021307421,-0.01322794,0.024638469,0.039207064,0.054032637,0.06505011,0.071643063,-0.103860465,-0.079005002,-0.044387477,-0.010755081,0.012222341,-0.279890509,-0.242520854,-0.201651707,-0.163413269,-0.131028636
1905.5,1905,1906,-0.060988952,-0.052343776,-0.040498063,-0.029201099,-0.021877996,0.07909701,0.085616015,0.093606174,0.103587718,0.114403532,-0.078359953,-0.059012581,-0.03818737,-0.022856734,-0.014212188,0.024824886,0.040008408,0.055655891,0.067420849,0.074490489,-0.075660456,-0.052262016,-0.021985824,0.009106341,0.029291504,-0.103776829,-0.077974429,-0.033985168,0.010469119,0.037453026
1906.5,1906,1907,-0.020278503,-0.015409149,-0.00825234,-0.001805627,0.000155909,0.082744896,0.089559779,0.097918753,0.108363504,0.119679064,-0.083229483,-0.062888226,-0.040875159,-0.024562683,-0.015284646,0.024760341,0.040713871,0.057292528,0.069852155,0.077430718,-0.039573462,-0.016266353,0.011178271,0.041354923,0.060946457,-0.055106907,-0.01853376,0.030940574,0.069366049,0.091840982
1907.5,1907,1908,-0.005461537,-0.001789093,0.003368878,0.010245825,0.015431206,0.086602926,0.09373267,0.102482349,0.11341131,0.125256733,-0.089436581,-0.067811319,-0.04430587,-0.026752099,-0.016667535,0.023812538,0.040669565,0.058405582,0.072002658,0.080245116,-0.024739881,-0.001992413,0.025013457,0.054587309,0.074810744,-0.240218119,-0.219740361,-0.180771336,-0.138039,-0.104575764
1908.5,1908,1909,-0.000109942,0.002796668,0.007706435,0.014871761,0.021355279,0.090619571,0.098079167,0.107236437,0.118668802,0.131063493,-0.095206884,-0.072269992,-0.047287434,-0.028590503,-0.0178206,0.023801725,0.04136194,0.06009277,0.074623512,0.083456086,-0.01773679,0.00457628,0.031519078,0.060676424,0.081181327,-0.258563407,-0.234339803,-0.19991488,-0.162700564,-0.128143442
1909.5,1909,1910,0.010506147,0.014225557,0.020466273,0.028525832,0.03572253,0.094710207,0.10250575,0.112077698,0.124025553,0.136978435,-0.099187755,-0.075320257,-0.04932642,-0.029829923,-0.018596565,0.025429541,0.04347087,0.062859833,0.077990361,0.087213703,-0.002111554,0.019700261,0.047018519,0.076033359,0.097606212,-0.282783242,-0.261252473,-0.229822718,-0.197739757,-0.154949667
1910.5,1910,1911,0.017142325,0.022309607,0.030225132,0.039281002,0.047099054,0.09890326,0.107043818,0.117041476,0.129515174,0.143043003,-0.10406922,-0.079120168,-0.051932773,-0.031463706,-0.019624388,0.026322172,0.044954395,0.065178834,0.081084386,0.09081039,0.00953853,0.031135831,0.058905054,0.087892192,0.110254872,-0.319758359,-0.288151657,-0.240700893,-0.198702022,-0.162160806
1911.5,1911,1912,0.020232713,0.026207572,0.035085913,0.04477524,0.052973163,0.103198751,0.111692917,0.122126091,0.135139155,0.149253727,-0.108291392,-0.08243346,-0.054220237,-0.032900515,-0.020526118,0.02784043,0.047031073,0.067963518,0.084517792,0.094679616,0.016935431,0.0384597,0.066458773,0.095406675,0.118066975,-0.306545378,-0.285432428,-0.253216311,-0.218157602,-0.192452741
1912.5,1912,1913,-0.006271103,0.000455622,0.006648124,0.016040699,0.022524527,0.107599597,0.116457343,0.127335653,0.14089908,0.155612948,-0.111095956,-0.084789805,-0.055956041,-0.034023675,-0.021227647,0.030365883,0.050095081,0.071527872,0.088490331,0.098962474,-0.00715518,0.01464458,0.041884605,0.070356995,0.091191851,-0.229335502,-0.198925095,-0.162428878,-0.121844006,-0.095739331
1913.5,1913,1914,-0.057596331,-0.045524117,-0.030029607,-0.017888844,-0.011707318,0.112100541,0.121337598,0.132668905,0.146793609,0.162116231,-0.11500408,-0.087934736,-0.058203839,-0.035462412,-0.02211953,0.032122721,0.052508781,0.074669436,0.092241796,0.103125156,-0.047566433,-0.02428649,0.006234176,0.036273115,0.057635464,-0.19256072,-0.165793215,-0.124914456,-0.086057175,-0.047769225
1914.5,1914,1915,-0.051525071,-0.042783204,-0.030505994,-0.019940422,-0.013832996,0.116620032,0.126239953,0.138025202,0.152714685,0.168650613,-0.118099453,-0.090188462,-0.059622418,-0.036280605,-0.022637693,0.035344128,0.055988801,0.078532208,0.096499505,0.107649901,-0.042191952,-0.019277951,0.010478023,0.039911063,0.060839981,-0.001738766,0.039363184,0.081310932,0.116558285,0.141359882
1915.5,1915,1916,-0.018152109,-0.012757576,-0.006313232,-0.000947119,0.002965284,0.121135905,0.13113983,0.143378384,0.158633068,0.17517895,-0.11897473,-0.090613975,-0.059697025,-0.036185758,-0.022556451,0.04060157,0.061222953,0.083763722,0.101716422,0.112864599,-0.010132409,0.012028865,0.039892821,0.068424482,0.088922131,0.052290804,0.079383058,0.120197032,0.167872809,0.199144469
1916.5,1916,1917,0.006901269,0.010545748,0.01683942,0.024753741,0.030990397,0.125824332,0.136224074,0.148933835,0.164773526,0.181954344,-0.120820142,-0.092099742,-0.060760025,-0.036827311,-0.022936973,0.044549566,0.06547645,0.088332489,0.1065197,0.117842004,0.019648904,0.04110686,0.068724487,0.097303355,0.119053029,-0.222670655,-0.188010638,-0.138519801,-0.09312543,-0.05998781
1917.5,1917,1918,0.019065402,0.024903395,0.033923652,0.044282438,0.052830578,0.13067843,0.141487211,0.154687479,0.171132209,0.188970655,-0.124738799,-0.095245128,-0.062994536,-0.038227945,-0.023804908,0.046864181,0.068357027,0.091888055,0.110680718,0.122406581,0.040050943,0.061229848,0.089306928,0.118172966,0.140752843,-0.364499064,-0.332794522,-0.284740239,-0.23485933,-0.197288065
1918.5,1918,1919,0.026442028,0.034287706,0.04577448,0.058142487,0.068185799,0.135505959,0.146715268,0.160402715,0.177456665,0.195953817,-0.128394335,-0.097971503,-0.064796347,-0.039273136,-0.02444091,0.049768472,0.071713758,0.095773552,0.115058411,0.127113493,0.054953276,0.07626159,0.10485233,0.134126636,0.157069239,-0.250261992,-0.224489602,-0.182472453,-0.139076499,-0.079425521
1919.5,1919,1920,0.030551307,0.03953298,0.052416619,0.065922142,0.076753877,0.140209526,0.151798469,0.165961191,0.18361488,0.20276417,-0.128035593,-0.097390441,-0.064130407,-0.038625844,-0.023972368,0.056509255,0.07818336,0.101960972,0.121002181,0.132923351,0.067417253,0.088735774,0.117561504,0.147052678,0.170113608,-0.194243373,-0.133624201,-0.089165661,-0.045549404,-0.017696472
1920.5,1920,1921,0.031976312,0.041328254,0.054580614,0.068348029,0.079269493,0.144861145,0.156820551,0.171453834,0.189705357,0.209495769,-0.127523706,-0.096722999,-0.063444879,-0.037952281,-0.023462429,0.063210979,0.084648964,0.108140528,0.126923949,0.138698594,0.075953376,0.09715936,0.125827268,0.155154988,0.178126798,-0.157551885,-0.123427878,-0.071707647,-0.020671998,0.016228224
1921.5,1921,1922,0.032112277,0.041505452,0.054801226,0.068662278,0.079448381,0.149482741,0.161803588,0.176903039,0.195747425,0.216186555,-0.126281057,-0.095453307,-0.06237255,-0.036946888,-0.022616017,0.070238722,0.091558554,0.114763498,0.133177176,0.144733489,0.083074018,0.104149147,0.132603884,0.161723187,0.184568381,-0.094705391,-0.066412836,-0.027509567,0.009780846,0.036392033
1922.5,1922,1923,0.026587817,0.034663695,0.046877952,0.059885279,0.06982679,0.153992948,0.166666339,0.182224631,0.201657712,0.222736035,-0.12306086,-0.092661445,-0.060292063,-0.035257841,-0.021046072,0.07855407,0.099602745,0.122393176,0.140240118,0.151434944,0.083979651,0.104718044,0.13242197,0.160815346,0.183219136,-0.192103551,-0.162793279,-0.122520521,-0.077473183,-0.041236044
1923.5,1923,1924,0.020423908,0.027435031,0.038805483,0.050788649,0.059891021,0.158429918,0.171447856,0.187459104,0.207471644,0.229179727,-0.124808425,-0.093676956,-0.060847348,-0.035333146,-0.020712104,0.082626901,0.104092044,0.127171569,0.145109519,0.156363935,0.081249446,0.101851664,0.129072025,0.157044684,0.178938018,-0.170905502,-0.141887253,-0.102920212,-0.057328243,-0.018654134
1924.5,1924,1925,0.023612831,0.030923793,0.042212114,0.05449602,0.063993283,0.162765115,0.176121339,0.192576677,0.213161784,0.235484824,-0.12798976,-0.095786402,-0.062123256,-0.035891483,-0.020741943,0.085358885,0.107475734,0.131059982,0.149300426,0.160739631,0.088038421,0.108880632,0.136400014,0.164548434,0.186630861,-0.16516635,-0.138528966,-0.099470738,-0.059458738,-0.031676203
1925.5,1925,1926,0.02843018,0.036837159,0.049143823,0.062356574,0.072714808,0.166755019,0.180423364,0.197295859,0.218424931,0.241327675,-0.129463514,-0.096766674,-0.062739361,-0.036162551,-0.020478586,0.08884902,0.111283881,0.135277092,0.15377106,0.165330976,0.098397231,0.119364737,0.147374995,0.175987127,0.19844692,-0.143767789,-0.118155846,-0.081296355,-0.028978021,0.008267101
1926.5,1926,1927,0.0323687,0.041841183,0.05534726,0.069632962,0.080857389,0.17024368,0.184179574,0.20143795,0.223069745,0.246503483,-0.131088773,-0.097970545,-0.063553762,-0.036627691,-0.020448091,0.091625798,0.114302392,0.138685562,0.157489745,0.169209274,0.107401291,0.128431737,0.156830586,0.185869041,0.208519151,0.000946784,0.027442506,0.067103043,0.1112226,0.140712819
1927.5,1927,1928,0.036165065,0.046771166,0.061705345,0.077283184,0.089494148,0.173474027,0.18766138,0.205290228,0.227400169,0.251326384,-0.133859112,-0.10021865,-0.065176234,-0.037673831,-0.0209596,0.093134207,0.116070237,0.14095699,0.160254732,0.172250392,0.115383578,0.136514348,0.165348686,0.19492805,0.217642935,-0.112405137,-0.085953489,-0.046780827,-0.003762405,0.03077369
1928.5,1928,1929,0.03728909,0.048320069,0.063998841,0.080445052,0.093299534,0.176649626,0.191082952,0.209084079,0.231662708,0.25607744,-0.136961373,-0.102770848,-0.067005273,-0.038842708,-0.021660478,0.09443084,0.117577997,0.142925441,0.162709132,0.174999669,0.119551093,0.140677065,0.16971083,0.199567889,0.222178072,-0.098626658,-0.064458748,-0.024501709,0.011265003,0.046323829
1929.5,1929,1930,0.02896689,0.038303079,0.052809697,0.068176799,0.080259451,0.179815515,0.194487435,0.212865524,0.235913848,0.260819794,-0.140571356,-0.10585638,-0.069241647,-0.040304881,-0.022746566,0.095402046,0.118662829,0.144430935,0.164738017,0.177401564,0.111434994,0.13217409,0.160379119,0.189294132,0.211521514,-0.271193446,-0.245000097,-0.202030607,-0.154562903,-0.116371356
1930.5,1930,1931,0.026839297,0.035530075,0.049356326,0.064349285,0.076319174,0.182934998,0.197845966,0.216604523,0.240128251,0.265518279,-0.143732106,-0.108386871,-0.070901506,-0.041273427,-0.02381073,0.097325682,0.120539531,0.146349408,0.166916534,0.179880649,0.11068645,0.131254685,0.159139,0.187731445,0.209693387,-0.048541886,-0.022773725,0.014963177,0.057625753,0.104547156
1931.5,1931,1932,0.033633975,0.043656719,0.058313934,0.074342423,0.087320425,0.186039834,0.201191321,0.22033044,0.24432275,0.27020082,-0.141767626,-0.106686876,-0.06948014,-0.040197029,-0.022961064,0.103575085,0.126213104,0.151471779,0.171606332,0.184346186,0.124295905,0.144858763,0.173199669,0.202362388,0.224517501,0.012938701,0.0425313,0.079639044,0.119235329,0.147883491
1932.5,1932,1933,0.027934372,0.036870558,0.050940117,0.066331053,0.07877491,0.189236581,0.204632208,0.22416205,0.248627829,0.27499676,-0.136518055,-0.102215871,-0.066058122,-0.037757951,-0.020814706,0.112573473,0.134416026,0.158836924,0.178130567,0.190346496,0.125391346,0.145572315,0.173248038,0.201764514,0.223860745,-0.037024072,-0.004468425,0.040405484,0.08450568,0.117883922
1933.5,1933,1934,0.022842087,0.031087277,0.044373546,0.059172148,0.071143622,0.19255115,0.208208829,0.228130579,0.253083497,0.279952709,-0.13332594,-0.099418624,-0.063847657,-0.036120539,-0.019495392,0.120002991,0.14126879,0.165048033,0.183782279,0.195707038,0.125808728,0.145753319,0.173040219,0.201214304,0.223152936,-0.200293229,-0.1778716,-0.142598718,-0.101981891,-0.066888949
1934.5,1934,1935,0.028369859,0.037069434,0.050595297,0.065939094,0.078567843,0.196057019,0.211995512,0.232318699,0.257770926,0.285165584,-0.134641996,-0.100441898,-0.064536247,-0.03650477,-0.019756754,0.123588344,0.144761965,0.168509625,0.187330042,0.199409651,0.135171159,0.155213252,0.182826392,0.211365151,0.233531374,-0.0615654,-0.040212683,-0.006953319,0.031402458,0.0581422
1935.5,1935,1936,0.03288019,0.042658973,0.057204418,0.073393816,0.08671286,0.199806213,0.216049761,0.236791164,0.262762815,0.290702587,-0.13881554,-0.103813478,-0.066929553,-0.038047901,-0.020926724,0.124950342,0.146342123,0.170481645,0.189851525,0.202362032,0.143189921,0.16332898,0.191352077,0.220351564,0.242609487,-0.107423436,-0.080899384,-0.043509191,-0.003042333,0.026626963
1936.5,1936,1937,0.037829484,0.048975402,0.065051813,0.082494423,0.096733246,0.204100251,0.220696479,0.241881251,0.268402283,0.296941996,-0.144324501,-0.108233931,-0.070037246,-0.04004118,-0.022534564,0.12575346,0.147558567,0.172318429,0.192483589,0.20554674,0.152093947,0.172368059,0.200969458,0.23060298,0.25284338,-0.086758949,-0.056728009,-0.018455783,0.01785028,0.042332254
1937.5,1937,1938,0.042228646,0.05473027,0.072635543,0.091724732,0.107092382,0.208980484,0.225991112,0.24765306,0.274773518,0.303973176,-0.150657167,-0.113347785,-0.073664956,-0.042423453,-0.024426199,0.126437081,0.14874543,0.174329437,0.19546254,0.209161018,0.160622431,0.181183159,0.210565969,0.24107648,0.263416114,0.048069934,0.078198743,0.122073643,0.165956875,0.198057981
1938.5,1938,1939,0.0444985,0.057756253,0.07687857,0.097237768,0.113494307,0.213935445,0.231373576,0.253541946,0.281282574,0.311157735,-0.153436878,-0.115860517,-0.075568665,-0.04375175,-0.025156519,0.129730609,0.152284414,0.17841211,0.200053781,0.214063898,0.168255119,0.189015696,0.21895045,0.250086546,0.272506069,0.056226548,0.084900647,0.123295374,0.160850513,0.189730722
1939.5,1939,1940,0.045700538,0.059398662,0.079300918,0.100558247,0.117479422,0.218855587,0.236708388,0.259391457,0.287768165,0.318319292,-0.155667143,-0.117726085,-0.076880738,-0.044599529,-0.025647458,0.133870973,0.156532017,0.182967007,0.204948189,0.219203192,0.174861371,0.195741877,0.226032831,0.257558763,0.280074836,0.022740386,0.05009362,0.087673433,0.123633292,0.150533975
1940.5,1940,1941,0.0460762,0.059949983,0.080279507,0.10207611,0.119419419,0.223748714,0.242014376,0.26521036,0.294222474,0.325454995,-0.161046046,-0.122305346,-0.080288149,-0.046949386,-0.027382586,0.135079619,0.15814353,0.185347915,0.208214867,0.223049612,0.177996261,0.198992372,0.229540415,0.261404877,0.283912274,0.13917787,0.166679559,0.206536114,0.248623458,0.276647808
1941.5,1941,1942,0.045562314,0.059338049,0.07974939,0.101716137,0.119210186,0.228478726,0.247148037,0.270849079,0.300486177,0.332380007,-0.166800233,-0.127366292,-0.084176172,-0.049691913,-0.029170332,0.135240983,0.158908995,0.187183335,0.211126059,0.226595969,0.179087169,0.200230412,0.230937079,0.263025403,0.285516445,-0.001126919,0.053001242,0.163320467,0.253364549,0.295840831
1942.5,1942,1943,0.04450841,0.058054636,0.078335613,0.100239646,0.117766321,0.233074587,0.252131219,0.276330262,0.306585853,0.33913154,-0.172594628,-0.132140979,-0.087633792,-0.0520151,-0.030888371,0.135788231,0.160027757,0.189154126,0.214015484,0.230098681,0.179602264,0.200818849,0.231575802,0.263754045,0.286284246,-0.028101538,0.031649964,0.1187081,0.206360109,0.251188904
1943.5,1943,1944,0.042939933,0.056115557,0.076127943,0.097818639,0.115269303,0.23750478,0.256930679,0.281617552,0.312476844,0.345656499,-0.177839825,-0.136327508,-0.090577032,-0.053956406,-0.032332778,0.136886759,0.161584571,0.19139491,0.217039021,0.233671384,0.179722964,0.200981289,0.231690623,0.263853461,0.28647587,-0.043734167,0.02419885,0.131429605,0.217054099,0.252500482
1944.5,1944,1945,0.041826962,0.054729369,0.074513726,0.096079908,0.113536641,0.241470317,0.261224205,0.286385328,0.317822372,0.351585124,-0.181235627,-0.138971652,-0.092380945,-0.055067344,-0.032981665,0.139068227,0.164077145,0.194327272,0.220449033,0.23740916,0.181177675,0.202410079,0.233061813,0.265204251,0.28793925,0.095427673,0.161935503,0.269113779,0.343417024,0.397047624
1945.5,1945,1946,0.042790953,0.055873678,0.075756714,0.097569145,0.115346789,0.244839101,0.264865095,0.290471375,0.322444057,0.356732997,-0.179851461,-0.13759126,-0.091130972,-0.054010317,-0.031929811,0.145052265,0.169791512,0.199683912,0.225440594,0.24219327,0.188108486,0.209155572,0.239677794,0.271757697,0.294508997,0.006487052,0.067704175,0.149643786,0.230932626,0.271222414
1946.5,1946,1947,0.044971267,0.058611597,0.079028428,0.101435841,0.11976222,0.247885689,0.268164366,0.294189841,0.326662486,0.361435625,-0.175613645,-0.133983766,-0.088330492,-0.051958962,-0.029891522,0.152836675,0.177045953,0.206362061,0.231398836,0.247703657,0.198003959,0.218976095,0.249604948,0.281755929,0.304564925,-0.11116057,-0.074214028,-0.011824314,0.06166604,0.107536534
1947.5,1947,1948,0.047996306,0.06249573,0.083972011,0.107434295,0.126578247,0.2509174,0.271442354,0.297878146,0.330841422,0.366079246,-0.174990143,-0.133831941,-0.088372663,-0.05210229,-0.029507609,0.156670221,0.180713018,0.21019087,0.235352998,0.251687497,0.205785184,0.227113095,0.258418798,0.291194831,0.31432876,-0.085352147,-0.037082853,0.022204597,0.084062845,0.12679766
1948.5,1948,1949,0.05135282,0.066902018,0.08985889,0.114843587,0.13511254,0.253932446,0.274706125,0.301549852,0.334993939,0.370706055,-0.178165154,-0.136869453,-0.090780355,-0.053848765,-0.030566752,0.157319023,0.181492627,0.211527362,0.237342378,0.254095496,0.21146491,0.233377643,0.265741199,0.299575478,0.323270054,-0.122593103,-0.084042917,-0.030469906,0.028833864,0.067641408
1949.5,1949,1950,0.053144093,0.069331599,0.093367193,0.119552463,0.140704828,0.256878732,0.277897114,0.305151105,0.339073007,0.375250615,-0.181404679,-0.139353459,-0.092396133,-0.054780616,-0.031409988,0.158875256,0.183184132,0.213365607,0.239489215,0.256569566,0.215904643,0.238161112,0.271199927,0.30574733,0.329967175,-0.133445584,-0.104413906,-0.059204057,-0.001554629,0.041578143
1950.5,1950,1951,0.052887483,0.069092681,0.093410119,0.119966927,0.14140043,0.259877264,0.281144072,0.308804557,0.343201195,0.379840797,-0.186195841,-0.142612182,-0.09432134,-0.05578177,-0.032785277,0.159978234,0.184437123,0.214660428,0.241220124,0.258737238,0.217161335,0.239483572,0.272692412,0.307515418,0.332032056,-0.222997356,-0.189597659,-0.139660038,-0.08581419,-0.052811912
1951.5,1951,1952,0.050672723,0.066324979,0.090211567,0.11630855,0.13742955,0.262988745,0.284518773,0.312582478,0.347461884,0.384568542,-0.19112356,-0.146748188,-0.097361226,-0.057866067,-0.034294478,0.159548859,0.184405217,0.215346605,0.242725139,0.260787281,0.214752606,0.23711778,0.270238668,0.304995567,0.329572411,-0.046510465,-0.018342469,0.023000749,0.066986514,0.098001318
1952.5,1952,1953,0.048310637,0.063378296,0.086693697,0.112227575,0.132999913,0.266354375,0.288165713,0.316635847,0.352001523,0.389600337,-0.194800112,-0.150358486,-0.100284845,-0.060007863,-0.035448941,0.159575444,0.184897557,0.216698833,0.244864643,0.263403122,0.212645303,0.235072345,0.268081501,0.302707642,0.327328357,0.02053708,0.055007872,0.104597382,0.155620297,0.19211829
1953.5,1953,1954,0.046751707,0.061404367,0.084245071,0.109396014,0.129974948,0.270207343,0.292326123,0.321218163,0.357096379,0.395226964,-0.199776977,-0.154479203,-0.103224121,-0.061988503,-0.037091202,0.160305529,0.185875321,0.218199179,0.247093454,0.266175985,0.212005092,0.234352258,0.267236263,0.301817358,0.326530488,0.092869824,0.124954931,0.16856198,0.212041453,0.24848542
1954.5,1954,1955,0.045496817,0.059813979,0.082250457,0.107101299,0.127541707,0.274529661,0.296991249,0.326317489,0.362747262,0.401459537,-0.204758448,-0.158438653,-0.10593497,-0.063738002,-0.038498861,0.161841017,0.187613539,0.220399961,0.249961587,0.269530031,0.212629569,0.234797222,0.267544731,0.302082598,0.326826932,-0.101754799,-0.072124266,-0.027689051,0.021666524,0.059379486
1955.5,1955,1956,0.045822469,0.060132744,0.0824387,0.107296201,0.127842264,0.279150365,0.301967973,0.331761166,0.368769864,0.408102962,-0.210707402,-0.163388928,-0.109519243,-0.066133946,-0.040105173,0.162455617,0.188653625,0.222195305,0.252642721,0.272824199,0.214538514,0.236725144,0.269616187,0.30435285,0.329178661,-0.181384936,-0.15230453,-0.109358598,-0.064261018,-0.033347723
1956.5,1956,1957,0.048858726,0.06386666,0.08674825,0.112276996,0.133456457,0.284017198,0.307210709,0.337491184,0.37510774,0.415093455,-0.21944377,-0.170486098,-0.114577182,-0.069522064,-0.042545341,0.161247715,0.188014326,0.222658411,0.254411136,0.275499704,0.218362568,0.240885032,0.27451539,0.310014576,0.335153522,-0.254981022,-0.225525089,-0.182824329,-0.140156505,-0.110494869
1957.5,1957,1958,0.053740482,0.07013975,0.094732538,0.121975141,0.144417421,0.289136021,0.312708641,0.343493611,0.381746267,0.422424085,-0.22992212,-0.178338933,-0.11979422,-0.072969981,-0.045175968,0.159687573,0.187085864,0.222942352,0.256133775,0.278250909,0.224522616,0.247789125,0.282894194,0.319846908,0.345741123,-0.037367456,-0.005344758,0.039654238,0.083474158,0.113753082
1958.5,1958,1959,0.057814289,0.075570113,0.102172326,0.131573116,0.155568176,0.294405159,0.318373948,0.34968093,0.388584256,0.429962175,-0.23734871,-0.184136917,-0.123795919,-0.075485996,-0.046698838,0.160150005,0.188182448,0.22500053,0.259198939,0.282018431,0.232006756,0.255958468,0.292413399,0.330846459,0.357734145,-0.030153698,0.002376586,0.04764675,0.0913407,0.120820732
1959.5,1959,1960,0.059282368,0.07763368,0.105358642,0.13606224,0.161016377,0.299830525,0.324198718,0.356038928,0.39561377,0.437697716,-0.242507562,-0.188693894,-0.127323218,-0.077641106,-0.047593205,0.16169764,0.190455986,0.228120372,0.263105045,0.286435674,0.237303967,0.261577819,0.298669457,0.337951278,0.365447284,-0.067876644,-0.035467689,0.010107884,0.053944455,0.082693908
1960.5,1960,1961,0.058840288,0.077183586,0.10517269,0.13624464,0.16145766,0.305735169,0.330548257,0.362928569,0.403200835,0.44602281,-0.249340017,-0.194609968,-0.131819524,-0.080565035,-0.049048451,0.162217093,0.191845996,0.23073002,0.266828249,0.290892869,0.238948656,0.263582438,0.3011024,0.340869188,0.368648171,-0.134693355,-0.102967062,-0.057749873,-0.013385896,0.017448172
1961.5,1961,1962,0.056471399,0.074237686,0.101769131,0.132343921,0.157195511,0.312055849,0.337358018,0.370297268,0.411290477,0.454885432,-0.257789166,-0.201529496,-0.136812411,-0.083946805,-0.051499348,0.162761195,0.192982271,0.232950538,0.270306801,0.2952813,0.237643599,0.262352953,0.300006837,0.339916443,0.367761526,-0.041420687,-0.008591037,0.036643524,0.07962263,0.107281084
1962.5,1962,1963,0.044388744,0.0603058,0.08588586,0.114184243,0.13725874,0.318780239,0.344608029,0.378138304,0.419882923,0.464289701,-0.265367787,-0.207731901,-0.141209498,-0.08694199,-0.053710971,0.164741351,0.195356948,0.236190908,0.274626265,0.300404404,0.226542129,0.250802815,0.287466273,0.326198404,0.353367366,-0.070882582,-0.039638041,0.00468927,0.047590635,0.076072396
1963.5,1963,1964,-0.024563259,-0.00213112,0.02163798,0.044403581,0.060314123,0.326122849,0.352504129,0.386661693,0.429216355,0.474499175,-0.273973338,-0.214438903,-0.145782128,-0.090022719,-0.055997572,0.167092874,0.198060465,0.239799581,0.279385125,0.305994873,0.159441216,0.18790516,0.225716792,0.262434905,0.287507565,0.022809561,0.052206379,0.094449114,0.138043674,0.170498845
1964.5,1964,1965,-0.107639881,-0.079771402,-0.044983838,-0.018644407,-0.007972496,0.333917527,0.360879362,0.395716459,0.439122021,0.485356916,-0.282113135,-0.221140422,-0.150560141,-0.093235041,-0.05817946,0.16979034,0.201228897,0.243942223,0.284669941,0.312108755,0.082826954,0.116201124,0.16104272,0.202663022,0.229488523,-0.187066111,-0.155829176,-0.109423541,-0.060524033,-0.024237326
1965.5,1965,1966,-0.108323664,-0.087952772,-0.05832858,-0.031771198,-0.019063614,0.341826972,0.369394089,0.404929966,0.449220702,0.496392149,-0.287873814,-0.226619378,-0.154893018,-0.096036553,-0.059799135,0.173620861,0.205556378,0.249113329,0.290761684,0.318850371,0.082204296,0.111669848,0.154507108,0.195931859,0.223396607,-0.083683041,-0.050618265,-0.003130675,0.04537037,0.080272961
1966.5,1966,1967,-0.061104306,-0.048982445,-0.030855274,-0.010765426,0.000254384,0.350192428,0.378402293,0.414660677,0.459864259,0.508016708,-0.294214849,-0.232280254,-0.15918263,-0.098821331,-0.061500975,0.17784543,0.210290862,0.25472942,0.2973212,0.326067396,0.12720704,0.151739393,0.189693756,0.226032063,0.250934303,-0.057349556,-0.024921092,0.019920485,0.063464375,0.0924262
1967.5,1967,1968,-0.032012608,-0.022178011,-0.00757517,0.008268588,0.019438443,0.358996864,0.387883474,0.424894646,0.471048355,0.520204246,-0.300748204,-0.237706266,-0.163044922,-0.101246703,-0.063100135,0.18310168,0.215917582,0.261082441,0.304504072,0.333873425,0.160687247,0.183667878,0.219153978,0.254203677,0.276378989,-0.048199875,-0.020553285,0.019218354,0.059002957,0.085371153
1968.5,1968,1969,-0.027299031,-0.017234023,-0.002065132,0.014206202,0.025033668,0.368173897,0.39776503,0.43556349,0.482709523,0.532886803,-0.307352525,-0.243181596,-0.166946836,-0.103629187,-0.064613085,0.188711461,0.221957607,0.267862499,0.312114065,0.342077674,0.173524064,0.196069283,0.23122824,0.266401976,0.287618668,-0.112440446,-0.083098897,-0.043503318,-0.003929161,0.021916074
1969.5,1969,1970,-0.010037014,-0.00200477,0.011815433,0.028225116,0.040687885,0.378106919,0.408453941,0.447086498,0.495273243,0.54655427,-0.313415082,-0.248711462,-0.171238415,-0.106220071,-0.065894392,0.194621366,0.228572068,0.275458857,0.320642869,0.351219752,0.196251303,0.218515587,0.253287598,0.288827126,0.308897468,0.002076638,0.028664926,0.068776399,0.108441257,0.134990663
1970.5,1970,1971,0.002676999,0.009828654,0.023399603,0.040865706,0.054738076,0.389262526,0.420472999,0.460027918,0.509362042,0.561855814,-0.321699294,-0.255919933,-0.176713087,-0.109667924,-0.06783384,0.200121321,0.234995961,0.283192784,0.329685956,0.361106548,0.215480893,0.237957678,0.273181155,0.30968067,0.329314531,-0.069260387,-0.042262809,-0.002645781,0.03705284,0.062997345
1971.5,1971,1972,0.000788877,0.008237612,0.021678354,0.039486455,0.053396215,0.401000021,0.433136607,0.473692253,0.524251819,0.578047457,-0.330832994,-0.263422171,-0.1821087,-0.112969073,-0.069920582,0.206457315,0.242121053,0.291514501,0.339231968,0.371522161,0.220923066,0.243988795,0.279895708,0.317260539,0.336395293,-0.197229689,-0.170293142,-0.129956231,-0.089541017,-0.063253118
1972.5,1972,1973,-0.000971961,0.006396481,0.019353491,0.036781403,0.050194561,0.413570164,0.446686263,0.488331944,0.540195426,0.595338532,-0.34084944,-0.270892218,-0.186952628,-0.115826582,-0.072062507,0.214548628,0.250695646,0.300913632,0.349655211,0.382749498,0.227296467,0.250832498,0.286953881,0.325130314,0.343560934,-0.092065822,-0.066271015,-0.025042977,0.015559651,0.042739929
1973.5,1973,1974,0.010683299,0.017323765,0.02989731,0.046896076,0.06079235,0.428370826,0.462730974,0.505643606,0.559009979,0.615726531,-0.35097753,-0.278753405,-0.192352146,-0.119119776,-0.074247918,0.2244202,0.261304935,0.312646195,0.362623851,0.396617599,0.248647018,0.272910625,0.309485838,0.348543078,0.367238581,0.028563508,0.054493634,0.09560626,0.13572751,0.162427859
1974.5,1974,1975,0.013762821,0.020777623,0.033506559,0.050461765,0.064390653,0.443442971,0.479039873,0.52330178,0.578233133,0.636559194,-0.357473299,-0.284212296,-0.196401507,-0.121424507,-0.075278198,0.236619957,0.274215604,0.326515451,0.377418016,0.412032314,0.264891177,0.289585049,0.326918095,0.366404444,0.385720342,-0.21037148,-0.184387987,-0.143091306,-0.103048208,-0.076592943
1975.5,1975,1976,-0.005613695,0.003193178,0.016100065,0.032465902,0.0444921,0.456798343,0.493415619,0.538889289,0.595256567,0.65501709,-0.3614859,-0.287331408,-0.198570415,-0.122393838,-0.075322953,0.249378919,0.287328333,0.340131015,0.391489576,0.426351014,0.25998053,0.284653241,0.322668433,0.362121706,0.380548656,-0.145356211,-0.118780491,-0.07723023,-0.035687698,-0.009420941
1976.5,1976,1977,-0.013729232,-0.004566704,0.00866203,0.023532703,0.034196537,0.469457527,0.506986906,0.5535914,0.611297369,0.672399232,-0.367600238,-0.291970407,-0.201702967,-0.12413194,-0.076192045,0.259875798,0.298248882,0.351685464,0.403707897,0.439002733,0.262698756,0.287398537,0.32617262,0.365938902,0.384301902,-0.252177298,-0.226793466,-0.184956498,-0.143377259,-0.11636918
1977.5,1977,1978,0.005127779,0.011014878,0.022393825,0.036827216,0.048477084,0.483374383,0.521955003,0.569765806,0.628899932,0.691452453,-0.375739166,-0.297982375,-0.20562309,-0.126317784,-0.077536152,0.270617723,0.309546466,0.363754392,0.416638444,0.452570368,0.288486774,0.314136356,0.352872506,0.393110494,0.412151875,0.031669077,0.060142986,0.103402197,0.146835091,0.176260578
1978.5,1978,1979,0.019150145,0.026081704,0.038490281,0.054232736,0.067597868,0.498738374,0.538527489,0.587705046,0.648419688,0.712592962,-0.382426363,-0.30251358,-0.208320841,-0.127406259,-0.077713442,0.284784345,0.324106271,0.378836542,0.432336991,0.468728781,0.319231889,0.34489426,0.384043947,0.42466793,0.445723982,-0.097675382,-0.068400458,-0.025793963,0.017654429,0.044217451
1979.5,1979,1980,0.028094148,0.037177387,0.052147524,0.070058607,0.085320491,0.514647481,0.555704762,0.606326699,0.668711454,0.734595487,-0.389251892,-0.307123339,-0.211032793,-0.128528764,-0.077974454,0.29960137,0.339313944,0.394555569,0.448668038,0.485500132,0.347480118,0.373052031,0.413130909,0.454430079,0.477462175,-0.037683752,-0.008835267,0.034102809,0.076792405,0.103767455
1980.5,1980,1981,0.031462583,0.041804874,0.058641898,0.078372322,0.095002812,0.531401923,0.573798646,0.625966072,0.690139234,0.757823783,-0.395179453,-0.31139863,-0.213739082,-0.129920992,-0.078662891,0.315592667,0.355635335,0.411378935,0.466075704,0.503372732,0.369945343,0.395636782,0.436477736,0.478282452,0.502385679,0.039778757,0.069966307,0.114494182,0.158865097,0.187061586
1981.5,1981,1982,0.030738059,0.04150423,0.059151186,0.079709863,0.096980245,0.548361287,0.592106462,0.645849824,0.71185721,0.781397468,-0.397836316,-0.313214228,-0.214800656,-0.130252386,-0.07848209,0.334251729,0.374395658,0.430248275,0.485116383,0.522577769,0.389567731,0.414993698,0.456050336,0.497586697,0.521828002,0.073728103,0.10392151,0.148378924,0.192765775,0.220682996
1982.5,1982,1983,0.011827701,0.022935455,0.039215172,0.057966217,0.073726668,0.564348155,0.609314799,0.664526731,0.732269427,0.803588513,-0.401527809,-0.314909056,-0.215094022,-0.129988409,-0.078364332,0.352742551,0.392663027,0.448163897,0.502900909,0.540398961,0.389751512,0.413981348,0.454138622,0.494030391,0.515401602,-0.133498194,-0.104988153,-0.062456191,-0.019344594,0.007926346
1983.5,1983,1984,-0.05343738,-0.033338308,-0.010288893,0.004917347,0.015764489,0.580225587,0.626390626,0.68305108,0.752506743,0.825574172,-0.402830431,-0.314986621,-0.214536168,-0.129061443,-0.077204821,0.372266708,0.411969066,0.467111915,0.521608422,0.55904454,0.355350582,0.376727963,0.419288591,0.457788597,0.478438237,0.09603989,0.122096673,0.163717188,0.20796557,0.234167983
1984.5,1984,1985,-0.087182592,-0.067128415,-0.041696146,-0.023224961,-0.013003721,0.596549916,0.643988063,0.702133477,0.7733425,0.848205093,-0.401268052,-0.313753486,-0.213676296,-0.127909347,-0.074953116,0.392828576,0.432536771,0.48753646,0.541816016,0.579111582,0.3427037,0.364366025,0.409577817,0.447985113,0.471125524,-0.07364861,-0.046310073,-0.003623184,0.042509715,0.069985658
1985.5,1985,1986,-0.057892555,-0.045678147,-0.028495936,-0.01385709,-0.004737644,0.61298888,0.661697865,0.721346229,0.794320176,0.870971388,-0.403397742,-0.314839224,-0.214061782,-0.127645594,-0.073922171,0.411687037,0.451421166,0.506383508,0.560664744,0.598084334,0.378657725,0.399623419,0.443380743,0.481038372,0.502959731,-0.102298002,-0.07603108,-0.035809366,0.00892792,0.034014803
1986.5,1986,1987,-0.034408847,-0.02537083,-0.012397749,-0.00063599,0.008316488,0.629598498,0.67959254,0.740760684,0.815525125,0.893985453,-0.405876195,-0.315959578,-0.214330815,-0.127244857,-0.072623377,0.430816947,0.470570197,0.525486648,0.579775582,0.617309278,0.414968818,0.436162467,0.479260698,0.516277502,0.538928336,-0.092367001,-0.065326044,-0.0247636,0.019438806,0.045470937
1987.5,1987,1988,-0.02054856,-0.012901334,-0.001138675,0.010855295,0.020399386,0.646558163,0.697857489,0.76058954,0.837175379,0.917472723,-0.410179566,-0.318169897,-0.215183541,-0.127207622,-0.071902704,0.449484345,0.489288265,0.544184595,0.598570953,0.636357012,0.445680557,0.467145671,0.50988999,0.54651016,0.569712046,0.03015081,0.05570893,0.09471748,0.137756405,0.162804009
1988.5,1988,1989,-0.00297493,0.002778664,0.01343498,0.027083336,0.037968621,0.664701214,0.717450787,0.781879008,0.860389541,0.942636257,-0.415729703,-0.321235831,-0.216528587,-0.127489505,-0.071395787,0.468719178,0.508678426,0.563734263,0.618413697,0.656618896,0.480390392,0.502921283,0.545280278,0.582002103,0.60611701,0.02658792,0.054058901,0.093713649,0.136916695,0.162722477
1989.5,1989,1990,0.012972904,0.019672643,0.031645767,0.04747773,0.060881724,0.683592018,0.737869143,0.80407086,0.884621928,0.968905091,-0.41856391,-0.322599819,-0.216965839,-0.127169373,-0.069397718,0.490074475,0.530251612,0.585503519,0.640403211,0.678931955,0.519374546,0.543396175,0.585583329,0.623092055,0.648726881,-0.116454639,-0.088107327,-0.047660708,-0.004511757,0.02233108
1990.5,1990,1991,0.023444647,0.032050312,0.046684522,0.064888575,0.080517323,0.701589286,0.757257332,0.825140089,0.90766872,0.993922356,-0.421353483,-0.323937247,-0.217399567,-0.126962465,-0.067709967,0.510432473,0.550778796,0.606139243,0.661177645,0.699922821,0.553647098,0.578671326,0.620965362,0.659465492,0.686023057,0.026188126,0.055531557,0.096875802,0.140288408,0.167686096
1991.5,1991,1992,-0.007229528,0.004626859,0.018459233,0.035178542,0.049591138,0.718651503,0.775614132,0.845064819,0.929491639,1.017625457,-0.432617277,-0.329310403,-0.219148733,-0.127556356,-0.069623339,0.52707904,0.567457139,0.622759491,0.678142677,0.717448118,0.544511735,0.567270736,0.609606445,0.645480514,0.669372559,0.017263701,0.044403115,0.083536319,0.12651627,0.152493956
1992.5,1992,1993,-0.163714657,-0.130315622,-0.09120461,-0.060947837,-0.043903171,0.734586644,0.792734613,0.863628626,0.949847519,1.039768112,-0.436248298,-0.329825436,-0.218209043,-0.126431102,-0.067989618,0.546015894,0.586545944,0.641751796,0.697037935,0.736434051,0.432898489,0.462334424,0.511579394,0.559928536,0.590414226,-0.112069905,-0.080487635,-0.030823885,0.019286088,0.050395474
1993.5,1993,1994,-0.25828678,-0.219175997,-0.167940043,-0.122698933,-0.092827668,0.748844084,0.808003286,0.88020128,0.968061289,1.059640902,-0.428915769,-0.324648386,-0.214767747,-0.123395217,-0.062318803,0.56866008,0.608609249,0.662774742,0.716966748,0.755834106,0.361463869,0.398300648,0.456093282,0.517828773,0.557969692,-0.03830896,0.002240943,0.064748183,0.123637255,0.161663244
1994.5,1994,1995,-0.191803814,-0.165572405,-0.130146168,-0.096122775,-0.073043355,0.762535506,0.82270061,0.896167815,0.985616267,1.07877053,-0.432518257,-0.324491924,-0.213017821,-0.121490237,-0.060189799,0.586268777,0.626064956,0.679769516,0.733579338,0.772410634,0.43073355,0.461901749,0.513291866,0.567185581,0.601904213,-0.015238279,0.020808118,0.075162537,0.127899255,0.160587102
1995.5,1995,1996,-0.118162543,-0.098473654,-0.07303242,-0.050873913,-0.037460594,0.776747045,0.838025153,0.912824124,1.00392737,1.098749769,-0.435199086,-0.323203758,-0.210362837,-0.118859703,-0.056660456,0.605169591,0.645058264,0.698549002,0.751970897,0.790677193,0.514160869,0.542093505,0.589150429,0.635504614,0.666011989,0.060950211,0.092966046,0.141463861,0.190347493,0.221283587
1996.5,1996,1997,-0.072306693,-0.056657666,-0.036071995,-0.018411559,-0.005789782,0.791271329,0.853718638,0.929878235,1.022690415,1.119200736,-0.429297951,-0.317863613,-0.206129596,-0.115398448,-0.048812418,0.628500459,0.667986631,0.720563203,0.772966325,0.811188579,0.577242255,0.604865779,0.648587942,0.691071928,0.720751882,-0.091491111,-0.060584728,-0.016359662,0.028861762,0.058329664
1997.5,1997,1998,-0.042125507,-0.029267502,-0.012713337,0.004401672,0.018737336,0.80521315,0.868781855,0.946300238,1.040786048,1.138958955,-0.437961924,-0.320105915,-0.20552887,-0.114202678,-0.049717057,0.643184176,0.683390905,0.736420214,0.788987339,0.827409446,0.618361399,0.64689826,0.689644903,0.730244637,0.759397885,0.015316009,0.046214473,0.089123882,0.133472222,0.163634197
1998.5,1998,1999,-0.018588094,-0.007858548,0.004828301,0.024019393,0.039010025,0.819652551,0.884435773,0.963348091,1.0595602,1.159450799,-0.456919196,-0.326405456,-0.206576653,-0.115170951,-0.052580531,0.64912861,0.694648971,0.750802517,0.804628919,0.843657142,0.645039201,0.679069221,0.724016964,0.764890383,0.79384506,0.136525199,0.166704316,0.209444776,0.255881136,0.291274609
1999.5,1999,2000,0.00062726,0.009055922,0.021421544,0.041091175,0.05733977,0.835222346,0.901365221,0.98176384,1.079816242,1.181565404,-0.452713171,-0.322288738,-0.203121878,-0.111924582,-0.048986659,0.672923562,0.717658738,0.77290982,0.826033493,0.864817989,0.685926786,0.719333887,0.763304234,0.803670903,0.831800282,-0.150705875,-0.12179026,-0.08037952,-0.035527601,-0.001288662
2000.5,2000,2001,0.013777464,0.022518544,0.036608495,0.056510902,0.073730107,0.849992862,0.91740636,0.999267042,1.099151134,1.202721363,-0.433640799,-0.312110012,-0.197467275,-0.107386491,-0.039282219,0.705249128,0.745673766,0.797752678,0.849046767,0.887078702,0.732774314,0.761726012,0.802987099,0.841956208,0.86897606,-0.185875447,-0.157386954,-0.116428189,-0.073435457,-0.042937965
2001.5,2001,2002,0.022399519,0.032010982,0.047966776,0.068413691,0.086232421,0.863765359,0.932344725,1.015580595,1.117214819,1.222534674,-0.420052715,-0.304879705,-0.19353158,-0.104896274,-0.028593237,0.729799151,0.76906544,0.819818765,0.870075703,0.907670084,0.768112004,0.795511365,0.836157739,0.874358128,0.90059346,-0.053249382,-0.026306667,0.01273918,0.053915064,0.082060063
2002.5,2002,2003,0.028535316,0.039018437,0.056442481,0.077569859,0.095869879,0.87759071,0.947346568,1.031950712,1.135326505,1.24236393,-0.421095082,-0.304485674,-0.192567982,-0.103929477,-0.026534056,0.747132173,0.786518455,0.837135583,0.887198578,0.924840397,0.793457684,0.820522179,0.861849874,0.900035332,0.925847238,-0.028610163,-0.001918422,0.037262354,0.079238364,0.107277634
2003.5,2003,2004,0.031265825,0.042096748,0.059993295,0.081175093,0.099483282,0.892224428,0.96327281,1.049303949,1.154477497,1.263309246,-0.431711204,-0.308911965,-0.194069088,-0.104409312,-0.03085346,0.760005111,0.800357808,0.851817906,0.902561963,0.940710014,0.809902906,0.837670495,0.880108058,0.918736706,0.944661865,-0.045410671,-0.018635688,0.020909311,0.063833647,0.092506203
2004.5,2004,2005,0.03113801,0.041727225,0.059352575,0.079903558,0.097670615,0.907015318,0.979376256,1.066865325,1.173896095,1.284557712,-0.436630286,-0.311702624,-0.195534632,-0.105075874,-0.030262984,0.775088784,0.815922429,0.867880225,0.919095159,0.957678857,0.824935612,0.852969994,0.895365447,0.933951567,0.959645152,-0.137601929,-0.110615199,-0.070719551,-0.027419942,0.001888937
2005.5,2005,2006,0.029740175,0.040013465,0.057330953,0.077294917,0.094399924,0.921358269,0.995006849,1.083941221,1.192798277,1.305306447,-0.439056325,-0.313970988,-0.197160758,-0.105897835,-0.025409394,0.790821722,0.831705987,0.883835107,0.935387909,0.97431064,0.838840598,0.867329121,0.909018219,0.947437942,0.97312057,-0.009948509,0.016898514,0.056347679,0.098918758,0.128062566
2006.5,2006,2007,0.026772096,0.036728031,0.053697277,0.073075771,0.089505272,0.935799649,1.010784745,1.101152062,1.211856068,1.326202643,-0.444661091,-0.317850123,-0.19960399,-0.107263072,-0.024676828,0.804549631,0.845934868,0.898662508,0.950839659,0.990249223,0.849091232,0.878510644,0.920002937,0.958709121,0.984757903,-0.058351925,-0.031476072,0.00818234,0.051136103,0.080903468
2007.5,2007,2008,0.02393184,0.033583111,0.050275777,0.069193625,0.08508993,0.950268686,1.026557425,1.118371844,1.230923891,1.347123748,-0.447646452,-0.319592551,-0.200372703,-0.107408116,-0.021470229,0.820333004,0.862176468,0.915301174,0.967867494,1.007647753,0.861375746,0.891731024,0.933005035,0.972057581,0.998575631,-0.052907248,-0.026133308,0.013301412,0.055408305,0.085648196
2008.5,2008,2009,0.022434779,0.031840503,0.048389815,0.067098153,0.082700702,0.964849705,1.042451262,1.135736644,1.250153422,1.368237978,-0.44374491,-0.317163254,-0.198612176,-0.105952512,-0.01344342,0.839848635,0.882112563,0.935327142,0.98786517,1.027789712,0.878859219,0.909950951,0.950900316,0.990244687,1.01703251,-0.196405328,-0.168736562,-0.128453031,-0.086699935,-0.05536906
2009.5,2009,2010,0.021044025,0.030348077,0.046813935,0.065374309,0.080808062,0.979198211,1.058109144,1.152851522,1.26913166,1.389124638,-0.436392277,-0.311969136,-0.194887802,-0.103232917,-0.007707777,0.861070561,0.903692533,0.957116544,1.009692192,1.0497284,0.898075396,0.92996788,0.970932305,1.01076591,1.038263798,-0.084772182,-0.056773013,-0.016287871,0.02536035,0.057458178
2010.5,2010,2011,0.021685403,0.030981633,0.047352359,0.066059695,0.081621305,0.993537521,1.073766688,1.169968128,1.28810513,1.410004175,-0.433177534,-0.307372983,-0.190367445,-0.099654173,-0.002162954,0.882240051,0.925263335,0.978805065,1.031312605,1.071538103,0.919107974,0.951938798,0.993206143,1.033623099,1.061629057,-0.027337265,0.000800265,0.042031331,0.084513682,0.116774964
2011.5,2011,2012,0.024372482,0.033664074,0.050015023,0.069137557,0.085124406,1.008246773,1.089834193,1.187511206,1.307530205,1.431383967,-0.430618025,-0.303796128,-0.186869025,-0.096862485,0.003743366,0.902704355,0.946195473,1.000047922,1.052792907,1.093290329,0.941663325,0.975432396,1.017245293,1.058666348,1.086882591,-0.193709806,-0.165447032,-0.12321284,-0.080609333,-0.047570636
2012.5,2012,2013,0.027594937,0.03717433,0.053772617,0.07347453,0.090053665,1.022900218,1.105825881,1.204999089,1.326921483,1.452717668,-0.429224442,-0.301598559,-0.184617467,-0.095034815,0.00753103,0.921885726,0.965780308,1.019980669,1.072996616,1.11389339,0.963928875,0.99858126,1.041024745,1.083610415,1.111945516,-0.178229781,-0.149969826,-0.107011382,-0.063959579,-0.029366046
2013.5,2013,2014,0.03244182,0.042902852,0.060291905,0.080987528,0.098453374,1.038210124,1.122534037,1.223235726,1.34711363,1.474910152,-0.426113001,-0.297969193,-0.181255251,-0.092391152,0.011169688,0.942816371,0.987126102,1.041794777,1.095123529,1.136432534,0.990322289,1.025948405,1.06931752,1.113604784,1.14208222,-0.163590471,-0.13430917,-0.089113478,-0.044175689,-0.010122201
2014.5,2014,2015,0.035638591,0.046956778,0.065317098,0.086958919,0.105203624,1.053880328,1.139649749,1.241919994,1.367804646,1.497649199,-0.420972566,-0.292840457,-0.17678155,-0.088905733,0.014747517,0.965304077,1.010053873,1.065265298,1.119007111,1.160875565,1.016425967,1.053284764,1.097653389,1.143710732,1.172958142,-0.142696964,-0.112987287,-0.066772062,-0.021823238,0.014180646
2015.5,2015,2016,0.034774019,0.046186482,0.064997114,0.086977191,0.105473519,1.069539422,1.156737208,1.260590434,1.388502141,1.520447302,-0.422757001,-0.290152024,-0.172855943,-0.08553638,0.0180436,0.986560822,1.031715155,1.087225676,1.140795588,1.183162695,1.036148781,1.074090699,1.118991852,1.165928483,1.196550256,-0.01547598,0.015136643,0.062459439,0.108463633,0.145767844
2016.5,2016,2017,0.031737006,0.042849411,0.06167675,0.083541463,0.101867746,1.086329693,1.175049067,1.28055954,1.410588762,1.544715655,-0.416575018,-0.283891117,-0.167472571,-0.081330437,0.023847423,1.010863537,1.056501389,1.113005877,1.167135954,1.210421562,1.056149596,1.095353127,1.141142249,1.189151168,1.222089297,0.069043261,0.102084919,0.149913371,0.195599608,0.234329946
2017.5,2017,2018,0.030655911,0.041677559,0.060544798,0.0825036,0.100831896,1.103484023,1.193778614,1.301007032,1.433187962,1.569588339,-0.406162241,-0.276047796,-0.161617115,-0.076909914,0.030075132,1.036006802,1.082322836,1.140272737,1.195526382,1.240232944,1.079292053,1.119707445,1.167180777,1.216666102,1.252358681,-0.051785371,-0.016162098,0.033202201,0.080453115,0.12072497
2018.5,2018,2019,0.029770862,0.04080895,0.059763264,0.081830572,0.100196797,1.120203233,1.212004304,1.320937395,1.455278993,1.593932873,-0.400048286,-0.270656228,-0.157167584,-0.073484455,0.035282063,1.058901185,1.105879545,1.165145755,1.221442461,1.267584562,1.100688088,1.1419698,1.191248596,1.242185851,1.280358195,-0.161317437,-0.123582773,-0.072437741,-0.022942837,0.01773686
2019.5,2019,2020,0.025681599,0.036541559,0.055381611,0.077095383,0.095168794,1.136977196,1.230317692,1.340952575,1.477454008,1.618361247,-0.403472787,-0.269766038,-0.154906735,-0.071456768,0.038857817,1.079154849,1.12671707,1.186824918,1.243505597,1.290395385,1.116129637,1.157827854,1.208479881,1.260379573,1.299972779,-0.053647789,-0.014302655,0.038048746,0.089348068,0.130513328
2020.5,2020,2021,0.019258094,0.029986523,0.048379401,0.069386796,0.0869313,1.153881431,1.248740653,1.361097038,1.49977698,1.642990726,-0.40172589,-0.265809561,-0.151117399,-0.068788107,0.040172378,1.100608581,1.148835281,1.210147262,1.267913958,1.316187859,1.130105972,1.172121167,1.224781215,1.278098385,1.319722652,-0.042777769,-0.001339824,0.052819073,0.106368612,0.147725316
2021.5,2021,2022,0.019504532,0.0295551,0.047276162,0.068124527,0.085740656,1.17092132,1.267312407,1.381401479,1.522284746,1.667801893,-0.400917935,-0.262065391,-0.147558741,-0.066431787,0.038976702,1.120969296,1.169995506,1.233027518,1.292584181,1.34252966,1.148850197,1.191761613,1.246787965,1.302333593,1.346288204,-0.229723815,-0.185953141,-0.130149171,-0.074976205,-0.032517731
2022.5,2022,2023,0.020786196,0.030374482,0.047528693,0.068270291,0.086077312,1.188130015,1.286054254,1.401890397,1.544993302,1.692840713,-0.394549912,-0.257359694,-0.144051544,-0.063784866,0.044144537,1.143351668,1.193107605,1.257634878,1.318719983,1.370623714,1.1710931,1.214884877,1.271859467,1.329424521,1.375817662,-0.2163431,-0.170183599,-0.112051159,-0.054463829,-0.011229186
