time,timebounds_lower,timebounds_upper,ghg_p05,ghg_p17,ghg_p50,ghg_p83,ghg_p95,natural_p05,natural_p17,natural_p50,natural_p83,natural_p95,other_human_forcing_p05,other_human_forcing_p17,other_human_forcing_p50,other_human_forcing_p83,other_human_forcing_p95,anthropogenic_p05,anthropogenic_p17,anthropogenic_p50,anthropogenic_p83,anthropogenic_p95,total_p05,total_p17,total_p50,total_p83,total_p95,residual_p05,residual_p17,residual_p50,residual_p83,residual_p95
1850.5,1850,1851,-0.065815431,-0.060536931,-0.054583953,-0.048667026,-0.042015898,0.002471738,0.007011691,0.021160842,0.036915022,0.046649328,0.009329661,0.01556806,0.0285469,0.055125189,0.077362516,-0.041443625,-0.036410998,-0.024686566,-0.00190717,0.017165777,-0.102966762,-0.065843181,-0.016924525,0.032385971,0.068239536,-0.165784646,-0.111744156,-0.044112137,0.023065882,0.0742318
1851.5,1851,1852,-0.064491801,-0.059321413,-0.053490402,-0.047691634,-0.04117226,0.006967401,0.015025879,0.030013517,0.047015637,0.058444772,0.009219014,0.015338772,0.028055883,0.053872292,0.07550963,-0.040517338,-0.035582924,-0.024106764,-0.002029165,0.016483583,-0.094612375,-0.057193531,-0.007786194,0.042026482,0.078094978,-0.000218233,0.054188282,0.13201499,0.206149955,0.256237762
1852.5,1852,1853,-0.063022387,-0.057969484,-0.052271955,-0.046605137,-0.040233767,0.009351095,0.020116603,0.036726431,0.054637353,0.067342554,0.009111531,0.015190944,0.027955471,0.054074265,0.075985345,-0.039417841,-0.034532861,-0.0229864,-0.000595254,0.01821103,-0.088163627,-0.050331488,-0.000189611,0.05039868,0.086992889,-0.000952587,0.057946668,0.126701315,0.19284173,0.245409695
1853.5,1853,1854,-0.06141218,-0.056487022,-0.050935599,-0.045414461,-0.039205645,0.00881406,0.018903862,0.034152941,0.051146006,0.063380397,0.00896363,0.014958468,0.027593007,0.053478678,0.075314745,-0.038263725,-0.03346447,-0.022032811,0.000176033,0.01895129,-0.088629137,-0.051134846,-0.001640718,0.048297069,0.084479324,-0.028708385,0.02030017,0.092217792,0.152484085,0.195214535
1854.5,1854,1855,-0.059730073,-0.054939092,-0.049541166,-0.04417229,-0.038132611,0.003494915,0.007419567,0.017534104,0.031065473,0.040132932,0.008734405,0.014478453,0.02643497,0.050360684,0.070661338,-0.037222274,-0.03261505,-0.021852745,-0.001473429,0.015832443,-0.100870211,-0.064603383,-0.017570833,0.029439371,0.063563245,-0.01729524,0.023316884,0.080705091,0.141786634,0.186702719
1855.5,1855,1856,-0.058031589,-0.053377363,-0.048135219,-0.042919946,-0.037051006,-2.53E-05,0.002308557,0.0125745,0.023978442,0.032006001,0.008529005,0.01401023,0.025265593,0.047145108,0.065855399,-0.036164777,-0.031753592,-0.021672811,-0.003189397,0.012620122,-0.105168454,-0.069288864,-0.023233595,0.022286407,0.055158935,-0.0143161,0.024761494,0.08175263,0.141195924,0.191852705
1856.5,1856,1857,-0.056312272,-0.051797141,-0.046712894,-0.041652799,-0.035956459,0.004759782,0.01030498,0.022098989,0.035700953,0.045185996,0.008305188,0.013628672,0.024540355,0.045598368,0.063666974,-0.035039246,-0.030762185,-0.021006247,-0.003265782,0.01195595,-0.095882591,-0.059749486,-0.013247238,0.032899552,0.065997644,-0.055668613,-0.008615906,0.054317104,0.109800871,0.150046108
1857.5,1857,1858,-0.054483856,-0.050115514,-0.045198219,-0.040303566,-0.034791424,-0.010902234,-0.005645641,0.002703575,0.010054702,0.015369374,0.008101418,0.013213676,0.023597775,0.043218106,0.060155505,-0.03384012,-0.029731014,-0.020486361,-0.004054685,0.010119664,-0.113449294,-0.077950017,-0.03313639,0.01028448,0.041480665,-0.17005095,-0.131444382,-0.07879685,-0.023718429,0.022481052
1858.5,1858,1859,-0.052493117,-0.04828283,-0.043546562,-0.038833014,-0.033521974,-0.045135859,-0.034311472,-0.021795583,-0.011675942,-0.005393391,0.008016213,0.012865065,0.022523878,0.039949648,0.055140625,-0.032450394,-0.028533928,-0.019988163,-0.005530979,0.007051081,-0.139187452,-0.103315948,-0.058068809,-0.016169662,0.014075549,-0.066214786,-0.027675245,0.025649027,0.079731295,0.121051285
1859.5,1859,1860,-0.050345158,-0.046304892,-0.041763067,-0.037245289,-0.032151654,-0.026635484,-0.018526369,-0.0093316,-0.003174214,-0.001237464,0.007808817,0.012409649,0.021427325,0.03713414,0.050866753,-0.03102114,-0.027300931,-0.019383754,-0.006453257,0.004805648,-0.12529027,-0.089773028,-0.04583231,-0.004710451,0.024735652,0.029153333,0.063970987,0.12131741,0.17921578,0.220964252
1860.5,1860,1861,-0.048033926,-0.044175027,-0.039841314,-0.035533648,-0.03067502,-9.20E-05,0.001675145,0.01141305,0.018768495,0.024117099,0.007446016,0.011799303,0.020256113,0.034697311,0.047308817,-0.029578774,-0.026064865,-0.018711348,-0.006900233,0.003334923,-0.102744447,-0.067619473,-0.024004733,0.018119417,0.047940898,-0.096627249,-0.063878737,-0.012020572,0.046574951,0.089279627
1861.5,1861,1862,-0.045577228,-0.041910414,-0.037796277,-0.033711273,-0.029103057,0.006786269,0.014691004,0.026213214,0.038078988,0.046211538,0.007169516,0.01130059,0.019252878,0.032536738,0.044130587,-0.027944904,-0.024613781,-0.017736762,-0.006922361,0.002418506,-0.087816616,-0.052428622,-0.008055049,0.035312724,0.065905944,-0.166384687,-0.118229297,-0.062858031,-0.007907545,0.028325779
1862.5,1862,1863,-0.043023125,-0.039557075,-0.035670942,-0.031816466,-0.027468626,-0.007965001,-0.004200825,0.000632528,0.003733906,0.006425085,0.006979538,0.01094408,0.018515033,0.030942382,0.041761054,-0.0261321,-0.022941744,-0.016401482,-0.006301503,0.00237272,-0.110098085,-0.075103471,-0.032711789,0.00740666,0.035811131,-0.239785465,-0.199813686,-0.146983039,-0.093278354,-0.052951272
1863.5,1863,1864,-0.040386956,-0.037128918,-0.033478335,-0.029861435,-0.025782212,-0.095874184,-0.07913668,-0.057435251,-0.033959321,-0.015546361,0.006738432,0.010602037,0.017998504,0.030257757,0.040934019,-0.024254949,-0.021164251,-0.014748246,-0.004745509,0.003817612,-0.17253678,-0.135847839,-0.08726591,-0.043433098,-0.012557878,-0.012063,0.03718383,0.10249258,0.157502568,0.205808331
1864.5,1864,1865,-0.037650706,-0.034609188,-0.031202492,-0.027831524,-0.024031237,-0.104786725,-0.08890274,-0.066098833,-0.039445705,-0.018052837,0.006568925,0.010331654,0.017565976,0.029676464,0.040377266,-0.022268667,-0.019263931,-0.012922405,-0.002955742,0.005751803,-0.179356864,-0.142629666,-0.093114117,-0.048240678,-0.016295909,-0.11924468,-0.078297301,-0.021221836,0.038086119,0.080813934
1865.5,1865,1866,-0.034833181,-0.032014873,-0.028858734,-0.025740248,-0.022227495,-0.05290113,-0.043221503,-0.030591074,-0.017643385,-0.008234852,0.006390677,0.009910662,0.016574456,0.027348408,0.036898235,-0.020316562,-0.017486481,-0.011636358,-0.002780772,0.004973743,-0.137882172,-0.102480925,-0.057961961,-0.018246491,0.010309504,-0.025497375,0.022736755,0.088195181,0.149599933,0.182791001
1866.5,1866,1867,-0.031953019,-0.029363408,-0.026463364,-0.023601783,-0.020383316,-0.013524948,-0.008833492,-0.00239786,0.001297234,0.010484678,0.006188189,0.009460782,0.015514313,0.024885497,0.033117047,-0.018339862,-0.015694387,-0.0103834,-0.002688668,0.0039581,-0.106850853,-0.071992857,-0.029651365,0.009621106,0.037941956,-0.042455019,-0.004423248,0.04727118,0.099509696,0.140033693
1867.5,1867,1868,-0.029002259,-0.026647033,-0.024008564,-0.021408907,-0.018491741,0.003290931,0.00718016,0.013519674,0.021558376,0.029119957,0.006003729,0.009040822,0.01453283,0.022655674,0.02972451,-0.016298962,-0.013823824,-0.00899409,-0.002298077,0.003443095,-0.088329196,-0.053839161,-0.011794824,0.02847238,0.057060326,-0.097057917,-0.049822679,0.012176284,0.072225263,0.111390153
1868.5,1868,1869,-0.02602909,-0.023911058,-0.021536415,-0.019200293,-0.016586154,0.00697587,0.015219411,0.02574014,0.03550458,0.042815834,0.005693267,0.008378583,0.012948362,0.019062318,0.024111723,-0.014444335,-0.012269521,-0.00831455,-0.003188656,0.001104385,-0.077202534,-0.042771111,-0.000594022,0.040240713,0.069005087,-0.097066497,-0.055810173,0.004818151,0.057666948,0.098629004
1869.5,1869,1870,-0.023135295,-0.021250973,-0.019137665,-0.017060023,-0.014738369,0.007552495,0.016508255,0.027546878,0.037075108,0.043785375,0.005301533,0.007659174,0.011513258,0.01633008,0.020157202,-0.012799944,-0.010885767,-0.007546642,-0.003266015,0.000399284,-0.074502267,-0.040242315,0.001521189,0.041967435,0.070337572,-0.048669594,-0.014685436,0.040219125,0.096057831,0.130747436
1870.5,1870,1871,-0.020344278,-0.018688833,-0.016831763,-0.015005007,-0.012963041,0.007868228,0.017194004,0.028548304,0.038397267,0.045360617,0.004819845,0.006909742,0.010210021,0.014194203,0.017298412,-0.011375248,-0.009615448,-0.006634663,-0.002852009,0.000467105,-0.072227664,-0.038117096,0.003365319,0.043545458,0.071692394,-0.060437041,-0.019503499,0.027232898,0.073073832,0.113841496
1871.5,1871,1872,-0.017630577,-0.016199494,-0.014593398,-0.013009939,-0.011239053,0.010347307,0.02261121,0.037582507,0.050610032,0.059812982,0.004305843,0.006156174,0.00899444,0.012315839,0.014891708,-0.009993785,-0.008321906,-0.005649881,-0.002332391,0.000721487,-0.063784316,-0.02932181,0.013103885,0.05421225,0.083078158,-0.115106668,-0.076852468,-0.025160538,0.025804596,0.065369575
1872.5,1872,1873,-0.014946404,-0.013736937,-0.012377418,-0.011032611,-0.009530782,0.012115204,0.026458038,0.043962818,0.059423954,0.070469747,0.00415498,0.005843811,0.00837878,0.011244042,0.013404038,-0.007618426,-0.006272996,-0.004094162,-0.001377195,0.001197057,-0.057194095,-0.022314517,0.020997529,0.062825079,0.092206031,-0.079994309,-0.042974929,0.008556079,0.059811527,0.10251567
1873.5,1873,1874,-0.012232652,-0.011244925,-0.010130926,-0.009025029,-0.007797024,-0.005120722,0.001378569,0.008206053,0.015040949,0.020127025,0.003466598,0.004838843,0.006837387,0.009096135,0.010872717,-0.006222138,-0.005144818,-0.003402936,-0.001157671,0.001036911,-0.086054975,-0.052397315,-0.01290058,0.02431667,0.050657006,-0.055195917,-0.019611217,0.029572447,0.07671514,0.110446748
1874.5,1874,1875,-0.00944809,-0.008684647,-0.007817666,-0.006954785,-0.006009793,-0.056423289,-0.043572998,-0.029215533,-0.016637897,-0.00767428,0.001534777,0.002795896,0.004474939,0.006387823,0.007964351,-0.006778609,-0.005267158,-0.003333329,-0.001123451,0.000878593,-0.126653285,-0.092358326,-0.050536098,-0.013457817,0.012647736,-0.040524571,-0.010570565,0.035331134,0.082427075,0.11526529
1875.5,1875,1876,-0.006551515,-0.006016159,-0.005399267,-0.004785354,-0.004137382,-0.039398651,-0.032250681,-0.022583168,-0.012956727,-0.005981491,-0.000718291,0.000981475,0.003098402,0.005018615,0.006398244,-0.006746727,-0.004729794,-0.002215614,-0.000118331,0.001491932,-0.116300897,-0.082328361,-0.042082088,-0.006613213,0.019079288,-0.055390145,-0.023494148,0.025080381,0.075772578,0.104656305
1876.5,1876,1877,-0.003586133,-0.003274622,-0.00290055,-0.002529921,-0.002185184,-0.011161653,-0.007786572,-0.00350269,0.000378592,0.001570806,-0.002227283,-0.000494358,0.002068634,0.003678981,0.004722528,-0.005549225,-0.003589171,-0.000749138,0.000914511,0.002085209,-0.094709339,-0.061067328,-0.02249128,0.012668824,0.038116079,-0.120640764,-0.086861501,-0.044230529,0.000945449,0.030939132
1877.5,1877,1878,-0.000699087,-0.000564742,-0.000369374,-0.000174779,-4.27E-05,0.002356086,0.00510895,0.010059839,0.015897131,0.020576383,-0.005582725,-0.002885456,0.000954667,0.002390814,0.003252515,-0.006055785,-0.003295973,0.000580463,0.002055518,0.002953268,-0.079002584,-0.046046168,-0.007827385,0.028274252,0.053990197,0.188864648,0.223281681,0.264039191,0.305697391,0.336951722
1878.5,1878,1879,0.00163689,0.001904029,0.002203932,0.002523048,0.002793289,0.005805013,0.012659502,0.021171982,0.029444382,0.035875677,-0.009457603,-0.005621313,-0.00016595,0.001358929,0.002240397,-0.007046249,-0.003286801,0.001897482,0.003524999,0.004341066,-0.067814038,-0.035212396,0.003256516,0.04027434,0.066479272,0.26837783,0.301262838,0.345868253,0.387798165,0.416354517
1879.5,1879,1880,0.003716026,0.004303902,0.004855676,0.005426317,0.005929922,0.008651221,0.018916737,0.031333676,0.042469783,0.050828015,-0.014242975,-0.008865706,-0.001782687,0.000264867,0.001234232,-0.008885351,-0.003732954,0.002877856,0.004993882,0.005829961,-0.058482385,-0.025853574,0.013335085,0.051317777,0.078260459,-0.039773525,-0.00877404,0.039518381,0.08747082,0.117390899
1880.5,1880,1881,0.005822731,0.006745335,0.007578512,0.008431083,0.009189622,0.009851786,0.021538151,0.03554115,0.048028924,0.057361834,-0.018804889,-0.012119005,-0.003933483,-0.001132266,-3.46E-05,-0.010447127,-0.004143928,0.003367905,0.006140546,0.007096413,-0.054310069,-0.021696249,0.017717677,0.055929646,0.08308353,-0.045274488,-0.017395349,0.025288226,0.069304924,0.099126494
1881.5,1881,1882,0.007998403,0.009266649,0.010397304,0.011547534,0.012573212,0.00909595,0.019839266,0.032740969,0.044744398,0.05391784,-0.022360418,-0.014941502,-0.006023818,-0.002508955,-0.001080517,-0.010880136,-0.00402828,0.00404425,0.007420863,0.008613089,-0.055105447,-0.022850105,0.01585833,0.053393668,0.080081488,0.034848356,0.061421663,0.104939059,0.153886865,0.188088603
1882.5,1882,1883,0.01024263,0.011866874,0.013307204,0.014767066,0.016069575,0.009507821,0.020724229,0.034241058,0.04692715,0.056663321,-0.025229536,-0.017325404,-0.00787435,-0.003743134,-0.001991932,-0.010532705,-0.003385717,0.00504759,0.008940728,0.010388751,-0.052260243,-0.020150338,0.018457655,0.055886567,0.08255488,-0.027061098,0.002664303,0.045903185,0.090683904,0.121028104
1883.5,1883,1884,0.012511259,0.014494681,0.01625008,0.018025926,0.019610482,0.008872396,0.019273109,0.032028734,0.044452144,0.054196654,-0.026232428,-0.018555261,-0.009540021,-0.005034809,-0.00299926,-0.008360983,-0.00161141,0.006291428,0.010457603,0.012155112,-0.051719576,-0.019910384,0.018082861,0.054902603,0.081168195,-0.081888713,-0.050431449,-0.007114036,0.037168888,0.065250939
1884.5,1884,1885,0.014779123,0.017120791,0.019192442,0.021287089,0.023155974,-0.072360521,-0.055402321,-0.03634176,-0.020295817,-0.009365574,-0.02791437,-0.020099505,-0.011042616,-0.006137848,-0.003790911,-0.006866975,-0.000129057,0.007707057,0.012161967,0.014104049,-0.124006313,-0.090792157,-0.049121932,-0.011942149,0.013308589,-0.150106426,-0.126419357,-0.087744737,-0.045307695,-0.015452473
1885.5,1885,1886,0.017109853,0.0198198,0.022217029,0.024638744,0.026799513,-0.187069868,-0.156314903,-0.114190256,-0.06738954,-0.030866118,-0.031368846,-0.022699631,-0.01264939,-0.007115035,-0.004424681,-0.006993158,0.0004239,0.009051545,0.014064699,0.01627282,-0.223440049,-0.181840624,-0.124074314,-0.06745425,-0.025465456,-0.085863047,-0.04507185,0.009275818,0.062274624,0.101563402
1886.5,1886,1887,0.01953606,0.022629957,0.02536618,0.028127134,0.030589948,-0.189068668,-0.160802204,-0.119642282,-0.071325617,-0.032664407,-0.034222011,-0.024837312,-0.013998774,-0.00794165,-0.004952138,-0.006429648,0.001549097,0.010782369,0.016249383,0.01869166,-0.225689973,-0.184739818,-0.127231354,-0.069834637,-0.026187134,-0.031663026,0.00946058,0.063260534,0.114105689,0.150082624
1887.5,1887,1888,0.022055032,0.025547994,0.028636685,0.031749391,0.034525148,-0.175392013,-0.14841835,-0.109904032,-0.065785835,-0.030184625,-0.037365979,-0.027170455,-0.015398048,-0.008777682,-0.005475078,-0.005981584,0.002624196,0.012580115,0.01853042,0.021219447,-0.211845154,-0.171588156,-0.115863805,-0.061443367,-0.0205147,-0.118075951,-0.079058779,-0.026853426,0.023978924,0.059726665
1888.5,1888,1889,0.0246809,0.028590092,0.032046807,0.035525801,0.038626716,-0.144784945,-0.120969199,-0.08738552,-0.052022085,-0.024015547,-0.043077233,-0.031306399,-0.017726454,-0.010136357,-0.0063518,-0.007843295,0.00208064,0.013547196,0.020384335,0.023451686,-0.183316609,-0.145069291,-0.093246093,-0.044546995,-0.00956232,-0.011703148,0.024151425,0.071600656,0.117748197,0.150267499
1889.5,1889,1890,0.0274124,0.031754815,0.035595144,0.039455514,0.042894108,-0.094790592,-0.07689009,-0.051373325,-0.027593005,-0.013139817,-0.048248931,-0.035077776,-0.019992316,-0.011509177,-0.007254968,-0.009071333,0.00202507,0.01473136,0.022363079,0.025801909,-0.138052756,-0.103135415,-0.057154623,-0.015863809,0.012025503,0.092818206,0.120947362,0.163162655,0.207600539,0.239163075
1890.5,1890,1891,0.030215636,0.035002273,0.039236899,0.04348982,0.04727576,-0.062768022,-0.048177267,-0.02921875,-0.011229464,-0.002114831,-0.052460149,-0.038257932,-0.022078246,-0.012833559,-0.008146046,-0.009267524,0.002640692,0.016204387,0.024489335,0.028275188,-0.109175447,-0.075902005,-0.033615555,0.004053176,0.029888776,-0.187019528,-0.157040013,-0.115577559,-0.073981671,-0.043618088
1891.5,1891,1892,0.033075052,0.038313996,0.042951063,0.047605185,0.051746343,-0.041356766,-0.029086578,-0.014335068,-0.00095755,0.005647599,-0.055619823,-0.040949769,-0.024204546,-0.014315778,-0.009189839,-0.008359942,0.003802179,0.017744594,0.026537914,0.030673846,-0.089296849,-0.057054832,-0.017332704,0.018410703,0.043827058,-0.101819074,-0.068493786,-0.024042774,0.017865077,0.048238329
1892.5,1892,1893,0.03600468,0.041707426,0.046757053,0.051822563,0.056328111,-0.01716065,-0.008815902,0.000560924,0.014028316,0.023483132,-0.056310671,-0.042030292,-0.025646578,-0.015499559,-0.010075599,-0.00511235,0.006608413,0.020132412,0.029034905,0.033406929,-0.066810308,-0.035619408,0.002031015,0.036828664,0.062528328,-0.230870416,-0.198153831,-0.151805699,-0.109546574,-0.079729722
1893.5,1893,1894,0.038960128,0.045129749,0.05059516,0.056076834,0.060951578,-0.003584641,-1.22E-05,0.009534981,0.022605735,0.032867396,-0.057681992,-0.043355551,-0.026887808,-0.016417074,-0.010734217,-0.00256432,0.009198999,0.022734254,0.031837244,0.03641716,-0.053315914,-0.022871613,0.013815942,0.048413226,0.073895237,-0.229918875,-0.197086858,-0.150115039,-0.105448299,-0.075410493
1894.5,1894,1895,0.041896586,0.048530012,0.054407318,0.060303335,0.065547713,0.002736714,0.006766685,0.016401429,0.028632913,0.039025878,-0.061911192,-0.046498974,-0.028765927,-0.017524115,-0.011446081,-0.002470446,0.010062308,0.024539526,0.034329345,0.039241876,-0.044270482,-0.014303086,0.021764076,0.056289929,0.081599174,-0.232679983,-0.196531788,-0.149965907,-0.103937664,-0.071767554
1895.5,1895,1896,0.0447924,0.051882487,0.058164882,0.064470241,0.07008067,0.004072141,0.008905849,0.017728243,0.028548093,0.038255204,-0.066823023,-0.050143224,-0.031000445,-0.018886752,-0.01233327,-0.003095913,0.010372327,0.025950225,0.03649912,0.041787053,-0.041195096,-0.011482583,0.023995315,0.058071757,0.082896603,-0.185294409,-0.157658559,-0.118230451,-0.075959364,-0.046174087
1896.5,1896,1897,0.047597638,0.0551279,0.061801718,0.068505507,0.07447392,0.004257758,0.009209505,0.016960899,0.026199075,0.034834513,-0.069023281,-0.052231131,-0.032883343,-0.020292793,-0.013353374,-0.00154822,0.012005432,0.027716416,0.038611168,0.044192365,-0.039453554,-0.009964142,0.024832155,0.058247146,0.08244689,-0.025935037,0.005155244,0.049585012,0.090285913,0.116910693
1897.5,1897,1898,0.050312262,0.058267527,0.06532027,0.072412552,0.078729713,0.006802796,0.014792918,0.02520001,0.035203913,0.043286776,-0.072030133,-0.054873541,-0.035017913,-0.021824755,-0.014447331,-0.000864059,0.012983332,0.029092314,0.040468066,0.046384958,-0.030481029,-0.001311816,0.033372366,0.067054425,0.091500924,-0.015773076,0.018019872,0.064248045,0.105205564,0.138697409
1898.5,1898,1899,0.053034643,0.061416044,0.068849933,0.076332226,0.082999021,0.008977723,0.019582926,0.032809508,0.044529674,0.053280076,-0.076619576,-0.058540933,-0.037563983,-0.023518382,-0.015596961,-0.001473981,0.013031703,0.030013847,0.042100474,0.048430408,-0.022862626,0.006230195,0.04119378,0.075315243,0.100134999,-0.247804271,-0.21353622,-0.170879265,-0.128896865,-0.086548085
1899.5,1899,1900,0.055873044,0.064701129,0.072532116,0.080417661,0.087444576,0.010669059,0.023294484,0.03876513,0.052216287,0.061937168,-0.082087774,-0.063007548,-0.040811271,-0.025751066,-0.017152677,-0.002834657,0.012416711,0.030384179,0.043346941,0.050202412,-0.0172944,0.011791945,0.047185433,0.081666291,0.106795163,-0.121098905,-0.09031183,-0.049268686,-0.004873299,0.030635166
1900.5,1900,1901,0.058852766,0.068151514,0.076399047,0.084703964,0.092105409,0.011603704,0.025332168,0.042002841,0.056594349,0.067068949,-0.087912788,-0.067850798,-0.044464269,-0.028314944,-0.018973971,-0.004433298,0.011582909,0.030538274,0.044454623,0.051902627,-0.014154976,0.014887437,0.050501479,0.08510402,0.110353309,-0.014839275,0.022219426,0.073437944,0.117768769,0.148953829
1901.5,1901,1902,0.061899196,0.071678795,0.080352934,0.089087337,0.096871815,0.012219723,0.026658802,0.044128239,0.059636774,0.070784676,-0.091971048,-0.071512406,-0.047486802,-0.030529599,-0.020561784,-0.004353605,0.011997176,0.031473072,0.046033934,0.053960475,-0.010925632,0.017992362,0.05363088,0.088238252,0.113495777,-0.076083434,-0.041676185,0.01020086,0.056283581,0.086318757
1902.5,1902,1903,0.064974684,0.07523978,0.084345503,0.093515433,0.101688467,0.012350291,0.026913989,0.044538471,0.060519581,0.072104306,-0.095014551,-0.07443246,-0.050046948,-0.032460071,-0.021953718,-0.003365634,0.01317061,0.032950514,0.047969413,0.056287882,-0.008398123,0.020301874,0.055685534,0.090089971,0.115204447,-0.219297385,-0.188562673,-0.138807975,-0.093442619,-0.058955788
1903.5,1903,1904,0.068121992,0.078884308,0.088431096,0.09804608,0.106616102,0.009167958,0.019757672,0.033399489,0.046827832,0.056771011,-0.097883174,-0.077380699,-0.052829108,-0.034640649,-0.023549892,-0.002392149,0.014332884,0.034369712,0.049808837,0.058537712,-0.014761821,0.013164407,0.046645779,0.079430207,0.103309309,-0.304788949,-0.271407445,-0.224253455,-0.179454892,-0.149831486
1904.5,1904,1905,0.071342482,0.082614313,0.092612492,0.102682988,0.111659303,0.007155302,0.015281073,0.026659285,0.038247892,0.047167414,-0.102399705,-0.081409659,-0.056091345,-0.037020194,-0.025239384,-0.002589809,0.014610299,0.035305889,0.051444604,0.060690407,-0.019031431,0.008547254,0.041194416,0.073090602,0.096172558,-0.363464705,-0.329289751,-0.283323345,-0.237765598,-0.204306142
1905.5,1905,1906,0.07464892,0.086443923,0.096905575,0.10744404,0.116837558,0.009508712,0.020656899,0.034369994,0.04764849,0.058026885,-0.1085814,-0.086459983,-0.059715624,-0.039478083,-0.026923546,-0.003757687,0.014139361,0.035852768,0.05296782,0.062828611,-0.011707629,0.015856529,0.049014933,0.081535068,0.105144481,-0.176012649,-0.147350242,-0.102137071,-0.057415328,-0.027938103
1906.5,1906,1907,0.078087226,0.090427492,0.101370906,0.112394009,0.122219067,0.011951194,0.026074249,0.043133547,0.059054882,0.071269296,-0.114582125,-0.091520072,-0.063555457,-0.042185219,-0.028802961,-0.004809777,0.013766498,0.036427238,0.054459778,0.064956746,-0.003905028,0.0238507,0.057988587,0.091448678,0.115743693,-0.099900221,-0.067807277,-0.022071442,0.023224318,0.056222845
1907.5,1907,1908,0.081724226,0.094643104,0.106095366,0.117627103,0.127905025,0.010572553,0.022968033,0.038230721,0.053229777,0.065049534,-0.122431646,-0.098051631,-0.068428813,-0.04559312,-0.031157359,-0.007203783,0.01225557,0.036180017,0.055432231,0.066762939,-0.00743732,0.019896725,0.053200615,0.085987144,0.109713477,-0.267260221,-0.243032285,-0.204087013,-0.159049668,-0.127001099
1908.5,1908,1909,0.085512466,0.099034137,0.111017468,0.12307819,0.13382638,0.007353619,0.015708973,0.027652803,0.040237492,0.050744858,-0.130441979,-0.104344701,-0.072781509,-0.04848714,-0.03310204,-0.00924229,0.011236383,0.036568398,0.057041913,0.069131236,-0.015850297,0.011085907,0.043568553,0.075339942,0.098278552,-0.272677262,-0.241170355,-0.201868654,-0.161042252,-0.132749759
1909.5,1909,1910,0.089371415,0.103504785,0.116029009,0.128630875,0.139860005,0.008899083,0.019279201,0.032293136,0.045813391,0.057132916,-0.135883922,-0.108653653,-0.075819878,-0.050527732,-0.034470808,-0.008960784,0.012200645,0.038428623,0.059684526,0.072279233,-0.009901345,0.017041876,0.04982301,0.081960748,0.105147225,-0.298064242,-0.269337138,-0.230213343,-0.192212911,-0.163833848
1910.5,1910,1911,0.093327149,0.108087811,0.121166183,0.134322746,0.146045287,0.011976523,0.026130762,0.043201499,0.059642799,0.072831425,-0.142361937,-0.113873676,-0.079597086,-0.053121054,-0.036224963,-0.009540409,0.012399381,0.039673833,0.061880631,0.075110541,-3.00E-05,0.027346068,0.061335935,0.094803796,0.118841722,-0.307280703,-0.278305447,-0.236622828,-0.195182195,-0.163528989
1911.5,1911,1912,0.097378411,0.112782596,0.126427712,0.140151959,0.152379767,0.01341987,0.029289481,0.048350373,0.066511283,0.080910218,-0.147714658,-0.118273411,-0.082857049,-0.055381989,-0.037741254,-0.008977531,0.013538204,0.04159564,0.064554942,0.078317509,0.005950244,0.033595037,0.068238927,0.102385435,0.126839698,-0.320379922,-0.293165809,-0.253585356,-0.210582699,-0.176069015
1912.5,1912,1913,0.101529228,0.117592649,0.131818034,0.146123099,0.15886782,0.007871955,0.016814244,0.030086443,0.044179406,0.056307305,-0.150359251,-0.120895432,-0.085190761,-0.057145664,-0.038955191,-0.006106811,0.016494571,0.044702572,0.067972392,0.082077921,-0.004594182,0.02178742,0.054175223,0.085958359,0.108832369,-0.237101905,-0.212069473,-0.175357847,-0.135885473,-0.105479323
1913.5,1913,1914,0.105780262,0.122518213,0.13733696,0.152235155,0.165507837,-0.020214456,-0.01051046,-0.001272106,0.007259025,0.013611606,-0.15462186,-0.124641146,-0.088181419,-0.059303739,-0.040415537,-0.004504599,0.018498657,0.047232384,0.071068105,0.085640437,-0.035617706,-0.008897419,0.024577173,0.056020118,0.077761407,-0.205352233,-0.175646714,-0.134793639,-0.09708247,-0.067853454
1914.5,1914,1915,0.110050396,0.127465083,0.142878752,0.158373412,0.172177952,-0.019299795,-0.013083113,-0.005144943,0.003007143,0.007462791,-0.159168254,-0.127976377,-0.090244394,-0.060542176,-0.041136165,-0.002519326,0.021050905,0.050534821,0.074981429,0.089901472,-0.035787164,-0.009095085,0.024562551,0.056123688,0.077802366,0.00408058,0.032947834,0.069799571,0.106921716,0.135410625
1915.5,1915,1916,0.114319173,0.132409463,0.14841683,0.164509225,0.178846683,0.004102399,0.008809799,0.015770812,0.025923192,0.034788328,-0.160915172,-0.128961766,-0.090533879,-0.060504334,-0.040952933,0.001972576,0.025857365,0.055655068,0.080256932,0.095219813,-0.006684949,0.019541893,0.051825681,0.082701893,0.104608086,0.041985348,0.068600317,0.110113007,0.154196064,0.183381046
1916.5,1916,1917,0.118748343,0.137540885,0.154165564,0.170875585,0.185764329,0.009750873,0.021260889,0.035484405,0.050024656,0.062031978,-0.16262273,-0.130576924,-0.091915183,-0.061506362,-0.041582193,0.006176101,0.030162402,0.060046512,0.084803914,0.099956934,0.015512155,0.041710937,0.074329185,0.106458902,0.12948166,-0.213396149,-0.180471551,-0.137567863,-0.097362296,-0.067369976
1917.5,1917,1918,0.123334508,0.142854814,0.16011961,0.177469421,0.192927713,0.013053382,0.028518914,0.047362231,0.06544714,0.07985214,-0.166997457,-0.134356605,-0.094868852,-0.063603054,-0.042935656,0.008277704,0.032632763,0.063022951,0.088340873,0.10395557,0.028383972,0.055038856,0.088630352,0.122048349,0.145857465,-0.352733919,-0.320471344,-0.274817167,-0.232161644,-0.203948895
1918.5,1918,1919,0.12789271,0.148133045,0.166035603,0.184026878,0.200057028,0.014255424,0.031120482,0.051667578,0.071459298,0.087119304,-0.17173187,-0.138047063,-0.097383561,-0.065213456,-0.043851028,0.010435153,0.035267017,0.066309554,0.092220704,0.108245734,0.035169786,0.062089954,0.096194476,0.130133331,0.154201247,-0.248146193,-0.214613541,-0.169261122,-0.123057134,-0.088250186
1919.5,1919,1920,0.132327713,0.153266667,0.171791452,0.190414869,0.207010106,0.012567396,0.027304888,0.045687656,0.064428791,0.07959088,-0.171809915,-0.13764511,-0.096595479,-0.064359519,-0.042988001,0.016867732,0.041726203,0.072738288,0.098521714,0.114426756,0.037650263,0.063973931,0.097145245,0.130015231,0.153369566,-0.147714123,-0.112585507,-0.066703622,-0.022205353,0.007719679
1920.5,1920,1921,0.136709606,0.15833799,0.177479421,0.196732706,0.213890053,0.011555975,0.025039368,0.042066951,0.059925163,0.074564048,-0.171588663,-0.137045098,-0.09570599,-0.063443012,-0.042086366,0.023468158,0.048307095,0.07922972,0.10484268,0.120613576,0.041656412,0.06763398,0.100236656,0.132387735,0.15527085,-0.117875126,-0.089821525,-0.046731423,0.004151344,0.040630567
1921.5,1921,1922,0.141059768,0.163369788,0.183124699,0.203004956,0.220722175,0.013387987,0.02915193,0.048362244,0.067534359,0.083046738,-0.170275079,-0.135656193,-0.094327662,-0.062178428,-0.040948052,0.030831859,0.055582442,0.086263643,0.111532419,0.12708339,0.053673002,0.079946657,0.113113655,0.14581429,0.169125434,-0.078442282,-0.043743411,0.002806943,0.047326965,0.079468422
1922.5,1922,1923,0.145306775,0.168282587,0.188638633,0.209137748,0.227406867,0.014998956,0.032704629,0.054087939,0.074882932,0.091504877,-0.165993356,-0.131995874,-0.091444128,-0.059867965,-0.03911044,0.040288136,0.064756862,0.094825251,0.119364576,0.134456339,0.066626143,0.093289326,0.127121134,0.160295897,0.184076026,-0.182899189,-0.153551421,-0.111409238,-0.067100182,-0.035108516
1923.5,1923,1924,0.149481695,0.173110878,0.194058933,0.215169456,0.233985589,0.015952573,0.034774941,0.057482128,0.079477601,0.096986332,-0.16877727,-0.133840091,-0.092314282,-0.060145654,-0.038950888,0.04394024,0.068814882,0.099331483,0.124095902,0.139332657,0.073568265,0.100482377,0.134889899,0.168517427,0.192633351,-0.165805267,-0.139568169,-0.098472937,-0.054531119,-0.023771569
1924.5,1924,1925,0.153560901,0.177827376,0.199355597,0.221067528,0.240422631,0.01313651,0.028405565,0.047751778,0.06775733,0.084171016,-0.173602133,-0.137257214,-0.094263763,-0.061179087,-0.039305127,0.045699519,0.071272257,0.102580646,0.127867994,0.143422734,0.069906091,0.095894326,0.128928761,0.161272898,0.18443813,-0.15456392,-0.126167297,-0.08545736,-0.044286306,-0.013131986
1925.5,1925,1926,0.15732071,0.182168859,0.204240517,0.226524045,0.246387097,0.009610743,0.020495712,0.036326648,0.053741308,0.068695173,-0.175214258,-0.13847364,-0.095095944,-0.061640312,-0.039392245,0.049194956,0.07510962,0.106713969,0.13213386,0.147808222,0.064998712,0.09033427,0.122243,0.153182328,0.17528738,-0.116934541,-0.088978124,-0.048943462,-0.005895738,0.02665835
1926.5,1926,1927,0.160611804,0.1859628,0.208525614,0.231340303,0.251668704,0.005853982,0.012973103,0.025645372,0.040770841,0.054294702,-0.176864841,-0.139867833,-0.096194998,-0.0623645,-0.039738551,0.052003812,0.078139461,0.109975339,0.135564545,0.151391022,0.058984877,0.084105786,0.115528978,0.145558679,0.166845549,0.052326951,0.078075902,0.117186333,0.158222178,0.186139364
1927.5,1927,1928,0.163666588,0.189480003,0.212508492,0.235828122,0.256598124,0.003363798,0.008932919,0.019122125,0.032964992,0.045525987,-0.179728009,-0.142451874,-0.098339953,-0.063916533,-0.040751008,0.053455974,0.079739066,0.111850832,0.13780267,0.153944525,0.055115758,0.080127684,0.111476441,0.141157525,0.162013063,-0.053663797,-0.02785794,0.01197981,0.053533175,0.08758055
1928.5,1928,1929,0.166669706,0.192940825,0.216429834,0.240245036,0.261449113,0.008767724,0.018958871,0.03208182,0.047646788,0.061794273,-0.183053291,-0.14545609,-0.100782414,-0.065659991,-0.041930455,0.054619596,0.080957094,0.113311262,0.139703054,0.156216427,0.068809155,0.093666076,0.12504171,0.155316195,0.176803423,-0.045521804,-0.018549469,0.023428339,0.062635548,0.092697343
1929.5,1929,1930,0.169659637,0.196388424,0.220339408,0.244649827,0.266286101,0.012719656,0.027720967,0.046056388,0.064962742,0.081031051,-0.186903164,-0.149032339,-0.103751156,-0.067828437,-0.043506997,0.055405089,0.08164917,0.114183167,0.141108084,0.158089092,0.081552746,0.106763878,0.138974739,0.170686263,0.193191265,-0.245203941,-0.217807093,-0.178669167,-0.138646404,-0.109001893
1930.5,1930,1931,0.172610085,0.199792814,0.224206071,0.249008674,0.271073538,0.014918568,0.032540631,0.053940695,0.075254804,0.092812011,-0.190956703,-0.152341606,-0.106057488,-0.069319583,-0.044593987,0.056631032,0.082767144,0.115503931,0.14297146,0.160364458,0.089204485,0.114911269,0.147927811,0.180714991,0.203967981,-0.041486595,-0.013871288,0.028057266,0.071880437,0.103644335
1931.5,1931,1932,0.175549592,0.203183914,0.228058547,0.253353754,0.275842988,0.015760167,0.034348342,0.056935828,0.079412836,0.097755911,-0.188353709,-0.1500099,-0.104108305,-0.06769642,-0.043390874,0.063287275,0.089060853,0.12130052,0.148317386,0.165419718,0.097510761,0.123434834,0.156706847,0.189697875,0.213193245,0.024557759,0.052873853,0.092731463,0.135862287,0.168718936
1932.5,1932,1933,0.178573839,0.20667532,0.23201788,0.257808516,0.280725676,0.012117746,0.026116353,0.044520072,0.064473536,0.081328557,-0.181808567,-0.144265913,-0.099478404,-0.064025962,-0.040554865,0.073215082,0.098611467,0.130040031,0.156093894,0.172468971,0.097397567,0.122288005,0.153808617,0.184831969,0.207065839,-0.01204982,0.015827267,0.055237455,0.097176342,0.128484695
1933.5,1933,1934,0.181713706,0.21030239,0.236124797,0.262418225,0.285772853,0.000212174,0.007170986,0.017992044,0.033651802,0.046383357,-0.178176286,-0.140914062,-0.096604752,-0.061642618,-0.038652116,0.080914676,0.106093791,0.137035587,0.162573036,0.178560615,0.080750588,0.105290609,0.135919095,0.165077661,0.185660925,-0.168734041,-0.140986688,-0.104904334,-0.067471078,-0.032881846
1934.5,1934,1935,0.185035686,0.214140516,0.240459392,0.267268829,0.291071553,-0.003036808,0.002333213,0.010193433,0.02383133,0.034782258,-0.179778188,-0.142233032,-0.097554324,-0.062258376,-0.039046031,0.084229192,0.109363814,0.140322721,0.166049233,0.182218542,0.076455998,0.101068096,0.131933119,0.160994819,0.181222944,-0.011762096,0.012789202,0.04723392,0.084219094,0.111989567
1935.5,1935,1936,0.18859126,0.218251615,0.245091297,0.272434632,0.296704012,0.007222159,0.015560842,0.026613136,0.04114246,0.05454989,-0.184584457,-0.146318108,-0.100688001,-0.064512151,-0.040659865,0.085031229,0.110298364,0.141666116,0.168032421,0.184712971,0.094209506,0.118448705,0.148783314,0.177934453,0.198646779,-0.063020453,-0.037394913,-0.00102918,0.036364556,0.06592593
1936.5,1936,1937,0.192656437,0.222960249,0.250364233,0.278276861,0.303054274,0.012306664,0.026809177,0.04463609,0.063214263,0.079110475,-0.190985973,-0.151672702,-0.104733062,-0.067389888,-0.042696516,0.085083718,0.11066604,0.142713396,0.169947369,0.187272173,0.110618744,0.13520681,0.166487884,0.197247554,0.219213997,-0.042349434,-0.016457406,0.019168612,0.056449442,0.085407952
1937.5,1937,1938,0.197279787,0.228320474,0.25634672,0.284876211,0.310209587,0.015424102,0.033640954,0.055946352,0.078133089,0.096301004,-0.198245615,-0.157805427,-0.109453827,-0.070788915,-0.045094818,0.084962531,0.110956626,0.143813827,0.172025009,0.190086421,0.120554859,0.145887661,0.178469718,0.210827875,0.233876944,0.085590866,0.115261618,0.155476423,0.197623167,0.228527656
1938.5,1938,1939,0.2019832,0.233768648,0.262444566,0.291619037,0.317524252,0.017041453,0.037149663,0.061779189,0.086124747,0.105750372,-0.200278544,-0.160051136,-0.111641184,-0.072479667,-0.046249221,0.088781868,0.114861858,0.147842626,0.176298636,0.194637083,0.129178285,0.155010594,0.188245325,0.221380832,0.24495358,0.085925042,0.114127857,0.153952018,0.194733388,0.224959973
1939.5,1939,1940,0.206647738,0.239168785,0.268502548,0.298335554,0.324819634,0.018375342,0.040043375,0.066572162,0.092669636,0.113484879,-0.202254523,-0.16190259,-0.113198864,-0.073566509,-0.046935265,0.093018035,0.119227066,0.152364083,0.181052318,0.199612714,0.137183949,0.163535273,0.19750691,0.231383018,0.25542958,0.047430454,0.077166301,0.117349765,0.157977066,0.18942881
1940.5,1940,1941,0.211285931,0.244536329,0.274529029,0.305025997,0.33209352,0.019429941,0.042327377,0.070351004,0.097862659,0.11966395,-0.207756614,-0.166953464,-0.11744452,-0.076763688,-0.049231289,0.094061113,0.120478777,0.154118487,0.183539803,0.202726105,0.141779543,0.16852027,0.203044642,0.237680196,0.262150613,0.148702525,0.180376594,0.228017855,0.27592766,0.309311302
1941.5,1941,1942,0.215773394,0.249724034,0.28036486,0.311519098,0.339163403,0.020001546,0.043544467,0.072378619,0.100775209,0.12323727,-0.212697454,-0.171970155,-0.122024866,-0.080347018,-0.051778995,0.094790261,0.121407253,0.15552466,0.185633101,0.20545934,0.144946761,0.171820478,0.206518831,0.241620217,0.266346425,0.03942642,0.09528554,0.190030323,0.283650296,0.327850187
1942.5,1942,1943,0.220130284,0.254759617,0.28603504,0.317838254,0.346050814,0.020259971,0.044073422,0.073281337,0.10220054,0.125110734,-0.218523685,-0.177179542,-0.126252431,-0.083448016,-0.053919962,0.095316391,0.122226029,0.156939784,0.187808746,0.208279796,0.147195717,0.174106453,0.208885939,0.244353456,0.269312553,0.004943514,0.061397184,0.148176696,0.241512973,0.293036102
1943.5,1943,1944,0.224325327,0.259607326,0.291500856,0.323942915,0.352712471,0.014627157,0.031347726,0.054497471,0.079261468,0.099562433,-0.224127132,-0.181884318,-0.129814549,-0.085922637,-0.055505852,0.096284959,0.123471533,0.158743404,0.190302291,0.211347732,0.136454343,0.160942753,0.1929411,0.225526551,0.248816089,0.026551857,0.082189261,0.174225617,0.262221718,0.318194484
1944.5,1944,1945,0.228086753,0.263947311,0.296425002,0.329476508,0.358770712,0.003432405,0.013295931,0.029516894,0.048962435,0.065399201,-0.227538898,-0.18460178,-0.131703167,-0.087058717,-0.055948742,0.098861341,0.126178376,0.161729879,0.193642125,0.215005022,0.118133646,0.141656598,0.172427085,0.202439546,0.223696535,0.179734407,0.24602066,0.335913169,0.409554868,0.462115728
1945.5,1945,1946,0.231283706,0.267627109,0.300641364,0.334259781,0.364034854,0.007673714,0.016422895,0.031184922,0.049716289,0.066379367,-0.225667337,-0.18257902,-0.129684057,-0.085183256,-0.054085854,0.105666005,0.132797536,0.167974117,0.199458562,0.220524599,0.127516449,0.150449198,0.180453769,0.20980432,0.230659807,0.090322391,0.134931196,0.219973092,0.308383217,0.358621354
1946.5,1946,1947,0.234181446,0.270955212,0.304473153,0.33862685,0.368855381,0.012911668,0.027988321,0.046927783,0.068016595,0.086727581,-0.220129752,-0.177587538,-0.125467346,-0.081710618,-0.050977055,0.11484722,0.14168273,0.176184921,0.206839431,0.227262567,0.149501819,0.172823338,0.20317211,0.233503412,0.255166744,-0.078468553,-0.030120263,0.036203948,0.097900794,0.136550789
1947.5,1947,1948,0.237056751,0.274266406,0.308271595,0.342949153,0.373617429,0.014595064,0.031677673,0.05308636,0.076123336,0.09595831,-0.218004655,-0.176046119,-0.124464435,-0.08091108,-0.049900805,0.120309954,0.14696501,0.181205522,0.211627021,0.231913895,0.159470922,0.183163933,0.214038287,0.245090867,0.267303945,-0.061266384,-0.014301735,0.052367185,0.113512584,0.155843565
1948.5,1948,1949,0.23992319,0.277564602,0.312055483,0.347248404,0.378355194,0.014791286,0.032031836,0.054168027,0.078212041,0.098672898,-0.220177123,-0.178200798,-0.126376594,-0.082270032,-0.050403837,0.122347659,0.148894206,0.183189279,0.21387188,0.234458636,0.162638553,0.186288828,0.217266027,0.248577191,0.271049262,-0.094071002,-0.047750811,0.015093605,0.069664345,0.104324163
1949.5,1949,1950,0.242727377,0.280792755,0.315765355,0.351466079,0.383004033,0.016836349,0.036545862,0.061412768,0.087605741,0.109446605,-0.223143196,-0.1806105,-0.128115479,-0.083340926,-0.050844022,0.124397556,0.150800476,0.185064888,0.21596978,0.236846859,0.170005725,0.194304462,0.226113904,0.258562264,0.281841071,-0.097648092,-0.065342794,-0.018528517,0.032690621,0.06991655
1950.5,1950,1951,0.245580743,0.284077847,0.319531217,0.355736564,0.387703868,0.018976435,0.041266903,0.068974485,0.097336496,0.120577177,-0.228618092,-0.184705882,-0.13086187,-0.08506132,-0.051945239,0.124956067,0.151280576,0.185736817,0.217173422,0.238564007,0.175910495,0.20114133,0.234101731,0.267989484,0.292219653,-0.19058808,-0.15471244,-0.103759405,-0.052186978,-0.017793616
1951.5,1951,1952,0.248541275,0.287489285,0.323426349,0.360139421,0.392539304,0.018807515,0.040836628,0.068344645,0.096785405,0.120097554,-0.232829555,-0.188684814,-0.134330531,-0.087683186,-0.053667069,0.125051448,0.151452606,0.186229104,0.21820304,0.240108312,0.176209533,0.201285965,0.234116226,0.268051383,0.292374017,-0.012152185,0.01851775,0.059910481,0.103428194,0.136451256
1952.5,1952,1953,0.251736796,0.291176091,0.327608647,0.364839083,0.397686896,0.017503012,0.037885663,0.063802037,0.091242942,0.113933839,-0.23458285,-0.191268734,-0.137264816,-0.090169693,-0.055387194,0.126280504,0.15283795,0.187851522,0.220147554,0.242393484,0.174925086,0.199346507,0.23149483,0.264729076,0.288675194,0.062291815,0.09464981,0.137849772,0.180924589,0.214715766
1953.5,1953,1954,0.255379893,0.295384618,0.332341081,0.370111106,0.403437407,0.017405163,0.037674734,0.063327574,0.090540235,0.11316124,-0.239366073,-0.19553829,-0.140769095,-0.092720127,-0.057166336,0.126942625,0.153668096,0.189059253,0.221915603,0.244680489,0.17595658,0.200236655,0.232277128,0.265543018,0.289551638,0.122617728,0.153865719,0.197775185,0.242556401,0.275767886
1954.5,1954,1955,0.259455358,0.300095762,0.337616446,0.375959198,0.409800975,0.018142614,0.03933784,0.065797739,0.09351597,0.116555028,-0.244767165,-0.200054561,-0.144224079,-0.095092642,-0.058690728,0.128022457,0.1549537,0.190792282,0.2242446,0.247535219,0.179495808,0.20400942,0.236338146,0.270133015,0.294520068,-0.073927527,-0.043916907,0.000216538,0.045843724,0.077688229
1955.5,1955,1956,0.263802286,0.305124765,0.343244853,0.382193191,0.416582483,0.019097221,0.041455985,0.0691708,0.097849391,0.121590265,-0.250681924,-0.205353246,-0.148551344,-0.098197767,-0.060656081,0.128526387,0.155743779,0.192155196,0.226316751,0.250223897,0.183155548,0.208077202,0.240925424,0.275527112,0.30048712,-0.157198377,-0.126343809,-0.083368792,-0.040840272,-0.010169947
1956.5,1956,1957,0.268378906,0.31041865,0.349169976,0.388756248,0.4237204,0.018138516,0.039246257,0.066110263,0.094570842,0.118285075,-0.260237275,-0.213515314,-0.15493836,-0.102702454,-0.063591807,0.126602304,0.154258692,0.191630192,0.226955239,0.251831378,0.180418328,0.204993402,0.237694058,0.272311308,0.297395132,-0.225994007,-0.192351528,-0.145020575,-0.09998888,-0.068349006
1957.5,1957,1958,0.273175836,0.315968788,0.355379775,0.395630815,0.431199599,0.016178861,0.034836458,0.059976732,0.087679451,0.111050479,-0.272950804,-0.223329214,-0.1618678,-0.107262525,-0.066464245,0.123311329,0.151763847,0.190540198,0.227371658,0.253365079,0.17409912,0.198420779,0.23112546,0.265526837,0.290534442,0.012364747,0.044456062,0.087751574,0.130206899,0.159415619
1958.5,1958,1959,0.278119607,0.32168591,0.361778336,0.402718675,0.438913939,0.017561113,0.03792244,0.064686513,0.093911514,0.118501934,-0.280828351,-0.229860309,-0.166718958,-0.110469099,-0.068162232,0.123524277,0.152464924,0.19206775,0.22979154,0.256487324,0.179157954,0.203881417,0.237147504,0.272673604,0.298532598,0.026582143,0.057514068,0.100574499,0.142867961,0.174326561
1959.5,1959,1960,0.283199614,0.327561337,0.368353816,0.410000415,0.44683915,0.020495665,0.044446854,0.074890806,0.106927042,0.133471694,-0.284644622,-0.234119424,-0.170578408,-0.113271104,-0.069492718,0.126093601,0.155201759,0.195174084,0.233358053,0.26051845,0.189737248,0.215492807,0.24979357,0.287322059,0.314517631,-0.016769964,0.014035058,0.057160215,0.100227411,0.129904013
1960.5,1960,1961,0.288733109,0.333960795,0.375480126,0.417861132,0.455382306,0.022283606,0.048381913,0.081215865,0.115204165,0.14306315,-0.290724157,-0.240122042,-0.175750496,-0.117038421,-0.071595071,0.127035056,0.156671695,0.197473936,0.23651246,0.264352506,0.195819413,0.222592099,0.258120694,0.297301499,0.325561561,-0.094977148,-0.063847938,-0.020612506,0.02176308,0.0522404
1961.5,1961,1962,0.294662746,0.34081704,0.383099814,0.42624841,0.464486704,0.022957945,0.0498339,0.083550894,0.118348094,0.146758102,-0.299522503,-0.247780023,-0.181826536,-0.12134532,-0.07440544,0.127100751,0.157256503,0.199014656,0.239143144,0.267881128,0.198490773,0.225732815,0.261920889,0.302120564,0.331074627,-0.002957373,0.028642819,0.072472866,0.114506933,0.145087165
1962.5,1962,1963,0.300972814,0.34811711,0.391206311,0.43516442,0.474157795,0.02286699,0.049596925,0.083135509,0.117858632,0.146230167,-0.307617535,-0.25472195,-0.187289818,-0.125199839,-0.076998825,0.128404626,0.159011677,0.20161001,0.24269878,0.272243458,0.200626119,0.227841892,0.264127297,0.3046518,0.33390758,-0.049443027,-0.016602154,0.028101995,0.070330536,0.099972173
1963.5,1963,1964,0.307842304,0.356066542,0.400020751,0.444847807,0.484658122,0.008807569,0.022792096,0.045940113,0.072771432,0.095606299,-0.317847893,-0.263026292,-0.19350186,-0.129429321,-0.079737173,0.129145589,0.160359399,0.204031332,0.246312477,0.276814202,0.173136412,0.198159198,0.231829009,0.267150616,0.292655018,0.015972128,0.045544685,0.086908104,0.128192685,0.158659024
1964.5,1964,1965,0.315129949,0.364501879,0.409377803,0.455130307,0.495814603,-0.046242616,-0.02698343,-0.006082109,0.009440558,0.020696484,-0.326952634,-0.270929291,-0.199821799,-0.133902899,-0.082636724,0.13053999,0.16239514,0.20713276,0.250545923,0.281977685,0.111324009,0.140112497,0.179623936,0.217217148,0.242724011,-0.202746619,-0.172447936,-0.129490404,-0.085581647,-0.053817096
1965.5,1965,1966,0.322535581,0.373063993,0.418893444,0.465602626,0.507189423,-0.046298495,-0.033125322,-0.014774052,0.000334347,0.008292947,-0.331714692,-0.276251045,-0.204827094,-0.137703396,-0.084958666,0.134364978,0.16669597,0.212161664,0.256281918,0.288397798,0.109513096,0.13732426,0.176514378,0.214771025,0.242000319,-0.099084329,-0.068148045,-0.024777438,0.019684388,0.05179988
1966.5,1966,1967,0.330365879,0.382116516,0.428937591,0.476643716,0.519175881,-0.006158747,-0.001414015,0.006155076,0.021811747,0.035935804,-0.33752519,-0.281929117,-0.20973413,-0.141276452,-0.087100313,0.13835433,0.171300822,0.217643352,0.262586398,0.295418396,0.147823978,0.171946479,0.207950247,0.242286624,0.266132199,-0.071839433,-0.042321373,-0.000539416,0.041639137,0.071282284
1967.5,1967,1968,0.338603296,0.391639638,0.439498352,0.4882438,0.531766861,0.006173615,0.014074127,0.027143496,0.0452956,0.062144863,-0.344411187,-0.287866193,-0.214359546,-0.144409156,-0.088803179,0.14300325,0.176509182,0.2236796,0.269443294,0.302981256,0.175384719,0.199123177,0.233598836,0.267971248,0.291720022,-0.059753177,-0.032521211,0.00583898,0.04405841,0.070533074
1968.5,1968,1969,0.347184809,0.401561968,0.450502347,0.500335973,0.544889544,0.010470033,0.022723113,0.040159568,0.061266453,0.080064803,-0.351607325,-0.29402873,-0.219108154,-0.147587777,-0.090453406,0.147861526,0.181973314,0.230034636,0.276677419,0.310974404,0.193289649,0.217532358,0.251807734,0.287364401,0.312606893,-0.133601969,-0.104393855,-0.064628627,-0.025719938,0.001593739
1969.5,1969,1970,0.356458936,0.412288813,0.46238539,0.513376667,0.559041101,0.011739164,0.025377361,0.044444979,0.067022242,0.086782808,-0.357300699,-0.299717942,-0.224008308,-0.151099353,-0.092276409,0.153306926,0.188264365,0.237461908,0.285112101,0.320246482,0.203398757,0.228213713,0.263308746,0.299801818,0.326182022,-0.007457481,0.021610771,0.061810418,0.101048621,0.128406512
1970.5,1970,1971,0.366883765,0.42435236,0.475732369,0.527997349,0.574887294,0.013518427,0.029228001,0.050340912,0.074403424,0.095130659,-0.365729585,-0.307584336,-0.230515144,-0.155736296,-0.094906238,0.157888897,0.193931124,0.244648952,0.293704665,0.329999896,0.213957582,0.239646525,0.275947594,0.313946227,0.341890869,-0.07339061,-0.043940709,-0.003640559,0.035451601,0.062688199
1971.5,1971,1972,0.377865418,0.437058804,0.489818835,0.543450654,0.591641636,0.016238393,0.035224332,0.059564718,0.085745084,0.107779692,-0.375675981,-0.316122861,-0.237063568,-0.16013247,-0.097106185,0.163329928,0.200259073,0.25229467,0.302648429,0.340076369,0.227999961,0.254569428,0.292088368,0.33193559,0.361627844,-0.215707586,-0.18401938,-0.141279363,-0.10023256,-0.071953128
1972.5,1972,1973,0.389618468,0.450654236,0.504897978,0.559993041,0.609580785,0.018091743,0.039293089,0.065989507,0.093887215,0.116954251,-0.387783982,-0.32542748,-0.243381529,-0.163933466,-0.0985289,0.17041473,0.207807601,0.260714199,0.312081343,0.35051761,0.241232463,0.268322344,0.306578904,0.34757188,0.378451055,-0.120339818,-0.087748971,-0.043868728,-0.002352608,0.027070518
1973.5,1973,1974,0.403517133,0.466756928,0.52273798,0.579518839,0.630706866,0.018947106,0.041138474,0.068957011,0.09780331,0.12140924,-0.399558846,-0.334838721,-0.250109567,-0.168230493,-0.100364454,0.179286978,0.217480475,0.27163556,0.324286398,0.363845729,0.253438096,0.281158032,0.320421083,0.362301027,0.39410011,0.008986797,0.042633884,0.087249811,0.129620822,0.159272563
1974.5,1974,1975,0.417663988,0.483124075,0.540919683,0.599477904,0.652330692,0.019049659,0.041321568,0.069279656,0.098355978,0.122034743,-0.406029344,-0.340716911,-0.254721498,-0.171292742,-0.101448388,0.191095277,0.230145712,0.285431513,0.339123288,0.379497368,0.266430265,0.294473479,0.334712797,0.376858775,0.409017437,-0.229826938,-0.195443208,-0.149935667,-0.106094342,-0.075330468
1975.5,1975,1976,0.430142566,0.497516076,0.556934438,0.61714423,0.671552711,0.018773219,0.040664428,0.068312334,0.097291153,0.12086637,-0.40996832,-0.344067026,-0.257091496,-0.172615798,-0.101258731,0.203690332,0.243255956,0.299195909,0.353524364,0.394393498,0.279081109,0.307026488,0.34777368,0.389677271,0.421910054,-0.18374869,-0.14876963,-0.102358137,-0.057563031,-0.02646584
1976.5,1976,1977,0.441921264,0.511085875,0.572029816,0.6338084,0.689712869,0.018380672,0.039761619,0.066956807,0.095705238,0.119150413,-0.41682651,-0.349563765,-0.260901928,-0.174876933,-0.101630536,0.213765215,0.253795686,0.310444838,0.365532881,0.407043749,0.288732656,0.316778707,0.357953242,0.399714,0.432094766,-0.294851369,-0.261183119,-0.216670556,-0.173201929,-0.14323876
1977.5,1977,1978,0.454878194,0.526051235,0.588651006,0.652099653,0.709601688,0.019095304,0.041357569,0.069404917,0.098787299,0.122761725,-0.42661854,-0.357172572,-0.266051865,-0.177924441,-0.102210267,0.223721095,0.264249437,0.321728683,0.377734675,0.420051244,0.301472015,0.32983199,0.371728109,0.413938166,0.446946371,0.005879518,0.041262309,0.088054326,0.133831516,0.165169986
1978.5,1978,1979,0.46923786,0.54264585,0.607089307,0.672367896,0.731606112,0.020812221,0.045164369,0.075525294,0.106723924,0.13205701,-0.435115961,-0.363427228,-0.269900939,-0.179845367,-0.101554218,0.236965575,0.277920504,0.336081122,0.392886859,0.435898327,0.320652067,0.3492097,0.392094448,0.435116977,0.469147494,-0.113302363,-0.077261475,-0.029625071,0.016806428,0.048326126
1979.5,1979,1980,0.484222289,0.559965701,0.626360506,0.693576949,0.754628841,0.022572632,0.049013966,0.081989335,0.115524653,0.142581428,-0.4439501,-0.369893087,-0.273883932,-0.181878201,-0.101013906,0.250790402,0.292218859,0.351104377,0.408723648,0.452382717,0.340453032,0.369469421,0.41356174,0.457639862,0.492750855,-0.048504498,-0.012441255,0.034035587,0.079829161,0.110572616
1980.5,1980,1981,0.499955044,0.57814538,0.646607075,0.715871933,0.778825161,0.023270142,0.050471744,0.084716602,0.119794792,0.148053416,-0.451156059,-0.375388903,-0.277518798,-0.183968025,-0.101275066,0.265911041,0.307914156,0.367540247,0.425892517,0.470033972,0.358644285,0.388016401,0.433020347,0.477495969,0.513004083,0.03585159,0.072322568,0.120629308,0.168218481,0.200812324
1981.5,1981,1982,0.515762362,0.596404601,0.666949447,0.738297057,0.803184264,0.022717459,0.049157621,0.083028862,0.118395429,0.147017872,-0.453973092,-0.377443454,-0.278708518,-0.184451622,-0.100817697,0.284156387,0.326606196,0.386622595,0.445312609,0.489556833,0.376760766,0.40581334,0.451026261,0.494582267,0.52963171,0.072562988,0.108638592,0.155687664,0.202769633,0.234771225
1982.5,1982,1983,0.53064917,0.613581666,0.686080847,0.759424221,0.826171885,0.018516216,0.039754456,0.069368713,0.101951189,0.12880983,-0.459342049,-0.380279198,-0.279494205,-0.184145371,-0.099305324,0.302156901,0.344582934,0.404433453,0.462970869,0.507012531,0.385247109,0.412890964,0.456702068,0.496509715,0.528976373,-0.142928616,-0.109413752,-0.065293138,-0.019400345,0.011382257
1983.5,1983,1984,0.545419861,0.630626758,0.705055096,0.780371815,0.848965963,0.003140978,0.015093989,0.036157046,0.061706747,0.083356185,-0.46105749,-0.380616201,-0.278762622,-0.182894861,-0.097110595,0.321657984,0.3641457,0.423871885,0.482307167,0.526149063,0.375203949,0.401369918,0.444778144,0.481449291,0.50793441,0.066529632,0.096236181,0.136236188,0.180720701,0.209878241
1984.5,1984,1985,0.560637738,0.648190493,0.724604964,0.801937366,0.872418949,-0.008888737,0.001367366,0.016032875,0.036764414,0.054553905,-0.458165639,-0.378489224,-0.277051093,-0.181323278,-0.094734193,0.342556064,0.385424006,0.445371236,0.504076405,0.547999999,0.375037476,0.401632013,0.446496874,0.483015989,0.510704383,-0.113142042,-0.082439897,-0.041669498,0.004166803,0.034515966
1985.5,1985,1986,0.575966111,0.665881954,0.744293439,0.823661691,0.896045952,0.002717301,0.009045734,0.022661064,0.042935375,0.061581099,-0.460925643,-0.380166268,-0.277643649,-0.181116634,-0.093051943,0.361048173,0.404173671,0.464343546,0.523330623,0.567415128,0.401924898,0.428741293,0.472806888,0.509190733,0.536359082,-0.135494183,-0.10545834,-0.065460362,-0.020619078,0.009208269
1986.5,1986,1987,0.591482065,0.683788377,0.764220097,0.845654031,0.919957352,0.008168994,0.017685348,0.032736937,0.053571831,0.073115371,-0.464237894,-0.382060592,-0.278187145,-0.180725133,-0.090987287,0.379826143,0.42318196,0.483549288,0.542814306,0.58705023,0.431026363,0.458101998,0.501360627,0.537829518,0.56510136,-0.117578992,-0.087838217,-0.048152522,-0.003819231,0.025807714
1987.5,1987,1988,0.607300234,0.702046291,0.784536153,0.868071866,0.944332561,0.010491051,0.022603623,0.039874498,0.061760103,0.081820962,-0.470074039,-0.385620882,-0.27970885,-0.180882459,-0.08919077,0.397934248,0.441471276,0.502021038,0.561527973,0.605886411,0.456305546,0.483446494,0.526333545,0.562708456,0.589999575,0.005696349,0.034932198,0.07399671,0.117965949,0.14724593
1988.5,1988,1989,0.624207945,0.721569024,0.80626429,0.892028116,0.970350933,0.013342376,0.028834284,0.04938951,0.073319516,0.09454101,-0.477551049,-0.390311898,-0.281928629,-0.181445523,-0.087518528,0.416393435,0.460207212,0.521106822,0.581042989,0.625675648,0.484215744,0.511374932,0.554269399,0.590768322,0.618749186,0.014483377,0.044341059,0.084229457,0.128417146,0.157933983
1989.5,1989,1990,0.641814564,0.741899513,0.828902504,0.916992752,0.997455321,0.016552386,0.035875858,0.06073497,0.087806879,0.110957322,-0.48102383,-0.392308086,-0.282482884,-0.180912688,-0.084796688,0.437416053,0.481673358,0.543070687,0.603606605,0.648618307,0.516065043,0.543477984,0.586896432,0.624191804,0.654117663,-0.122790687,-0.091769651,-0.050951956,-0.006225259,0.02359961
1990.5,1990,1991,0.658629325,0.76130111,0.850506059,0.940851792,1.023408025,0.019044379,0.041311692,0.069744282,0.09981605,0.12488798,-0.483925151,-0.393865116,-0.282780871,-0.180293912,-0.082285999,0.457892944,0.502494534,0.564252432,0.625221648,0.670494379,0.545084867,0.572589789,0.616779396,0.65485819,0.686157152,0.025212553,0.05826421,0.100653537,0.146196005,0.176054711
1991.5,1991,1992,0.674624545,0.779750019,0.871045351,0.963563235,1.04813113,0.012466447,0.027416326,0.050323455,0.07728487,0.100153666,-0.499698603,-0.402359702,-0.285994411,-0.18076614,-0.080792575,0.473953292,0.51842099,0.580097024,0.641045857,0.686312873,0.544926966,0.572359262,0.6148683,0.650972666,0.677415866,0.012091637,0.040840458,0.080641927,0.124703996,0.154702122
1992.5,1992,1993,0.689527868,0.796922141,0.890164286,0.984735275,1.071214546,-0.057363011,-0.037339274,-0.013055203,0.002187192,0.012526864,-0.504969586,-0.403684179,-0.284799103,-0.178438375,-0.076991093,0.49334244,0.53794484,0.599698407,0.660762747,0.706013629,0.48346334,0.516867389,0.564757313,0.606104977,0.643154801,-0.164611234,-0.127662156,-0.083607843,-0.035115385,-0.000428276
1993.5,1993,1994,0.70283835,0.81224546,0.907230654,1.00369017,1.091926512,-0.11600524,-0.091176757,-0.058904921,-0.031265783,-0.014188325,-0.494707133,-0.396222621,-0.279162618,-0.173798535,-0.070907134,0.517660565,0.56206404,0.623279993,0.683762318,0.72831062,0.447469334,0.485934739,0.542227932,0.595619182,0.646382556,-0.125149638,-0.074879111,-0.02072468,0.036135466,0.075099825
1994.5,1994,1995,0.71565487,0.827005997,0.923680084,1.021962864,1.111889111,-0.072351816,-0.057338919,-0.036874465,-0.017786784,-0.006980781,-0.501120052,-0.397790319,-0.277549816,-0.170803349,-0.065973166,0.535304569,0.579526139,0.640478364,0.700730266,0.745042991,0.497218266,0.532233922,0.583579298,0.630579923,0.674018632,-0.085267451,-0.042838931,0.006702871,0.058899229,0.095341499
1995.5,1995,1996,0.728996832,0.84239482,0.940834216,1.040983013,1.132629124,-0.026493949,-0.016130766,-0.003804053,0.005729719,0.01530461,-0.506493924,-0.398288005,-0.274907446,-0.166830052,-0.059511002,0.553991919,0.598391801,0.659521737,0.71988657,0.764124039,0.557519323,0.590868147,0.635918677,0.67849541,0.711248646,0.020021336,0.053155241,0.097310395,0.143568826,0.17782479
1996.5,1996,1997,0.742644595,0.858153413,0.958397435,1.060439573,1.153827367,-0.001835649,0.003845012,0.015372212,0.031134071,0.044544037,-0.499376634,-0.392041294,-0.269138988,-0.161414565,-0.051859241,0.578347161,0.622634154,0.683428253,0.743312341,0.786857155,0.608231475,0.640592591,0.681835013,0.722353128,0.749765397,-0.119632055,-0.090665861,-0.048561386,-0.00568557,0.027392656
1997.5,1997,1998,0.755787709,0.873311416,0.975307941,1.079213809,1.174294121,0.006386646,0.015247357,0.0302328,0.049412397,0.06575557,-0.511179129,-0.396135368,-0.268534914,-0.158791237,-0.047441982,0.593269175,0.638083525,0.699512792,0.7599441,0.803794702,0.640529163,0.672239379,0.713040756,0.752510847,0.778645057,-0.003454503,0.02452671,0.065686165,0.108389008,0.140770695
1998.5,1998,1999,0.769453379,0.889095857,0.992915809,1.098727726,1.195545846,0.011014732,0.024018181,0.042533841,0.064299008,0.082910317,-0.536394473,-0.406432368,-0.270675625,-0.157483843,-0.044898851,0.59684921,0.647243461,0.713050915,0.775852133,0.820748544,0.655844838,0.693288292,0.739029987,0.780036493,0.807247921,0.122677545,0.151429303,0.194069327,0.241216152,0.279547651
1999.5,1999,2000,0.784212589,0.906158334,1.011940109,1.119759191,1.218414655,0.014360709,0.031184573,0.053504198,0.077867448,0.098404136,-0.5314246,-0.401674301,-0.266119804,-0.15324187,-0.039329559,0.622024594,0.671443976,0.736559131,0.798931082,0.843368167,0.692676321,0.727860935,0.772899074,0.812941521,0.840334314,-0.16174795,-0.133217465,-0.091520783,-0.045304325,-0.00922447
2000.5,2000,2001,0.798184735,0.922301426,1.02996919,1.139760826,1.240191483,0.01707506,0.037070957,0.062945291,0.090008578,0.11230418,-0.506704202,-0.387101557,-0.257552767,-0.147424836,-0.031881147,0.658083658,0.70317193,0.764706463,0.824826654,0.867740122,0.73970913,0.768216525,0.809862895,0.847006978,0.873903599,-0.188873256,-0.161017397,-0.121569619,-0.078669333,-0.048828674
2001.5,2001,2002,0.811206384,0.937322172,1.046780195,1.158466124,1.260597112,0.019019567,0.041286732,0.069822686,0.099150506,0.122897672,-0.488572516,-0.376234047,-0.251200418,-0.142981633,-0.026028428,0.685123236,0.729222566,0.789620557,0.848721778,0.890743906,0.773302571,0.800454879,0.841668921,0.877428455,0.904526499,-0.061584294,-0.033692122,0.004294676,0.046346363,0.074523808
2002.5,2002,2003,0.824300102,0.952449543,1.063699203,1.177272859,1.281098505,0.020452839,0.044376667,0.074901952,0.106055146,0.130974481,-0.4896224,-0.375849947,-0.249869412,-0.141193431,-0.022671471,0.703241422,0.747348006,0.807710341,0.866685845,0.908493776,0.796106389,0.823254453,0.864977726,0.900374855,0.927673052,-0.02983764,-0.002033064,0.035431242,0.077747297,0.105655449
2003.5,2003,2004,0.838197571,0.968518792,1.081653374,1.197178707,1.302752092,0.021056777,0.045653811,0.076975491,0.109005078,0.134459848,-0.503104187,-0.382495212,-0.252449855,-0.14187361,-0.021953316,0.715463849,0.760286709,0.821615777,0.881533939,0.924012162,0.810144671,0.838399613,0.881199066,0.917225381,0.945085876,-0.046795662,-0.018658936,0.01954301,0.06302774,0.091985957
2004.5,2004,2005,0.852262821,0.984779073,1.099831658,1.217339348,1.324679602,0.020957587,0.045386989,0.076480472,0.108484109,0.133833504,-0.508338019,-0.385729423,-0.25415163,-0.142302342,-0.019643028,0.730804041,0.776078417,0.838015139,0.898505351,0.941327344,0.825216429,0.854152657,0.897316383,0.933430528,0.96154059,-0.140177162,-0.111911547,-0.073543748,-0.029653711,2.96E-05
2005.5,2005,2006,0.865900937,1.000535262,1.117475637,1.236941806,1.346011114,0.02060398,0.044572018,0.075140521,0.106840917,0.131952081,-0.510271257,-0.387982694,-0.255814744,-0.142793708,-0.016369218,0.747102243,0.792435234,0.854568498,0.915340906,0.958357234,0.840502857,0.869580206,0.91266856,0.94868546,0.976881335,-0.01589291,0.0125262,0.050755196,0.094535769,0.124354877
2006.5,2006,2007,0.879671364,1.016444469,1.135290742,1.25672731,1.367545658,0.01993301,0.043055034,0.072757683,0.103896347,0.128678832,-0.516582809,-0.392540399,-0.258780326,-0.144265217,-0.0149406,0.760823895,0.806607332,0.869393515,0.930852847,0.974355317,0.851918296,0.881871283,0.925293412,0.961858845,0.990109854,-0.062130668,-0.033934495,0.004310757,0.048325549,0.078755715
2007.5,2007,2008,0.893461466,1.032381526,1.153143525,1.276561133,1.38913521,0.019294023,0.041619856,0.070502357,0.101076165,0.125611401,-0.519691116,-0.394426772,-0.259465509,-0.143804709,-0.011554048,0.777224242,0.823407894,0.886716732,0.948648992,0.992391292,0.866001707,0.896822101,0.940458992,0.977543661,1.00571642,-0.058515707,-0.03035447,0.007798156,0.051848008,0.082876915
2008.5,2008,2009,0.907374388,1.048453067,1.17115633,1.296572964,1.410912778,0.018960314,0.040880301,0.06927373,0.099500606,0.123986571,-0.513845848,-0.390649088,-0.256439291,-0.140675469,-0.005462497,0.798908828,0.845275416,0.908702714,0.970644221,1.014119695,0.886382807,0.917806055,0.961271184,0.998420341,1.026271735,-0.205502309,-0.177797093,-0.139383408,-0.09550883,-0.063928651
2009.5,2009,2010,0.921065699,1.064274104,1.188908637,1.316325844,1.432421283,0.018677685,0.040256335,0.068257324,0.098232668,0.122737571,-0.503109925,-0.382716876,-0.250242276,-0.135319175,0.000988358,0.82302193,0.869821059,0.933591489,0.995645018,1.038796631,0.909298214,0.941466865,0.985156008,1.022795169,1.050380009,-0.098297637,-0.07045504,-0.031331711,0.01305833,0.045799482
2010.5,2010,2011,0.934719165,1.080051745,1.206615789,1.336032096,1.453880321,0.018804012,0.040551789,0.068638603,0.098737522,0.12352184,-0.498706279,-0.377161914,-0.244013255,-0.129188444,0.008382272,0.846018048,0.893352406,0.957536387,1.019759692,1.062673623,0.93257938,0.965199273,1.009483423,1.047698467,1.075206894,-0.039504883,-0.011912158,0.026982178,0.071417926,0.104326148
2011.5,2011,2012,0.94870544,1.096211235,1.224742242,1.356185936,1.475819268,0.019319838,0.041709727,0.070432619,0.101111931,0.126482067,-0.495337575,-0.373241344,-0.239740055,-0.124754247,0.014851734,0.867537094,0.915473952,0.980200891,1.042799285,1.085725344,0.955675523,0.988737817,1.033833606,1.072943452,1.100831391,-0.208211154,-0.179797412,-0.139512613,-0.094008264,-0.060005647
2012.5,2012,2013,0.962639753,1.112317712,1.242825925,1.376302657,1.497727657,0.019994743,0.043202111,0.072865435,0.104411927,0.130523608,-0.493239247,-0.370710561,-0.236982579,-0.121818609,0.019483803,0.887492007,0.936001443,1.00123729,1.064218987,1.107247645,0.977817841,1.011242605,1.057149138,1.097147788,1.125695825,-0.193233153,-0.164073202,-0.122910984,-0.076946147,-0.04280012
2013.5,2013,2014,0.977208473,1.129162507,1.26171428,1.39727674,1.520543534,0.021137656,0.045731228,0.076927552,0.10978416,0.136905245,-0.489651717,-0.366577433,-0.232624515,-0.117513934,0.025062274,0.909349023,0.958673808,1.024587103,1.08803484,1.131193456,1.003475222,1.037183605,1.084136392,1.125342573,1.155052338,-0.175983458,-0.145971238,-0.103734437,-0.056574786,-0.021544037
2014.5,2014,2015,0.99214605,1.146442623,1.281088616,1.418778701,1.543935307,0.021968087,0.047538569,0.079972648,0.114018156,0.142038176,-0.484109902,-0.360774054,-0.226909733,-0.112096257,0.031411176,0.93277622,0.983112007,1.049847637,1.113843152,1.15718816,1.029483655,1.063907552,1.1121158,1.154549383,1.185783695,-0.157524774,-0.125921661,-0.082393402,-0.034283876,0.001242655
2015.5,2015,2016,1.007074508,1.163699615,1.300458363,1.440302054,1.567356424,0.021868279,0.047262228,0.079777401,0.114190164,0.142535861,-0.487295968,-0.358910419,-0.222247595,-0.106880846,0.038054463,0.954368105,1.005562217,1.07288926,1.137205817,1.180553915,1.050443818,1.085777777,1.135338809,1.178067548,1.209752479,-0.028369674,0.003442339,0.046824257,0.096008909,0.131938304
2016.5,2016,2017,1.023048305,1.182188678,1.321160955,1.463243644,1.592286167,0.021259495,0.04586853,0.077703361,0.111780117,0.139975481,-0.479731131,-0.351124379,-0.214805748,-0.099959826,0.045879902,0.980211895,1.032788444,1.101303518,1.166357163,1.210056342,1.073563845,1.110907572,1.161986198,1.205621157,1.23848096,0.050824357,0.083710348,0.127712021,0.178246533,0.215661393
2017.5,2017,2018,1.039385214,1.201094752,1.342340963,1.486718462,1.617798473,0.021043224,0.045384225,0.076872744,0.110738002,0.138900318,-0.464247316,-0.33942511,-0.205827676,-0.09217376,0.054139528,1.008127941,1.062495538,1.132761555,1.199031748,1.243672969,1.099699205,1.139639542,1.192369137,1.23810482,1.272861415,-0.070910165,-0.036214419,0.009631891,0.062174397,0.101959761
2018.5,2018,2019,1.055297941,1.219496994,1.362994918,1.509667286,1.642768442,0.020906985,0.045080635,0.076359663,0.110104803,0.138305769,-0.454146957,-0.330823887,-0.198544977,-0.085609103,0.061205963,1.033419453,1.089428643,1.16139761,1.228897623,1.274615816,1.123573555,1.1656412,1.220295097,1.268300607,1.304598928,-0.185151127,-0.148909569,-0.100669796,-0.046138913,-0.004248116
2019.5,2019,2020,1.071281017,1.237982608,1.383745049,1.532727806,1.667865759,0.019964214,0.042955612,0.073228426,0.10630518,0.134152401,-0.456470632,-0.329168907,-0.194782473,-0.081669136,0.066702912,1.055081366,1.112170568,1.185211284,1.253253687,1.299125246,1.141426612,1.185056124,1.241431551,1.290302038,1.326282247,-0.078671474,-0.042487544,0.006590793,0.062706991,0.106159854
2020.5,2020,2021,1.087311934,1.256519959,1.404562133,1.555864107,1.693053051,0.018541409,0.039779496,0.068530612,0.100531202,0.12776389,-0.457335705,-0.325732381,-0.189276102,-0.07654708,0.071721438,1.07698018,1.135755777,1.210561761,1.279702175,1.326256535,1.157953262,1.203649299,1.262488357,1.313021901,1.349085946,-0.070399272,-0.034087311,0.016721755,0.075693244,0.121377244
2021.5,2021,2022,1.103408563,1.275138625,1.425474925,1.579116268,1.718376287,0.018464545,0.039662063,0.068048559,0.099811785,0.127050928,-0.457801574,-0.322229984,-0.18399935,-0.071886035,0.075779474,1.097908136,1.158811859,1.235809394,1.306380476,1.353914093,1.177778754,1.225889053,1.287184834,1.339919877,1.377040219,-0.258986547,-0.221722515,-0.168550749,-0.107524962,-0.059594515
2022.5,2022,2023,1.119652124,1.29393382,1.446584386,1.602584799,1.743936157,0.019947728,0.043024969,0.072922986,0.105778817,0.133872413,-0.448228549,-0.314707539,-0.178071208,-0.066690965,0.082106259,1.122359991,1.184980529,1.263805117,1.335661403,1.384315187,1.206749249,1.256484435,1.319305769,1.374520029,1.413706865,-0.256236049,-0.216814614,-0.161273602,-0.09855474,-0.048789775
2023.5,2023,2024,1.135817482,1.312621238,1.467591081,1.625958006,1.769397983,0.022342274,0.048358216,0.081305007,0.11641178,0.146022525,-0.456421043,-0.316537218,-0.176642381,-0.064255061,0.086604454,1.140173039,1.204394153,1.285066468,1.358301089,1.407892196,1.232238493,1.283634084,1.348306996,1.405561263,1.447020806,0.008793481,0.050682613,0.108751018,0.17360999,0.225144169
2024.5,2024,2025,1.152453159,1.331867607,1.489200822,1.649975152,1.795546718,0.024412519,0.052902392,0.088764632,0.126268021,0.15743371,-0.484002421,-0.327062113,-0.178519778,-0.06296839,0.089958144,1.147397171,1.216670425,1.301689012,1.377854691,1.42886254,1.245160389,1.302660099,1.372154278,1.432720545,1.477122156,0.057489131,0.101993794,0.162800775,0.232046447,0.289478812
