time,timebound_lower,timebound_upper,CO2,CH4,N2O,HFC-134a,HFC-23,HFC-32,HFC-125,HFC-143a,HFC-152a,HFC-227ea,HFC-236fa,HFC-245fa,HFC-365mfc,HFC-43-10mee,NF3,SF6,SO2F2,CF4,C2F6,C3F8,c-C4F8,CFC-12,CFC-11,CFC-113,CFC-114,CFC-115,CFC-13,HCFC-22,HCFC-141b,HCFC-142b,CH3CCl3,CCl4,CH3Cl,CH3Br,CH2Cl2,CHCl3,Halon-1211,Halon-1301,Halon-2402,n-C4F10,n-C5F12,n-C6F14,i-C6F14,C7F16,C8F18,CFC-112,CFC-112a,CFC-113a,CFC-114a,HCFC-133a,HCFC-31,HCFC-124
1750.5,1750,1751,278.377857,729.2,270.1,0,0,0.000218389,0,0,0,3.95E-06,0,0,0,0,0,0,2.10E-05,34.05,1.29E-06,0,0,0,0,0,0,0,0,0,0,0,0,0.025000429,457,5.299997818,6.91,4.8,0.004446573,0,0,0,0,0,0,0,0,0,0,0,0,0,0,0
1850.5,1850,1851,285.583545,807.6,272.1,0,0,0.000218389,0,0,0,3.95E-06,0,0,0,0,0,0,2.10E-05,34.05,1.29E-06,0,0,0,0,0,0,0,0,0,0,0,0,0.025000429,457,5.299997818,6.91276128,4.8,0.004446573,0,0,0,0,0,0,0,0,0,0,0,0,0,0,0
1851.5,1851,1852,285.7055532,807.7689743,272.1811321,0,0,0.000220928,0,0,0,4.00E-06,0,0,0,0,0,0,2.12E-05,34.05,1.03E-05,0,0,0,0,0,0,0,0,0,0,0,0,0.025000429,457,5.299997818,6.91276128,4.8,0.004446573,0,0,0,0,0,0,0,0,0,0,0,0,0,0,0
1852.5,1852,1853,285.8435884,808.5228485,272.2622141,0,0,0.000223468,0,0,0,4.04E-06,0,0,0,0,0,0,2.15E-05,34.05,2.07E-05,0,0,0,0,0,0,0,0,0,0,0,0,0.025000429,457,5.299997818,6.91276128,4.8,0.004446573,0,0,0,0,0,0,0,0,0,0,0,0,0,0,0
1853.5,1853,1854,285.9676049,809.768605,272.3652689,0,0,0.000226007,0,0,0,4.09E-06,0,0,0,0,0,0,2.17E-05,34.05,3.11E-05,0,0,0,0,0,0,0,0,0,0,0,0,0.025000429,457,5.299997818,6.91276128,4.8,0.004446573,0,0,0,0,0,0,0,0,0,0,0,0,0,0,0
1854.5,1854,1855,286.0736325,811.1015197,272.4713448,0,0,0.000228547,0,0,0,4.14E-06,0,0,0,0,0,0,2.20E-05,34.05,4.15E-05,0,0,0,0,0,0,0,0,0,0,0,0,0.025000429,457,5.299997818,6.91276128,4.8,0.004446573,0,0,0,0,0,0,0,0,0,0,0,0,0,0,0
1855.5,1855,1856,286.1596246,812.706285,272.5854469,0,0,0.000231086,0,0,0,4.18E-06,0,0,0,0,0,0,2.22E-05,34.05,5.20E-05,0,0,0,0,0,0,0,0,0,0,0,0,0.025000429,457,5.299997818,6.91276128,4.8,0.004446573,0,0,0,0,0,0,0,0,0,0,0,0,0,0,0
1856.5,1856,1857,286.2586276,814.1752471,272.700495,0,0,0.000233625,0,0,0,4.23E-06,0,0,0,0,0,0,2.25E-05,34.05,6.25E-05,0,0,0,0,0,0,0,0,0,0,0,0,0.025000429,457,5.299997818,6.91276128,4.8,0.004446573,0,0,0,0,0,0,0,0,0,0,0,0,0,0,0
1857.5,1857,1858,286.4046647,815.8361037,272.8045873,0,0,0.000236165,0,0,0,4.27E-06,0,0,0,0,0,0,2.27E-05,34.05,7.32E-05,0,0,0,0,0,0,0,0,0,0,0,0,0.025000429,457,5.299997818,6.91276128,4.8,0.004446573,0,0,0,0,0,0,0,0,0,0,0,0,0,0,0
1858.5,1858,1859,286.560689,817.7439085,272.8926579,0,0,0.000238704,0,0,0,4.32E-06,0,0,0,0,0,0,2.30E-05,34.05,8.38E-05,0,0,0,0,0,0,0,0,0,0,0,0,0.025000429,457,5.299997818,6.91276128,4.8,0.004446573,0,0,0,0,0,0,0,0,0,0,0,0,0,0,0
1859.5,1859,1860,286.7277693,819.7897138,273.0387424,0,0,0.000241244,0,0,0,4.37E-06,0,0,0,0,0,0,2.32E-05,34.05,9.46E-05,0,0,0,0,0,0,0,0,0,0,0,0,0.025000429,457,5.299997818,6.91276128,4.8,0.004446573,0,0,0,0,0,0,0,0,0,0,0,0,0,0,0
1860.5,1860,1861,286.9128388,821.7106413,273.20683,0,0,0.000243783,0,0,0,4.41E-06,0,0,0,0,0,0,2.35E-05,34.05,0.000105433,0,0,0,0,0,0,0,0,0,0,0,0,0.025000429,457,5.299997818,6.91276128,4.8,0.004446573,0,0,0,0,0,0,0,0,0,0,0,0,0,0,0
1861.5,1861,1862,287.0979082,823.8025281,273.3978974,0,0,0.000246322,0,0,0,4.46E-06,0,0,0,0,0,0,2.37E-05,34.05,0.00011636,0,0,0,0,0,0,0,0,0,0,0,0,0.025000429,457,5.299997818,6.91276128,4.8,0.004446573,0,0,0,0,0,0,0,0,0,0,0,0,0,0,0
1862.5,1862,1863,287.2559482,826.4373838,273.5809692,0,0,0.000248862,0,0,0,4.50E-06,0,0,0,0,0,0,2.40E-05,34.0501,0.000127382,0,0,0,0,0,0,0,0,0,0,0,0,0.025000429,457,5.299997818,6.91276128,4.8,0.004446573,0,0,0,0,0,0,0,0,0,0,0,0,0,0,0
1863.5,1863,1864,287.4179892,829.5792584,273.7430449,0,0,0.000251401,0,0,0,4.55E-06,0,0,0,0,0,0,2.42E-05,34.0501,0.000138504,0,0,0,0,0,0,0,0,0,0,0,0,0.025000429,457,5.299997818,6.91276128,4.8,0.004446573,0,0,0,0,0,0,0,0,0,0,0,0,0,0,0
1864.5,1864,1865,287.5800301,833.0220364,273.8991392,0,0,0.000253941,0,0,0,4.60E-06,0,0,0,0,0,0,2.45E-05,34.0501,0.000149735,0,0,0,0,0,0,0,0,0,0,0,0,0.025000429,457,5.299997818,6.91276128,4.8,0.004446573,0,0,0,0,0,0,0,0,0,0,0,0,0,0,0
1865.5,1865,1866,287.7431095,836.3169873,274.0661892,0,0,0.00025648,0,0,0,4.64E-06,0,0,0,0,0,0,2.47E-05,34.0501,0.000161078,0,0,0,0,0,0,0,0,0,0,0,0,0.025000429,457,5.299997818,6.91276128,4.8,0.004446573,0,0,0,0,0,0,0,0,0,0,0,0,0,0,0
1866.5,1866,1867,287.9011496,839.7897946,274.2412654,0,0,0.000259019,0,0,0,4.69E-06,0,0,0,0,0,0,2.50E-05,34.0501,0.000172542,0,0,0,0,0,0,0,0,0,0,0,0,0.025000429,457,5.299997818,6.91276128,4.8,0.004446573,0,0,0,0,0,0,0,0,0,0,0,0,0,0,0
1867.5,1867,1868,288.0661836,843.4275799,274.4133509,0,0,0.000261559,0,0,0,4.73E-06,0,0,0,0,0,0,2.52E-05,34.0502,0.000184133,0,0,0,0,0,0,0,0,0,0,0,0,0.025000429,457,5.299997818,6.91276128,4.8,0.004446573,0,0,0,0,0,0,0,0,0,0,0,0,0,0,0
1868.5,1868,1869,288.2072425,846.6864589,274.5984369,0,0,0.000264098,0,0,0,4.78E-06,0,0,0,0,0,0,2.54E-05,34.0502,0.000195856,0,0,0,0,0,0,0,0,0,0,0,0,0.025000429,457,5.299997818,6.91276128,4.8,0.004446573,0,0,0,0,0,0,0,0,0,0,0,0,0,0,0
1869.5,1869,1870,288.3182483,849.5722301,274.7754967,0,0,0.000266638,0,0,0,4.83E-06,0,0,0,0,0,0,2.57E-05,34.0502,0.000207718,0,0,0,0,0,0,0,0,0,0,0,0,0.025000429,457,5.299997818,6.91276128,4.8,0.004446573,0,0,0,0,0,0,0,0,0,0,0,0,0,0,0
1870.5,1870,1871,288.4392718,851.8820125,274.9416007,0,0,0.000269177,0,0,0,4.87E-06,0,0,0,0,0,0,2.59E-05,34.0502,0.000219725,0,0,0,0,0,0,0,0,0,0,0,0,0.025000429,457,5.299997818,6.91276128,4.8,0.004446573,0,0,0,0,0,0,0,0,0,0,0,0,0,0,0
1871.5,1871,1872,288.5692745,853.4449077,275.131661,0,0,0.000271716,0,0,0,4.92E-06,0,0,0,0,0,0,2.62E-05,34.0503,0.000231883,0,0,0,0,0,0,0,0,0,0,0,0,0.025000429,457,5.299997818,6.91276128,4.8,0.004446573,0,0,0,0,0,0,0,0,0,0,0,0,0,0,0
1872.5,1872,1873,288.7303382,854.6896876,275.3137258,0,0,0.000274256,0,0,0,4.96E-06,0,0,0,0,0,0,2.64E-05,34.0503,0.0002442,0,0,0,0,0,0,0,0,0,0,0,0,0.025000429,457,5.299997818,6.91276128,4.8,0.004446573,0,0,0,0,0,0,0,0,0,0,0,0,0,0,0
1873.5,1873,1874,288.9173928,855.6297801,275.4928303,0,0,0.000276795,0,0,0,5.01E-06,0,0,0,0,0,0,2.67E-05,34.0503,0.000256681,0,0,0,0,0,0,0,0,0,0,0,0,0.025000429,457,5.299997818,6.91276128,4.8,0.004446573,0,0,0,0,0,0,0,0,0,0,0,0,0,0,0
1874.5,1874,1875,289.1094868,857.2864863,275.6658923,0,0,0.000279335,0,0,0,5.06E-06,0,0,0,0,0,0,2.69E-05,34.0504,0.000269332,0,0,0,0,0,0,0,0,0,0,0,0,0.025000429,457,5.299997818,6.91276128,4.8,0.004446573,0,0,0,0,0,0,0,0,0,0,0,0,0,0,0
1875.5,1875,1876,289.3305648,858.9403238,275.8419756,0,0,0.000281874,0,0,0,5.10E-06,0,0,0,0,0,0,2.72E-05,34.0504,0.000282159,0,0,0,0,0,0,0,0,0,0,0,0,0.025000429,457,5.299997818,6.91276128,4.8,0.004446573,0,0,0,0,0,0,0,0,0,0,0,0,0,0,0
1876.5,1876,1877,289.5506656,860.3352503,275.9990464,0,0,0.000284413,0,0,0,5.15E-06,0,0,0,0,0,0,2.74E-05,34.0505,0.00029517,0,0,0,0,0,0,0,0,0,0,0,0,0.025000429,457,5.299997818,6.91276128,4.8,0.004446573,0,0,0,0,0,0,0,0,0,0,0,0,0,0,0
1877.5,1877,1878,289.7737899,861.8600595,276.1351211,0,0,0.000286953,0,0,0,5.19E-06,0,0,0,0,0,0,2.77E-05,34.0505,0.00030837,0,0,0,0,0,0,0,0,0,0,0,0,0.025000429,457,5.299997818,6.91276128,4.8,0.004446573,0,0,0,0,0,0,0,0,0,0,0,0,0,0,0
1878.5,1878,1879,290.0058935,863.6249811,276.2801985,0,0,0.000289492,0,0,0,5.24E-06,0,0,0,0,0,0,2.79E-05,34.0506,0.000321766,0,0,0,0,0,0,0,0,0,0,0,0,0.025000429,457,5.299997818,6.91276128,4.8,0.004446573,0,0,0,0,0,0,0,0,0,0,0,0,0,0,0
1879.5,1879,1880,290.2249864,865.7738137,276.4182874,0,0,0.000292032,0,0,0,5.29E-06,0,0,0,0,0,0,2.82E-05,34.0506,0.000335363,0,0,0,0,0,0,0,0,0,0,0,0,0.025000429,457,5.299997818,6.91276128,4.8,0.004446573,0,0,0,0,0,0,0,0,0,0,0,0,0,0,0
1880.5,1880,1881,290.4650919,868.1916283,276.5573529,0,0,0.000294571,0,0,0,5.33E-06,0,0,0,0,0,0,2.84E-05,34.0507,0.000349169,0,0,0,0,0,0,0,0,0,0,0,0,0.025000429,457,5.299997818,6.91276128,4.8,0.004446573,0,0,0,0,0,0,0,0,0,0,0,0,0,0,0
1881.5,1881,1882,290.723217,870.484504,276.6734386,0,0,0.00029711,0,0,0,5.38E-06,0,0,0,0,0,0,2.87E-05,34.0507,0.000363189,0,0,0,0,0,0,0,0,0,0,0,0,0.025000429,457,5.299997818,6.91276128,4.8,0.004446573,0,0,0,0,0,0,0,0,0,0,0,0,0,0,0
1882.5,1882,1883,290.9963687,872.755346,276.792515,0,0,0.00029965,0,0,0,5.42E-06,0,0,0,0,0,0,2.89E-05,34.0508,0.00037743,0,0,0,0,0,0,0,0,0,0,0,0,0.025000429,457,5.299997818,6.91276128,4.8,0.004446573,0,0,0,0,0,0,0,0,0,0,0,0,0,0,0
1883.5,1883,1884,291.2314654,875.113224,276.9045724,0,0,0.000302189,0,0,0,5.47E-06,0,0,0,0,0,0,2.92E-05,34.0509,0.000391897,0,0,0,0,0,0,0,0,0,0,0,0,0.025000429,457,5.299997818,6.91276128,4.8,0.004446573,0,0,0,0,0,0,0,0,0,0,0,0,0,0,0
1884.5,1884,1885,291.4715709,877.6631187,277.0156532,0,0,0.000304729,0,0,0,5.52E-06,0,0,0,0,0,0,2.94E-05,34.051,0.000406599,0,0,0,0,0,0,0,0,0,0,0,0,0.025000429,457,5.299997818,6.91276128,4.8,0.004446573,0,0,0,0,0,0,0,0,0,0,0,0,0,0,0
1885.5,1885,1886,291.7477156,880.5449226,277.1227363,0,0,0.000307268,0,0,0,5.56E-06,0,0,0,0,0,0,2.96E-05,34.051,0.00042154,0,0,0,0,0,0,0,0,0,0,0,0,0.025000429,457,5.299997818,6.91276128,4.8,0.004446573,0,0,0,0,0,0,0,0,0,0,0,0,0,0,0
1886.5,1886,1887,292.0418799,883.3638603,277.2198095,0,0,0.000309808,0,0,0,5.61E-06,0,0,0,0,0,0,2.99E-05,34.0511,0.000436727,0,0,0,0,0,0,0,0,0,0,0,0,0.025000429,457,5.299997818,6.91276128,4.8,0.004446573,0,0,0,0,0,0,0,0,0,0,0,0,0,0,0
1887.5,1887,1888,292.3470393,886.4625831,277.3369023,0,0,0.000312347,0,0,0,5.65E-06,0,0,0,0,0,0,3.01E-05,34.0512,0.000452166,0,0,0,0,0,0,0,0,0,0,0,0,0.025000429,457,5.299997818,6.91276128,4.8,0.004446573,0,0,0,0,0,0,0,0,0,0,0,0,0,0,0
1888.5,1888,1889,292.6872299,889.4605369,277.4289707,0,0,0.000314886,0,0,0,5.70E-06,0,0,0,0,0,0,3.04E-05,34.0513,0.000467863,0,0,0,0,0,0,0,0,0,0,0,0,0.025000429,457,5.299997818,6.91276128,4.8,0.004446573,0,0,0,0,0,0,0,0,0,0,0,0,0,0,0
1889.5,1889,1890,293.0284284,892.6953681,277.54704,0,0,0.000317426,0,0,0,5.75E-06,0,0,0,0,0,0,3.06E-05,34.0514,0.000483826,0,0,0,0,0,0,0,0,0,0,0,0,0.025000429,457,5.299997818,6.91276128,4.8,0.004446573,0,0,0,0,0,0,0,0,0,0,0,0,0,0,0
1890.5,1890,1891,293.3646181,895.9272086,277.6361177,0,0,0.000319965,0,0,0,5.79E-06,0,0,0,0,0,0,3.09E-05,34.0515,0.000500059,0,0,0,0,0,0,0,0,0,0,0,0,0.025000429,457,5.299997818,6.91276128,4.8,0.004446573,0,0,0,0,0,0,0,0,0,0,0,0,0,0,0
1891.5,1891,1892,293.7138185,899.2151404,277.7171997,0,0,0.000322505,0,0,0,5.84E-06,0,0,0,0,0,0,3.11E-05,34.0516,0.000516571,3.28E-08,0,0,0,0,0,0,0,0,0,0,0,0.025000429,457,5.299997818,6.91276128,4.8,0.004446573,0,0,0,0,0,0,0,0,0,0,0,0,0,0,0
1892.5,1892,1893,294.0559944,903.087911,277.8192779,0,0,0.000325044,0,0,0,5.88E-06,0,0,0,0,0,0,3.14E-05,34.0517,0.000533365,3.05E-07,0,0,0,0,0,0,0,0,0,0,0,0.025000429,457,5.299997818,6.91276128,4.8,0.004446573,0,0,0,0,0,0,0,0,0,0,0,0,0,0,0
1893.5,1893,1894,294.3571527,906.832691,277.9383543,0,0,0.000327583,0,0,0,5.93E-06,0,0,0,0,0,0,3.16E-05,34.0518,0.00055045,6.92E-07,0,0,0,0,0,0,0,0,0,0,0,0.025000429,457,5.299997818,6.91276128,4.8,0.004446573,0,0,0,0,0,0,0,0,0,0,0,0,0,0,0
1894.5,1894,1895,294.6623121,910.0415822,278.080441,0,0,0.000330123,0,0,0,5.98E-06,0,0,0,0,0,0,3.19E-05,34.0519,0.000567831,1.24E-06,0,0,0,0,0,0,0,0,0,0,0,0.025000429,457,5.299997818,6.91276128,4.8,0.004446573,0,0,0,0,0,0,0,0,0,0,0,0,0,0,0
1895.5,1895,1896,294.9414804,912.7942357,278.2295162,0,0,0.000332662,0,0,0,6.02E-06,0,0,0,0,0,0,3.21E-05,34.0521,0.000585515,1.96E-06,0,0,0,0,0,0,0,0,0,0,0,0.025000429,457,5.299997818,6.91276128,4.8,0.004446573,0,0,0,0,0,0,0,0,0,0,0,0,0,0,0
1896.5,1896,1897,295.2186025,914.3441915,278.3445949,0,0,0.000335202,0,0,0,6.07E-06,0,0,0,0,0,0,3.24E-05,34.0522,0.000603507,2.85E-06,0,0,0,0,0,0,0,0,0,0,0,0.025000429,457,5.299997818,6.91276128,4.8,0.004446573,0,0,0,0,0,0,0,0,0,0,0,0,0,0,0
1897.5,1897,1898,295.4907462,915.8522771,278.4636713,0,0,0.000337741,0,0,0,6.11E-06,0,0,0,0,0,0,3.26E-05,34.0523,0.000621815,3.91E-06,0,0,0,0,0,0,0,0,0,0,0,0.025000429,457,5.299997818,6.91276128,4.8,0.004446573,0,0,0,0,0,0,0,0,0,0,0,0,0,0,0
1898.5,1898,1899,295.7899194,918.6000477,278.5827477,0,0,0.00034028,0,0,0,6.16E-06,0,0,0,0,0,0,3.29E-05,34.0525,0.000640444,5.15E-06,0,0,0,0,0,0,0,0,0,0,0,0.025000429,457,5.299997818,6.91276128,4.8,0.004446573,0,0,0,0,0,0,0,0,0,0,0,0,0,0,0
1899.5,1899,1900,296.1270864,921.8688755,278.7348137,0,0,0.00034282,0,0,0,6.21E-06,0,0,0,0,0,0,3.31E-05,34.0526,0.000659401,6.58E-06,0,0,0,0,0,0,0,0,0,0,0,0.025000429,457,5.299997818,6.91276128,4.8,0.004446573,0,0,0,0,0,0,0,0,0,0,0,0,0,0,0
1900.5,1900,1901,296.4932985,925.1446613,278.8878867,0,0,0.000345359,0,0,0,6.25E-06,0,0,0,0,0,0,3.34E-05,34.0528,0.000678692,8.19E-06,0,0,0,0,0,0,0,0,0,0,0,0.025000377,457,5.299997818,6.91276128,4.8,0.00444657,0,0,0,0,0,0,0,0,0,0,0,0,0,0,0
1901.5,1901,1902,296.8164775,928.3977421,279.0539602,0,0,0.000347899,0,0,0,6.30E-06,0,0,0,0,0,0,3.36E-05,34.0529,0.000701148,1.00E-05,0,0,0,0,0,0,0,0,0,0,0,0.025000494,457,5.299997818,6.91276128,4.8,0.00444657,0,0,0,0,0,0,0,0,0,0,0,0,0,0,0
1902.5,1902,1903,297.1256683,932.3333789,279.3090535,0,0,0.000350438,0,0,0,6.34E-06,0,0,0,0,0,0,3.39E-05,34.0553,0.000884881,1.50E-05,0,0,0,0,0,0,0,0,0,0,0,0.025000344,457,5.299997818,6.91276128,4.799999999,0.00444657,0,0,0,0,0,0,0,0,0,0,0,0,0,0,0
1903.5,1903,1904,297.4458236,936.3905368,279.6111133,0,0,0.000352977,0,0,0,6.39E-06,0,0,0,0,0,0,3.41E-05,34.058,0.001116641,2.50E-05,0,0,0,0,0,0,0,0,0,0,0,0.025000539,457,5.299997818,6.91276128,4.800000001,0.00444657,0,0,0,0,0,0,0,0,0,0,0,0,0,0,0
1904.5,1904,1905,297.7369948,941.7261981,279.8941912,0,0,0.000355517,0,0,0,6.43E-06,0,0,0,0,0,0,3.43E-05,34.0608,0.001382946,3.50E-05,0,0,0,0,0,0,0,0,0,0,0,0.025000282,457,5.299997818,6.91276128,4.799999999,0.00444657,0,0,0,0,0,0,0,0,0,0,0,0,0,0,0
1905.5,1905,1906,298.0631668,947.0600894,280.1742784,0,0,0.000358056,0,0,0,6.48E-06,0,0,0,0,0,0,3.46E-05,34.0642,0.001716368,5.00E-05,0,0,0,0,0,0,0,0,0,0,0,0.025000625,457,5.299997818,6.91276128,4.8,0.00444657,0,0,0,0,0,0,0,0,0,0,0,0,0,0,0
1906.5,1906,1907,298.4273632,952.714049,280.4563492,0,0,0.000360596,0,0,0,6.53E-06,0,0,0,0,0,0,3.48E-05,34.0687,0.002196361,6.00E-05,0,0,0,0,0,0,0,0,0,0,0,0.025000161,457,5.299997818,6.91276128,4.799999988,0.00444657,0,0,0,0,0,0,0,0,0,0,0,0,0,0,0
1907.5,1907,1908,298.8546282,958.7826205,280.7594161,0,0,0.000363135,0,0,0,6.57E-06,0,0,0,0,0,0,3.51E-05,34.0747,0.002872606,8.50E-05,0,0,0,0,0,0,0,0,0,0,0,0.025000798,457,5.299997818,6.91276128,4.799999981,0.00444657,0,0,0,0,0,0,0,0,0,0,0,0,0,0,0
1908.5,1908,1909,299.2658894,963.7166704,281.101515,0,0,0.000365674,0,0,0,6.62E-06,0,0,0,0,0,0,3.53E-05,34.0824,0.003764991,0.00011,0,0,0,0,0,0,0,0,0,0,0,0.024999914,457,5.299997818,6.91276128,4.799999964,0.00444657,0,0,0,0,0,0,0,0,0,0,0,0,0,0,0
1909.5,1909,1910,299.6751347,969.0345705,281.4475812,0,0,0.000368214,0,0,0,6.66E-06,0,0,0,0,0,0,3.56E-05,34.0874,0.00433499,0.000125,0,0,0,0,0,0,0,0,0,0,0,0.025073378,457,5.299997818,6.91276128,4.799999961,0.00444657,0,0,0,0,0,0,0,0,0,0,0,0,0,0,0
1910.5,1910,1911,300.107378,974.4281542,281.8186718,0,0,0.000370753,0,0,0,6.71E-06,0,0,0,0,0,0,3.58E-05,34.0983,0.00560999,0.00016,0,0,0,0,0,0,0,0,0,0,0,0.025329282,457,5.299997818,6.91276128,4.799999937,0.00444657,0,0,0,0,0,0,0,0,0,0,0,0,0,0,0
1911.5,1911,1912,300.5506469,979.1112276,282.2327311,0,0,0.000373293,0,0,0,6.76E-06,0,0,0,0,0,0,3.61E-05,34.1146,0.007499989,0.00021,0,0,0,0,0,0,0,0,0,0,0,0.081247234,457,5.299997818,6.91276128,4.799999945,0.00444657,0,0,0,0,0,0,0,0,0,0,0,0,0,0,0
1912.5,1912,1913,301.0659941,983.2565812,282.5378122,0,0,0.000375832,0,0,0,6.80E-06,0,0,0,0,0,0,3.63E-05,34.1298,0.009259988,0.000265,0,0,0,0,0,0,0,0,0,0,0,0.100000089,457,5.299997818,6.91276128,4.799999903,0.00444657,0,0,0,0,0,0,0,0,0,0,0,0,0,0,0
1913.5,1913,1914,301.6143569,985.8979066,282.8878762,0,0,0.000378371,0,0,0,6.85E-06,0,0,0,0,0,0,3.66E-05,34.1498,0.011569988,0.00033,0,0,0,0,0,0,0,0,0,0,0,0.116667017,457,5.299997818,6.91276128,4.799999937,0.00444657,0,0,0,0,0,0,0,0,0,0,0,0,0,0,0
1914.5,1914,1915,302.114647,988.2713486,283.248957,0,0,0.000380911,0,0,0,6.89E-06,0,0,0,0,0,0,3.68E-05,34.1715,0.014084987,0.0004,0,0,0,0,0,0,0,0,0,0,0,0.193330538,457,5.299997818,6.91276128,4.799999853,0.00444657,0,0,0,0,0,0,0,0,0,0,0,0,0,0,0
1915.5,1915,1916,302.6239775,991.1263581,283.5870581,0,0,0.00038345,0,0,0,6.94E-06,0,0,0,0,0,0,3.71E-05,34.194,0.016684986,0.000475,0,0,0,0,0,0,0,0,0,0,0,0.316559707,457,5.299997817,6.91276128,4.799999953,0.00444657,0,0,0,0,0,0,0,0,0,0,0,0,0,0,0
1916.5,1916,1917,303.1633305,998.1240067,283.8591192,0,0,0.00038599,0,0,0,6.99E-06,0,0,0,0,0,0,3.73E-05,34.2198,0.019669986,0.00056,0,0,0,0,0,0,0,0,0,0,0,0.52065248,457,5.299997818,6.91276128,4.799999761,0.00444657,0,0,0,0,0,0,0,0,0,0,0,0,0,0,0
1917.5,1917,1918,303.6806629,1003.245557,284.1692051,0,0,0.000388529,0,0,0,7.03E-06,0,0,0,0,0,0,3.76E-05,34.2564,0.023924985,0.00068,0,0,0,0,0,0,0,0,0,0,0,0.756340641,457,5.299997817,6.91276128,4.800000039,0.00444657,0,0,0,0,0,0,0,0,0,0,0,0,0,0,0
1918.5,1918,1919,304.1099131,1009.810283,284.3662845,0,0,0.000391068,0,0,0,7.08E-06,0,0,0,0,0,0,3.78E-05,34.2975,0.028689984,0.000815,0,0,0,0,0,0,0,0,0,0,0,0.927673729,457,5.299997819,6.91276128,4.799999546,0.00444657,0,0,0,0,0,0,0,0,0,0,0,0,0,0,0
1919.5,1919,1920,304.4661381,1017.315073,284.4193514,0,0,0.000393608,0,0,0,7.12E-06,0,0,0,0,0,0,3.81E-05,34.3387,0.033434983,0.00095,0,0,0,0,0,0,0,0,0,0,0,1.08436435,457,5.299997816,6.91276128,4.800000323,0.00444657,0,0,0,0,0,0,0,0,0,0,0,0,0,0,0
1920.5,1920,1921,304.8894022,1024.759865,284.5044312,0,0,0.000396147,0,0,0,7.17E-06,0,0,0,0,0,0,3.83E-05,34.3758,0.037704983,0.00107,0,0,0,0,0,0,0,0,0,0,0,1.176037726,457,5.299997821,6.91276128,4.799999287,0.00444657,0,0,0,0,0,0,0,0,0,0,0,0,0,0,0
1921.5,1921,1922,305.2345711,1031.89472,284.621524,0,0,0.000398687,0,0,0,7.22E-06,0,0,0,0,0,0,3.85E-05,34.41469996,0.042184982,0.0012,0,0,0,0,0,0,0,0,0,0,0,1.241669521,457,5.299997812,6.91276128,4.803525526,0.00444657,0,0,0,0,0,0,0,0,0,0,0,0,0,0,0
1922.5,1922,1923,305.5707608,1038.799473,284.7595824,0,0,0.000401226,0,0,0,7.26E-06,0,0,0,0,0,0,3.88E-05,34.43009973,0.043894981,0.00125,0,0,0,0,0,0,0.001,0,0,0,0,1.388885518,457,5.299997827,6.91276128,4.813409467,0.00444657,0,0,0,0,0,0,0,0,0,0,0,0,0,0,0
1923.5,1923,1924,305.8879535,1044.834231,285.0636564,0,0,0.000403766,0,0,0,7.31E-06,0,0,0,0,0,0,3.90E-05,34.45719965,0.04700498,0.001335,0,0,0,0,0,0,0.001,0,0,0,0,1.624991601,457,5.2999978,6.91276128,4.828584377,0.00444657,0,0,0,0,0,0,0,0,0,0,0,0,0,0,0
1924.5,1924,1925,306.2381313,1049.159028,285.2087338,0,0,0.000406305,0,0,0,7.35E-06,0,0,0,0,0,0,3.93E-05,34.50569963,0.052589979,0.001495,0,0,0,0,0,0,0.002,0,0,0,0,1.845954342,457,5.299997849,6.91276128,4.847969049,0.00444657,0,0,0,0,0,0,0,0,0,0,0,0,0,0,0
1925.5,1925,1926,306.4122057,1051.87384,285.2628078,0,0,0.000408844,0,0,0,7.40E-06,0,0,0,0,0,0,3.95E-05,34.56059961,0.058854977,0.001675,0,0,0,0,0,0,0.003,0,0,0,0,2.116421506,457,5.299997758,6.912761281,4.87049985,0.00444657,0,0,0,0,0,0,0,0,0,0,0,0,0,0,0
1926.5,1926,1927,306.5442242,1053.318754,285.3098933,0,0,0.000411384,0,0,0,7.45E-06,0,0,0,0,0,0,3.98E-05,34.61619959,0.065164976,0.001855,0,0,0,0,0,0,0.005,0,0,0,0,2.460367273,457,5.299997931,6.912761279,4.895096524,0.00444657,0,0,0,0,0,0,0,0,0,0,0,0,0,0,0
1927.5,1927,1928,306.7583082,1055.494015,285.3649743,0,0,0.000413923,0,0,0,7.49E-06,0,0,0,0,0,0,4.00E-05,34.67679956,0.072019975,0.00205,0,0,0,0,0,0,0.006,0,0,0,0,2.694285727,457,5.299997598,6.912761282,4.920687476,0.00444657,0,0,0,0,0,0,0,0,0,0,0,0,0,0,0
1928.5,1928,1929,306.9013523,1060.368739,285.4650383,0,0,0.000416463,0,0,0,7.54E-06,0,0,0,0,0,0,4.03E-05,34.74499954,0.079704974,0.00227,0,0,0,0,0,0,0.008,0,0,0,0,3.02649054,457,5.29999825,6.912761276,4.94619993,0.00444657,0,0,0,0,0,0,0,0,0,0,0,0,0,0,0
1929.5,1929,1930,307.0584149,1066.393609,285.5301292,0,0.000838775,0.000419002,0,0,0,7.58E-06,0,0,0,0,0,0,4.05E-05,34.82519952,0.088704972,0.00253,0,0,0,0,0,0,0.009,0,0,0,0,3.517713635,457,5.299996972,6.912761288,4.970571346,0.00444657,0,0,0,0,0,0,0,0,0,0,0,0,0,0,0
1930.5,1930,1931,307.1744296,1072.378196,285.5842032,0,0.005108676,0.000421541,0,0,0,7.63E-06,0,0,0,0,0,0,4.08E-05,34.90929949,0.098079971,0.002805,0,0,0,0.001314997,0,0,0.011,0,0,0,0,4.063463936,457,5.299999025,6.912761265,4.992711185,0.00444657,0,0,0,0,0,0,0,0,0,0,0,0,0,0,0
1931.5,1931,1932,307.3675009,1077.233145,285.7772847,0,0.001377563,0.000424081,0,0,0,7.68E-06,0,0,0,0,0,0,4.10E-05,34.98659947,0.106624969,0.00305,0,0,0,0.021151568,0,0,0.013,0,0,0,0,4.7029781,457,5.306650862,6.912761311,5.014263084,0.00444657,0,0,0,0,0,0,0,0,0,0,0,0,0,0,0
1932.5,1932,1933,307.629627,1081.707966,285.8823536,0,0.000661664,0.00042662,0,0,0,7.72E-06,0,0,0,0,0,0,4.13E-05,35.04279944,0.112749968,0.00323,0,0,0,0.074997452,0,0,0.015,0,0,0,0,5.29421339,456.9999999,5.338305336,6.912761217,5.036628813,0.00444657,0,0,0,0,0,0,0,0,0,0,0,0,0,0,0
1933.5,1933,1934,307.9297775,1086.292895,286.0384173,0,0.000719201,0.00042916,0,0,0,7.77E-06,0,0,0,0,0,0,4.15E-05,35.07669941,0.116369966,0.00334,0,0,0,0.124997953,0,0,0.017,0,0,0,0,5.937420767,457.0000001,5.37997853,6.912761412,5.060059339,0.004446569,0,0,0,0,0,0,0,0,0,0,0,0,0,0,0
1934.5,1934,1935,308.3039916,1091.527726,286.1415026,0,0.000781741,0.000431699,0,0,0,7.81E-06,0,0,0,0,0,0,4.18E-05,35.11159938,0.120129964,0.00345,0,0,0,0.174997895,0,0,0.02,0.000761762,0,0,0,6.67979854,456.9999997,5.419978718,6.912760998,5.08417752,0.004446572,0,0,0,0,0,0,0,0,0,0,0,0,0,0,0
1935.5,1935,1936,308.7372733,1096.842392,286.2685746,0,0.000849719,0.000434238,0,0,0,7.86E-06,0,0,0,0,0,0,4.20E-05,35.15789934,0.125109962,0.0036,0,0,0,0.224997905,0,0,0.022,0.019080033,0,0,0,7.595823196,457.0000006,5.459979389,6.912761891,5.109822653,0.004446566,0,0,0,0,0,0,0,0,0,0,0,0,0,0,0
1936.5,1936,1937,309.513813,1101.597486,286.4356552,0,0.000923609,0.000436778,0,0,0,7.91E-06,0,0,0,0,0,0,4.23E-05,35.23359931,0.13321496,0.003845,0,0,0,0.274997908,0,0,0.024,0.079322331,0,0,0,8.761372126,456.9999987,5.499979962,6.912759935,5.136405111,0.004446579,0,0,0,0,0,0,0,0,0,0,0,0,0,0,0
1937.5,1937,1938,310.2573066,1106.091961,286.6467421,0,0.001003923,0.000439317,0,0,0,7.95E-06,0,0,0,0,0,0,4.25E-05,35.33639927,0.144079958,0.004175,0,0,0,0.32499791,0,0,0.026,0.140004524,0,0,0,10.0249596,457.0000029,5.53998056,6.912764285,5.164170586,0.004446548,0,0,0,0,0,0,0,0,0,0,0,0,0,0,0
1938.5,1938,1939,310.77864,1110.407603,286.8938093,0,0.001091222,0.000441857,0,0,0,8.00E-06,0,0,0,0,0,0,4.27E-05,35.46979924,0.158039956,0.004605,0,0,0,0.374997915,0,0,0.028,0.200004306,0,0,0,11.26616316,456.9999934,5.579981152,6.912754462,5.193351853,0.00444662,0,0,0,0,0,0,0,0,0,0,0,0,0,0,0
1939.5,1939,1940,311.3270028,1116.691384,287.0969006,0,0.001186112,0.000444396,0,0,0,8.04E-06,0,0,0,0,0,0,4.30E-05,35.6214992,0.173689954,0.005095,0,0,0,0.424997916,0.000443772,0,0.03,0.260004537,0,0,0,12.57576191,457.0000152,5.619981745,6.912776968,5.22413261,0.004446448,0,0,0,0,0,0,0,0,0,0,0,0,0,0,0
1940.5,1940,1941,311.8242999,1119.906806,287.3359721,0,0.001289256,0.000446935,0,0,0,8.09E-06,0,0,0,0,0,0,4.32E-05,35.80499915,0.192399951,0.00569,0,0,0,0.474997921,0.009225912,0,0.032,0.320004246,0,0,0,14.09085474,456.9999642,5.659982338,6.91272609,5.256569745,0.004446994,0,0,0,0,0,0,0,0,0,0,0,0,0,0,0
1941.5,1941,1942,312.2695845,1123.031896,287.5880442,0,0.001401384,0.000449475,0,0,0,8.14E-06,0,0,0,0,0,0,4.35E-05,35.99129911,0.211069949,0.00629,0,0,0,0.524997922,0.048158331,0,0.033,0.380004601,0,0,0,15.87214917,457.0000864,5.699982931,6.923158517,5.290311208,0.012151916,0,0,0,0,0,0,0,0,0,0,0,0,0,0,0
1942.5,1942,1943,312.621778,1127.986454,287.8691384,0,0.001523267,0.000452014,0,0,0,8.18E-06,0,0,0,0,0,0,4.37E-05,36.23889906,0.235624951,0.0071,0,0,0,0.574997928,0.112600847,0,0.035,0.440004135,0,0,0,18.12043035,456.9997406,5.739983524,6.954429555,5.325883423,0.01866485,0,0,0,0,0,0,0,0,0,0,0,0,0,0,0
1943.5,1943,1944,312.8308837,1132.461276,288.5191902,0,0.001655751,0.000454554,0,0,0,8.23E-06,0,0,0,0,0,0,4.40E-05,36.56109901,0.267039953,0.00816,0,0,0,0.624997927,0.202455463,0,0.036,0.500004738,0,0,0,20.7941189,457.9320007,5.779984118,7.005844808,5.363471562,0.023900682,0,0,0,0,0,0,0,0,0,0,0,0,0,0,0
1944.5,1944,1945,312.8447975,1136.07599,288.7452918,0,0.001799757,0.000457093,0,0,0,8.27E-06,0,0,0,0,0,0,4.42E-05,36.99279896,0.308314955,0.009595,0,0.019433657,0,0.674997936,0.317647079,0,0.037,0.560003915,0,0,0,23.86478322,460.7425038,5.819984709,7.076577331,5.403075881,0.027877628,0,0,0,0,0,0,0,0,0,0,0,0,0,0,0
1945.5,1945,1946,312.8077067,1139.131133,288.9793585,0,0.001956287,0.000459632,0,0,0,8.32E-06,0,0,0,0,0,0,4.45E-05,37.29769891,0.336379956,0.010605,0,0.421500216,0.004844145,0.724997931,0.458055694,0,0.038,0.620005041,0,0,0,25.9042485,463.2436967,5.859985307,7.165842312,5.444616045,0.031010342,0,0,0,0,0,0,0,0,0,0,0,0,0,0,0
1946.5,1946,1947,312.8036314,1143.476194,289.1864171,0,0.002126432,0.000462172,0,0,0,8.37E-06,0,0,0,0,0,0,4.47E-05,37.39169885,0.344264958,0.010915,0,1.635710668,0.083372289,0.774997946,0.62355431,0,0.039,0.680003438,0,0,0,27.50475671,465.7432892,5.899985886,7.272848933,5.488611147,0.032291698,0,0,0,0,0,0,0,0,0,0,0,0,0,0,0
1947.5,1947,1948,312.8906009,1149.460781,289.2775089,0,0.002311375,0.000464711,0,0,0,8.41E-06,0,0,0,0,0,0,4.50E-05,37.50009879,0.353654959,0.011285,0,2.835014025,0.300011043,0.824997931,0.814011926,0,0.039,0.740005749,0,0,0,29.07856107,468.2434297,5.939986517,7.396803249,5.535006802,0.032812487,0,0,0,0,0,0,0,0,0,0,0,0,0,0,0
1948.5,1948,1949,312.9165481,1155.4555,289.3295993,0,0.002512403,0.000467251,0,0,0,8.46E-06,0,0,0,0,0,0,4.52E-05,37.67049873,0.368314959,0.01187,0,4.025014262,0.500013009,0.874997961,1.031654541,0,0.039,0.800002308,0,0,0,31.0411432,470.7433789,5.979987009,7.53691753,5.583762173,0.032833278,0,0,0,0,0,0,0,0,0,0,0,0,0,0,0
1949.5,1949,1950,313.0185442,1160.180199,289.3786684,0,0.002730915,0.00046979,0,0,0,8.50E-06,0,0,0,0,0,0.000274774,4.55E-05,37.85519866,0.38362496,0.012515,0,5.215013001,0.700011972,0.924997922,1.251817253,0,0.039,0.860007608,0,0,0,33.1923367,473.2434019,6.019987886,7.692389308,5.635348518,0.032095154,0,0,0,0,0,0,0,0,0,0,0,0,0,0,0
1950.5,1950,1951,313.1986353,1163.655631,289.5267365,0,0.003054188,0.000472329,0,0,0,8.55E-06,0,0,0,0,0,0.001923504,4.57E-05,38.02389859,0.39696996,0.013105,0,6.38225718,0.893881845,0.974997986,1.482466436,0,0.039,0.927500591,0,0,0,35.49983259,475.7314635,6.059987796,7.862438425,5.689751508,0.030305767,0,0,0,0,0,0,0,0,0,0,0,0,0,0,0
1951.5,1951,1952,313.3826968,1168.649984,289.6548156,0,0.006885135,0.000474869,0,0,0,8.60E-06,0,0,0,0,0,0.00546686,4.60E-05,38.20429851,0.41064496,0.013745,0,7.775353189,1.146855532,1.02442798,1.734915871,0,0.039,0.934997703,0,0,0,37.58082577,478.3116426,6.099990539,8.04626279,5.746818101,0.028203127,0,0,0,0,0,0,0,0,0,0,0,0,0,0,0
1952.5,1952,1953,313.7018748,1174.155689,289.8269011,0,0.020875124,0.000477408,0,0,0,8.64E-06,0,0,0,0,0,0.014999348,4.62E-05,38.40699844,0.42523996,0.014465,0,9.444400434,1.554026657,1.079317696,1.984303843,0,0.039,0.92000026,0,0,0,38.70689525,481.1606416,6.139426121,8.24306693,5.807778062,0.026776751,0,0,0,0,0,0,0,0,0,0,0,0,0,0,0
1953.5,1953,1954,314.0810977,1183.210223,290.1429685,0,0.04651179,0.000479948,0,0,0,8.69E-06,0,0,0,0,0,0.024999434,4.65E-05,38.61429835,0.439209959,0.01521,0,11.21332526,2.12943667,1.138927608,2.239912168,0,0.039,0.926251683,0,0,0.001163425,40.05176042,484.1764457,6.184987498,8.459376398,5.872754663,0.024952414,0,0,0,0,0,0,0,0,0,0,0,0,0,0,0
1954.5,1954,1955,314.4372922,1194.285142,290.3640347,0,0.082130702,0.000482487,0,0,0,8.73E-06,0,0,0,0,0,0.034999388,4.67E-05,38.84129827,0.453484958,0.01602,0,13.20392792,2.86359643,1.207977056,2.494911856,0,0.039,0.963755778,0,0,0.017432911,41.54246721,488.5088518,6.229988309,8.70284383,5.941914439,0.023499979,0,0,0,0,0,0,0,0,0,0,0,0,0,0,0
1955.5,1955,1956,314.7484682,1206.510207,290.6671321,0,0.127459914,0.000485026,0,0,0,8.78E-06,0,0,0,0,0,0.044999436,4.69E-05,39.07069818,0.466714957,0.01683,0,15.43963218,3.767790832,1.293746353,2.74991219,0,0.039,1.053860108,0,0,0.108080192,43.17295877,493.2549823,6.274988799,8.963726223,6.015554063,0.021999981,0,0,0,0,0,0,0,0,0,0,0,0,0,0,0
1956.5,1956,1957,315.0225972,1220.965009,291.0171961,0,0.182289027,0.000487566,0,0,0,8.83E-06,0,0,0,0,0,0.054999379,4.72E-05,39.30019808,0.478794956,0.017625,0,18.00713838,4.900767459,1.388206119,3.006162921,0,0.039,1.186010383,0,0,0.289042432,44.93925634,496.9596978,6.319989706,9.237827859,6.093146854,0.020458319,0,0,0,0,0,0,0,0,0,0,0,0,0,0,0
1957.5,1957,1958,315.3077517,1235.669201,291.3492852,0,0.246412139,0.000490105,0,0,0,8.87E-06,0,0,0,0,0,0.06499945,4.74E-05,39.52009798,0.489309954,0.01836,0,20.97754012,6.23939735,1.497475396,3.249913385,0,0.039,1.346465378,0,0,0.563670092,46.82995224,500.6978186,6.364989762,9.522201381,6.174787102,0.019499981,0,0,0,0,0,0,0,0,0,0,0,0,0,0,0
1958.5,1958,1959,315.6519433,1247.294291,291.6163414,0,0.319618251,0.000492645,0,0,0,8.92E-06,0,0,0,0,0,0.074999357,4.77E-05,39.71509787,0.497734952,0.01897,0,24.18434009,7.567232603,1.627484466,3.496994845,0,0.039,1.584594542,0,0,0.880146157,48.8399493,504.5039342,6.409992388,9.817557971,6.260036695,0.018499996,0,0,0,0,0,0,0,0,0,0,0,0,0,0,0
1959.5,1959,1960,316.1052298,1257.1988,291.8384452,0,0.401699364,0.000495184,0,0,0,8.96E-06,0,0,0,0,0,0.084999482,4.79E-05,39.90489776,0.50523995,0.01953,0,27.60905121,8.797124084,1.777483687,3.726592113,0,0.041,1.906034764,0,0,1.23860976,50.9711455,508.3637169,6.454298415,10.13043323,6.348478779,0.01749999,0,0,0,0,0,0,0,0,0,0,0,0,0,0,0
1960.5,1960,1961,316.9147851,1264.003455,292.1415121,0,0.492447476,0.000497724,0,0,0,9.01E-06,0,0,0,0,0,0.094999392,5.65E-05,40.11859765,0.513094947,0.020105,1.13E-05,31.60535995,10.23712132,1.946942896,3.938670528,0,0.045,2.249406633,0,0,1.701523037,53.21124303,512.232841,6.504989128,10.45914598,6.43975375,0.016499992,1.21E-06,6.98E-06,0,0,0,0,0,0,0,0,0,0,0,0,0
1961.5,1961,1962,317.5802141,1269.349981,292.4675892,0,0.591652588,0.000500263,0,0,0,9.05E-06,0,0,0,0,0,0.109999035,0.000395681,40.34249752,0.520729945,0.02064,0.00173701,36.23666474,12.16785401,2.141221818,4.163667125,0,0.053,2.637653884,0,0,2.179267275,55.56353954,516.0400788,6.554991816,10.79952545,6.533173975,0.015499992,9.69E-06,5.58E-05,0,0,0,0,0,0,0,0,0,0,0,0,0
1962.5,1962,1963,318.3167443,1282.464573,292.8176532,0,0.6991077,0.000502802,0,0,0,9.10E-06,0,0,0,0,0,0.129998789,0.000919101,40.56609716,0.527874942,0.021115,0.00677707,41.47677825,14.63989329,2.365680499,4.398663654,0,0.066,3.129154267,0,0,2.772260261,58.00743682,519.726474,6.604418453,11.15687459,6.628618193,0.01449999,1.94E-05,0.000111655,0,0,0,0,0,0,0,0,0,0,0,0,0
1963.5,1963,1964,318.9141264,1300.688662,293.2067492,0,0.814602813,0.000505342,0,0,0,9.15E-06,0,0,0,0,0,0.154998346,0.001543204,40.80479573,0.535164939,0.02157,0.0148637,47.60459269,17.71703305,2.625518996,4.635970328,0.000143319,0.085,3.753723801,0,0,3.511745083,60.50743685,523.243996,6.659987603,11.52505722,6.725567556,0.013499995,2.91E-05,0.000209542,0,0,0,0,0,0,0,0,0,0,0,0,0
1964.5,1964,1965,319.5885653,1317.273468,293.5718278,0,0.937929925,0.000507881,0,0,0,9.19E-06,0,0,0,0,0,0.179998678,0.00230076,41.05469583,0.542524935,0.02199,0.0257405,54.79980479,21.42167147,2.919597673,4.877437029,0.003477729,0.113,4.502781692,0,0,4.254168105,63.07753315,526.5386448,6.715564295,11.90180882,6.824531143,0.012499973,3.87E-05,0.000321819,0,0,0,0,0,0,0,0,0,0,0,0,0
1965.5,1965,1966,320.0628645,1330.968139,293.9388901,0,1.068882037,0.000510421,0,0,0,9.24E-06,0,0,0,0,0,0.199998773,0.003262468,41.34249588,0.550849931,0.022435,0.0391509,63.02901486,25.70980002,3.257975677,5.13517362,0.019166272,0.15,5.391107508,0,0,5.182889401,65.62683475,529.5773614,6.764422173,12.28543228,6.925758941,0.011375026,5.61E-05,0.000459676,0,1.25E-05,0,0,2.06E-05,2.08E-05,0,0,0,0,0,0,0
1966.5,1966,1967,321.1186469,1342.153165,294.3539565,0,1.20724215,0.00051296,0,0,0,9.28E-06,0,0,0,0,0,0.21999896,0.004444035,41.65249588,0.559774927,0.02289,0.0548384,72.24792998,30.50373394,3.653163197,5.413369552,0.039499384,0.195,6.472539754,0,0,6.633789983,68.07124025,532.3371009,6.819308157,12.67705464,7.028955336,0.010999986,0.000119217,0.001805521,0,0.000149648,0,0,0.000179161,0.000190599,0,0,0,0,0,0,0
1967.5,1967,1968,321.7100123,1354.189144,294.7680464,0,1.352812262,0.000515499,0,0,0,9.33E-06,0,0,0,0,0,0.239998735,0.00594885,42.00469588,0.570144923,0.0234,0.0725467,82.61014628,35.86647805,4.101901112,5.707025375,0.063713494,0.248,7.774255813,0,0,8.81561646,70.42624311,534.8238174,6.879989934,13.07116632,7.134127465,0.011131962,0.000223556,0.005476358,0,0.000414318,0,0,0.00038574,0.000428484,0,0,0,0,0,0,0
1968.5,1968,1969,322.6106429,1371.572901,295.1841199,0,1.505382374,0.000518039,0,0,0,9.38E-06,0,0,0,0,0,0.269998018,0.007807039,42.41149588,0.582704919,0.02399,0.0920193,94.25966325,41.93913243,4.615648276,6.014501197,0.098729181,0.307,9.383843428,0,0,11.54927615,72.69054731,537.0335588,6.939991094,13.46686688,7.241467099,0.014528773,0.000360778,0.010674211,2.89E-06,0.000813764,0,0,0.000619097,0.000720487,0,0,0,0,0,0,0
1969.5,1969,1970,323.4642393,1389.269036,295.6031841,0,1.664742487,0.000520578,1.22E-06,9.68E-06,0,9.42E-06,0,0,0,0,3.30E-05,0.29999837,0.010129108,42.86239594,0.597669914,0.02467,0.113,107.2891798,48.92260712,5.203845167,6.33414702,0.143262747,0.37,11.19163774,0,0,14.64974034,74.86995058,538.9712391,6.999991582,13.86197915,7.351485772,0.02660746,0.000513466,0.016677814,2.31E-05,0.001363926,0,0,0.000887361,0.001058281,0,0,0,0,0,0,0
1970.5,1970,1971,324.9883785,1411.032553,296.0272837,0,1.830672599,0.000523118,8.56E-06,6.79E-05,0,9.47E-06,2.86E-08,0,0,0,0.000236974,0.324998574,0.012998711,43.40139625,0.617444908,0.02553,0.135231,121.6491897,56.95325518,5.88241123,6.664311913,0.203540499,0.436,13.09374699,0,0.001065175,17.68018514,76.96995385,540.66486,7.059993495,14.25530305,7.463809704,0.04295516,0.000788676,0.022781516,4.90E-05,0.002074985,0,0,0.001186963,0.001435363,0,0,0,0,0,0,0
1971.5,1971,1972,325.5967862,1431.057912,296.4583414,0,2.002982711,0.000525657,1.01E-05,7.89E-05,0,0.0006875,5.14E-05,0,8.59E-05,0,0.000295589,0.354998112,0.016469326,44.0078961,0.6424449,0.026565,0.158458,137.1382049,65.84650854,6.660777093,7.004381234,0.274415233,0.503,15.12005536,0,0.021073127,20.81547785,78.98995712,542.1264454,7.119412277,14.64593638,7.579107158,0.061202233,0.003391636,0.029181621,0.000303751,0.00292898,0,0,0.00151426,0.001846186,0,0,0,0,0,0,0
1972.5,1972,1973,327.5382469,1449.23183,296.8984322,0,2.181452823,0.000528196,1.04E-05,8.04E-05,0,0.0025,0.000187031,0,0.0003125,0,0.000235578,0.389997878,0.0205848,44.68869589,0.67407489,0.027815,0.182423,153.856226,75.67088768,7.553642207,7.356679625,0.348219917,0.573,17.35239005,0,0.069999842,24.91669802,80.9293605,543.3849343,7.184317335,15.03268314,7.698347431,0.081566239,0.010107177,0.036613825,0.00114133,0.00390667,0,0,0.001867542,0.002300143,0,0,0,0,0,0,0
1973.5,1973,1974,330.0911828,1462.80736,297.3495094,0,2.365882936,0.000530736,1.07E-05,8.18E-05,0,0.0050625,0.000378738,0,0.000632813,0,0.000169163,0.424998011,0.025345894,45.45469555,0.713879879,0.02935,0.20687,172.25726,86.87261649,8.576456757,7.723948017,0.438013555,0.645,19.92769459,0,0.114999842,30.32583647,82.79306371,544.4634017,7.255663538,15.41453877,7.820893743,0.107531536,0.020921595,0.04518213,0.002472,0.0049981,0,0,0.002245108,0.002788735,0,0,0,0,0,0,0
1974.5,1974,1975,330.9297527,1476.092362,297.81258,0,2.556043048,0.000533275,1.10E-05,8.33E-05,0,0.008,0.0005985,0,0.001,0,9.78E-05,0.459997921,0.030775486,46.34259529,0.764989869,0.03132,0.231542,192.5642491,99.53890268,9.748060452,8.108936408,0.543196139,0.72,22.52558277,0,0.161269842,36.76850455,84.59316609,545.3698231,7.319503661,15.79050592,7.947181821,0.146534775,0.034983893,0.054990735,0.004224,0.00619347,0,0,0.002645259,0.003296887,0,0,0,0,0,0,0
1975.5,1975,1976,330.9917391,1491.69731,298.2906652,0,2.75175316,0.000535815,1.14E-05,8.64E-05,2.82E-06,0.0109375,0.000818262,0,0.00136719,0,8.32E-05,0.499997611,0.036913378,47.35769548,0.828489873,0.033995,0.256183,213.2352218,112.331764,11.09574286,8.514406523,0.661696679,0.798,25.1791244,0,0.194999843,42.72001613,86.32876873,546.1371378,7.389227279,16.1594846,8.078148598,0.203307822,0.051680791,0.066143439,0.00633333,0.00748299,0,0,0.003066367,0.003817782,0,0,0,0,0,0,0
1976.5,1976,1977,331.7012093,1509.072156,298.7857487,0,2.952783273,0.000538354,1.17E-05,0.007432716,2.25E-05,0.0135,0.00100997,0,0.0016875,0,0.00036369,0.544380327,0.043801869,48.27609537,0.887209869,0.036665,0.280537,232.9972202,124.7307475,12.63643535,8.955106976,0.81180818,0.876,28.19611552,0,0.229999843,49.04176908,87.99307184,546.791424,7.465574264,16.52037435,8.213740022,0.277511982,0.087156987,0.080355144,0.008736,0.00885687,0,0,0.003521662,0.004344617,0,0,0,0,0,0,0
1977.5,1977,1978,333.5015369,1527.646953,299.2978,0,3.158943385,0.000540893,1.20E-05,0.026895796,4.51E-05,0.0153125,0.00114557,0,0.00191406,0,0.00499715,0.594551172,0.051483361,49.29249505,0.949079861,0.039815,0.304347,251.9942055,136.7956981,14.47871704,9.431879153,0.983641675,0.955,31.40779854,0,0.264999843,57.53721462,89.5924745,547.3396889,7.534413864,16.87217461,8.354130636,0.369696973,0.150426983,0.098297148,0.011368,0.0103053,0,0,0.004007299,0.004870567,0,0,0,0,0,0,0
1978.5,1978,1979,335.1507748,1546.861765,299.8308779,0,3.370003503,0.000543433,1.24E-05,0.054136695,6.76E-05,0.016,0.001197,0,0.002,0,0,0.659995732,0.059999853,50.43949489,1.021159854,0.043615,0.327356,270.0011859,148.0045805,15.96304758,9.926631329,1.17364517,1.035,35.7235771,0,0.298729835,68.57340068,91.13187645,547.7978985,7.609319153,17.21378637,8.499481203,0.47630767,0.230200978,0.118508053,0.0141653,0.0118185,0,0,0.004511716,0.005388823,0.1015,0,0.02375,0.34666666,0,0,0
1979.5,1979,1980,336.85,1566.136635,300.385959,0,3.583,0.000545972,0.05,0.084902694,9.01E-05,0.016,0.001197,0,0.001,0,0.004,0.769992632,0.202499927,51.55739484,1.094819846,0.047935,0.353214,286.4941585,157.638472,17.68312701,10.42123351,1.378264665,1.117,40.48909939,0,0.342519765,78.18179325,92.61308152,548.1820799,7.6899915,17.54420888,8.650031134,0.58937681,0.315191974,0.139529057,0.017064,0.0133867,0,0,0.005032879,0.005892573,0.109,0,0.02525,0.38299999,0,0,0
1980.5,1980,1981,338.91,1584.921393,301.062,0.15,3.919,0.026569216,0.109695,0.096,0.000112664,0.011,0.001197,0,5.11E-05,0,0.003,0.858,0.345,53.464,1.215,0.053255,0.380096,303.96,166.7915,20.16738843,10.13483333,1.75,1.202,44.5514893,0,0.411785645,85.92584,93.83699295,548.5012385,7.769993808,17.86224342,8.805940852,0.709716624,0.3775,0.146,0.02,0.015,0.008,0,0.005595469,0.006382813,0.1175,0,0.027,0.435,0.01395,0,0
1981.5,1981,1982,340.11,1602.636083,301.9035,0.297,4.263,0.036647194,0.13206,0.209,0.000135197,0.003,0.001197,0,0.000127619,0,0.003,0.975,0.382,54.612,1.296,0.059785,0.407822,320.77,175.0235,23.25697322,10.59754167,2.01,1.294,47.8873382,0.19441322,0.75285392,91.5327,95.40340254,548.7653707,7.849401621,18.1670859,8.967849039,0.8755,0.45075,0.166,0.024,0.0175,0.008,0,0.006560156,0.006901409,0.1275,0,0.029,0.47816667,0.01581,0,0
1982.5,1982,1983,340.86,1618.720889,303.075,0.339,4.602,0.065964949,0.07668,0.192,0.00015773,0.002,0.001197,0,0.000269655,3.74E-06,0.004,1.102,0.405,55.605,1.367,0.0664,0.437303,337.32,183.227,27.428,11.04066667,2.29,1.393,50.80920936,0.19741961,0.78180984,95.8972,96.54742098,548.9834749,7.934991458,18.45744384,9.135039932,1.0105,0.5415,0.187,0.028,0.0205,0.008,0,0.0077625,0.007240499,0.1395,0,0.031,0.52133334,0.02418,0,0
1983.5,1983,1984,342.53,1632.615266,303.6525,0.422,4.989,0.028401575,0.14271,0.191,0.000180262,0.011,0.001197,0,0.003,3.17E-05,0.006,1.217,0.426,56.621,1.44,0.071,0.469505,354.42,192.2615,30.069,11.586,2.6,1.505,53.92299159,0.18840044,0.79678704,99.82525,97.85530683,549.1685519,8.019996365,18.73240864,9.30711047,1.1655,0.6475,0.2025,0.0325,0.0235,0.008,0,0.008971387,0.007240499,0.1535,0,0.03325,0.55599999,0.02976,0,0
1984.5,1984,1985,344.07,1644.65,304.3415,0.305,5.413,0.029317755,0.116085,0.207,0.000202795,0.017,0.001197,0,0.005,7.40E-05,0.008,1.341,0.465,57.688,1.527,0.076,0.504943,370.36,200.5335,34.274,12.17625,2.93,1.624,57.64767398,0.16935997,0.84271712,104.464815,99.17642421,549.3226302,8.103740166,18.99078842,9.483822055,1.322,0.77625,0.224,0.0375,0.027,0.008,0,0.010525439,0.0077454,0.1705,0,0.03625,0.60600001,0.02976,0,0
1985.5,1985,1986,345.54,1657.26,304.8985,0.407,5.842,0.055886971,0.150165,0.239,0.002249685,0.017,0.001197,0,0.004,0.00011811,0.009,1.485,0.526,58.718,1.617,0.082,0.543629,387.3,210.593,39.285,12.67108333,3.29,1.757,62.68358122,0.20343239,0.87267152,108.498425,100.4049209,549.4526883,8.199989374,19.23167473,9.664215622,1.4775,0.92725,0.2455,0.043,0.0305,0.008,0,0.012607859,0.008102531,0.193,0,0.04,0.65600002,0.02976,0,0
1986.5,1986,1987,346.97,1670.07,305.809,0.422,6.284,0.034814834,0.14484,0.287,0.019787868,0.018,0.001197,0,0.001,0.00026037,0.009,1.646,0.587,59.71,1.707,0.089,0.642,406.23,220.8765,44.473,13.33116667,3.68,1.908,68.79459236,0.25854954,0.97950888,111.73526,101.9774373,549.5567533,8.294995167,19.45397577,9.847889606,1.65,1.11075,0.268,0.0485,0.0345,0.016,0,0.0153,0.009501247,0.2215,0,0.04425,0.69700003,0.03534,0,0
1987.5,1987,1988,348.68,1680.1285,306.011,0.359,6.72,0.020155957,0.14271,0.307,0.046362445,0.022,0.001197,0,0.003,0.00069046,0.008,1.81,0.626,60.716,1.796,0.096,0.674,426.44,232.0905,50.738,14.04641667,4.1,2.059,73.23467099,0.23950907,0.98150584,115.570945,103.1784531,549.646775,8.389330954,19.65658494,10.03627725,1.838,1.30925,0.287,0.054,0.038,0.016,0,0.01845,0.011,0.254,0,0.049,0.741,0.0372,0,0
1988.5,1988,1989,351.16,1692.913,306.7245,0.378,7.212,0.034814834,0.158685,0.365,0.081105674,0.02,0.001197,0,0.003000001,0.001493088,0.008,1.975,0.657,61.742,1.888,0.104,0.704,449.06,242.834,57.725,14.6445,4.55,2.196,77.70790703,0.21946647,0.99947848,120.832705,104.2990619,549.7208285,8.489993168,19.83841464,10.2391292,2.0275,1.50275,0.3125,0.06,0.0425,0.024,0,0.02205,0.0135,0.2895,0,0.0545,0.79900002,0.04092,0,0
1989.5,1989,1990,352.79,1706.6845,307.7825,0.419,7.765,0.054054611,0.158685,0.423,0.123860199,0.014,0.001197,0,0.003000001,0.002615397,0.008,2.153,0.673,62.787,1.981,0.111,0.732,468,251.562,64.395,15.14775,5.01,2.317,83.3758146,0.24552185,1.12428848,124.92823,105.471,549.780857,8.589393769,19.99840982,10.35722586,2.223,1.684,0.3395,0.0655,0.047,0.032,0,0.02565,0.016,0.3285,0,0.06125,0.85100001,0.04371,0,0
1990.5,1990,1991,354.05,1714.4015,308.71,0.461,8.315,0.046725173,0.12993,0.48,0.176202852,0.014,0.001197,0,0.005000002,0.004025665,0.009,2.349,0.676,63.818,2.073,0.118,0.758,483.15,258.094,70.637,15.59133333,5.46,2.422,89.61342676,0.27658788,1.51968656,129.338405,106.1975,549.8308517,8.694339761,20.15157459,10.32710571,2.44,1.85575,0.3675,0.071,0.0515,0.032,0.015,0.02925,0.019,0.3725,0,0.069,0.91000003,0.04929,0,0
1991.5,1991,1992,355.39,1727.8595,309.418,0.419,8.848,0.050389892,0.1704,0.535,0.298101426,0.041,0.001196999,0,0.008000002,0.005709253,0.014,2.562,0.687,64.82,2.163,0.126,0.783,495.15,262.5705,75.902,15.86841667,5.89,2.509,95.66917555,0.25955167,2.28951464,131.595765,106.031,549.871074,8.804992592,20.30894426,10.07128333,2.6485,2.0165,0.389,0.077,0.056,0.04,0.0173,0.03375,0.022,0.4205,0,0.077,0.93633336,0.05673,0,0
1992.5,1992,1993,356.09,1735.4915,309.945,0.357,9.397,0.06321641,0.124,0.56,0.42,0.034,0.001196999,0,0.005000003,0.007651571,0.023,2.773,0.729,65.673,2.249,0.135,0.806,506.2,265.358,80.2175,16.04160119,6.29,2.585,101.285,0.28159853,3.2300828,132.8555,105.6625,549.9049077,8.914994065,20.46313357,9.682167632,2.844666667,2.16575,0.4095,0.0825,0.061,0.048,0.0196,0.03825,0.026,0.4585,0,0.0845,0.95966667,0.06417,0,0
1993.5,1993,1994,356.83,1737.49,310.264,0.5175,10.001,0.043976633,0.163,0.6175,0.5,0.034,0.002393997,0,0.001066686,0.00983798,0.036,2.984,0.768,66.459,2.335,0.145,0.827,513.25,266.732,82.3055,16.17533571,6.68,2.652,105.546,0.759,3.7975,127.0345,104.9105,549.9418873,9.027161373,20.6062784,9.620109484,3.028333333,2.2905,0.4285,0.0885,0.066,0.056,0.0219,0.04185,0.03,0.4785,0,0.09075,0.97100002,0.0744,0,0
1994.5,1994,1995,358.33,1743.083,310.8115,0.958,10.623,0.039395734,0.2045,0.694,0.59,0.044,0.002393992,0,0.002012556,0.012253878,0.051,3.207,0.804,67.199,2.421,0.157,0.848,518.93,266.816,83.574,16.26689286,7.04,2.699,110.946,1.8905,5.0105,116.6995,104.0945,545.3847258,9.131617577,20.73100942,9.59375446,3.240333333,2.3955,0.446,0.094,0.0705,0.064,0.0242,0.04635,0.0345,0.4885,0,0.13775,0.99114287,0.08835,0,0
1995.5,1995,1996,360.17,1748.095,311.415,1.8325,11.29,0.06504877,0.2785,0.8235,0.69,0.045,0.004787988,0,0.004000004,0.014884676,0.068,3.4525,0.851,67.943,2.514,0.171,0.869,525.48,265.639,83.767,16.3126,7.36,2.732,116.0595,3.514,6.2245,104.623,103.313,550.3866608,8.945095411,20.82965994,9.532502191,3.416333333,2.486,0.4565,0.1,0.0755,0.072,0.0265,0.0504,0.039,0.493,0,0.228,1.0134,0.09486,0,0
1996.5,1996,1997,361.93,1750.236,312.273,3.238,12.002,0.108109223,0.4165,1.021,0.82,0.053,0.007181984,0,0.00201362,0.017715674,0.087,3.6935,0.906,68.69,2.617,0.189,0.89,531.1,264.709,83.789,16.34093819,7.61,2.751,121.483,5.434,7.2475,91.1025,102.246,537.8095957,9.12911969,20.89438406,9.145689375,3.553,2.56475,0.4655,0.106,0.081,0.088,0.0288,0.05445,0.0435,0.494,0,0.28025,1.0132,0.09858,0,0
1997.5,1997,1998,363.05,1753.672,313.113,5.2725,12.769,0.052222252,0.609,1.284,0.96,0.066,0.009575981,0,0.004000424,0.020732272,0.106,3.924,0.943,69.416,2.733,0.209,0.911,534.94,263.59,83.4685,16.36754861,7.8,2.773,125.952,7.3485,8.384,77.4495,101.277,541.677942,9.06761459,20.91976881,8.538978167,3.722,2.63575,0.4735,0.112,0.0855,0.096,0.0311,0.0585,0.048,0.493,0,0.29275,1.0195,0.1023,0,0
1998.5,1998,1999,365.7,1764.065,313.8935,7.795,13.552,0.114522482,0.8875,1.6435,1.13,0.081,0.013166977,0,0.010000006,0.026339269,0.126,4.143,0.993,70.129,2.857,0.232,0.933,537.7,262.161,83.0605,16.38985764,7.95,2.796,131.5435,9.128,9.3585,65.032,100.309,564.2266566,9.343854179,20.35929871,8.207030054,3.88,2.69875,0.4755,0.118,0.09,0.112,0.0334,0.0621,0.053,0.4905,0,0.30525,1.0265555,0.10509,0,0
1999.5,1999,2000,367.8,1771.838,314.8905,10.8765,14.352,0.158499115,1.1495,2.0245,1.34,0.094,0.016757973,4.15E-06,0.011000006,0.032415465,0.148,4.3555,1.035,70.819,2.985,0.257,0.955,540.14,260.6795,82.606,16.4007691,8.07,2.815,136.7405,10.971,10.3355,54.3435,99.164,556.4456139,9.066814633,20.44127846,8.16053329,4.0115,2.75825,0.4765,0.1245,0.0945,0.128,0.0357,0.0657,0.058,0.487,0.075000003,0.318,1.0267777,0.11253,0,0
2000.5,2000,2001,368.96,1773.143,315.879,14.2175,15.172,0.209805187,1.473,2.449,1.57,0.113,0.02154597,0.015,0.01045,0.031,0.173,4.557,1.07,71.492,3.113,0.284,0.976,542.27,259.1755,82.0955,16.39948326,8.16,2.829,141.7585,12.6935,11.4325,45.4425,98.06,547.4495706,9.091311479,20.03465831,7.522,4.1245,2.81875,0.4775,0.13,0.0985,0.136,0.038,0.06975,0.0625,0.4825,0.072999999,0.331,1.033,0.11253,0.027,0
2001.5,2001,2002,370.57,1771.652,316.6235,17.7275,15.863,0.277602496,1.8655,2.923,1.82,0.141,0.026333966,0.006,0.0152,0.031,0.2,4.76,1.108,72.143,3.233,0.312,0.996,543.22,257.5435,81.569,16.39205804,8.24,2.845,147.677,14.15,12.4395,37.8415,97.077,536.7120607,8.576789719,19.54157919,7.238,4.2045,2.87125,0.478,0.1365,0.103,0.152,0.0397,0.07335,0.067,0.477,0.071999997,0.344,1.031625,0.11532,0.029,0
2002.5,2002,2003,372.58,1772.554,317.2715,21.5575,16.547,0.37838228,2.295,3.483,2.18,0.173,0.032318963,0.003,0.0247,0.038,0.231,4.976,1.16,72.808,3.351,0.342,1.018,543.71,255.602,80.8315,16.37635379,8.3,2.864,153.025,15.4775,13.2415,31.53,96.04,539.1396699,8.206865617,21.38450099,7.19,4.2555,2.925325,0.477,0.1425,0.1065,0.16,0.0414,0.0765,0.071,0.471,0.07,0.357,1.0275267,0.12462,0.032,0
2003.5,2003,2004,375.15,1776.7495,317.9825,25.7015,17.263,0.517641617,2.8145,4.0975,2.59,0.208,0.03830396,0.041,0.0589,0.054,0.267,5.193,1.227,73.535,3.464,0.371,1.041,543.54,253.47,80.09,16.39598214,8.33,2.883,158.1225,16.614,13.898,26.3325,95.073,541.0224054,8.016321678,21.95576257,7.246,4.2905,2.9690375,0.4745,0.1475,0.109,0.168,0.0431,0.0801,0.0745,0.4655,0.068000004,0.37025,1.0234286,0.13671,0.035,0
2004.5,2004,2005,376.95,1776.124,318.6375,29.996,18.111,0.769,3.3655,4.8185,3.133,0.251,0.044288957,0.151,0.12255,0.072,0.309,5.4215,1.303,74.32266667,3.576333333,0.405666667,1.065,543.09,251.466,79.245,16.39175,8.343333333,2.92125,162.9095,17.3305,14.5755,21.885,94.086,534.6578333,7.940204259,21.63081623,7.134,4.327,3.03646784,0.483063006,0.152,0.112,0.176,0.0448,0.08325,0.077,0.4605,0.067000002,0.384,1.027,0.16368,0.038,1.25
2005.5,2005,2006,378.98,1774.142,319.3485,34.545,19.064,1.087166667,3.965,5.6225,3.697,0.304,0.050273953,0.351,0.20805,0.093,0.358,5.6465,1.349916667,74.9955,3.666666667,0.43,1.092,542.36,249.4125,78.6515,16.287375,8.347916667,2.94625,168.704,17.6755,15.1515,18.3015,93.1315,540.40175,8.035656878,22.70366573,7.123,4.345,3.064612404,0.481544373,0.156,0.114,0.184,0.0465,0.0864,0.08,0.456,0.067000002,0.398,1.045,0.20367,0.042,1.3
2006.5,2006,2007,381.15,1774.364,320.1905,38.905,20.116,1.454583333,4.6375,6.5385,4.365,0.365,0.061035146,0.604,0.3021,0.114,0.415,5.8855,1.424,75.65666667,3.745833333,0.4595,1.121,540.83,247.2355,78.0395,16.212875,8.364666667,2.97725,175.376,18.134,15.953,15.3025,92.0155,533.20375,7.806012526,22.91611083,7.134,4.331,3.0990453,0.476076298,0.1595,0.116,0.192,0.0482,0.08955,0.0815,0.453,0.066,0.40625,1.027,0.24738,0.048,1.32
2007.5,2007,2008,382.9,1781.2975,320.9415,43.309,21.025,1.910083333,5.4975,7.5045,5.111,0.43,0.066666667,0.838916667,0.3876,0.135,0.481,6.159,1.476833333,76.41958333,3.849,0.480333333,1.151,538.68,245.1175,77.235,16.24075,8.355083333,2.97875,183.219,18.7855,16.9645,12.7845,90.8855,542.3346667,7.65546331,24.11316232,7.358,4.2975,3.134196709,0.470898762,0.1625,0.1175,0.2,0.0499,0.0927,0.0835,0.451,0.066,0.4075,1.026,0.28644,0.058,1.35
2008.5,2008,2009,385.02,1787.747,321.8485,47.8325,21.854,2.409,6.492,8.592,5.6985,0.498,0.074,1.031166667,0.45695,0.157,0.557,6.4445,1.516833333,77.10075,3.940083333,0.501,1.184,536.37,243.152,76.4975,16.3095,8.368166667,2.99375,191.3275,19.3495,18.135,10.7325,89.734,544.99975,7.428530413,26.4127293,7.271,4.249,3.164755999,0.466348986,0.165,0.1195,0.2,0.0516,0.0963,0.085,0.449,0.066,0.4075,1.036,0.29388,0.069,1.25
2009.5,2009,2010,386.5,1792.6855,322.554,52.498,22.565,2.922666667,7.568,9.713,5.9145,0.574,0.083416667,1.186,0.538,0.177,0.64,6.721,1.566,77.68783333,4.010083333,0.517333333,1.22,533.85,241.271,75.8745,16.3385,8.37175,3.014416667,198.823,19.863,19.236,9.020786058,88.446,537.7840833,7.201030784,26.1883814,7.067,4.186,3.17997261,0.46142242,0.1675,0.121,0.208,0.0533,0.099,0.086,0.444,0.066,0.41875,1.036,0.28644,0.079,1.15
2010.5,2010,2011,388.75,1797.9145,323.436,57.5405,23.251,3.810458333,8.796,10.806,6.1595,0.655,0.08925,1.331333333,0.546243598,0.195,0.731,7.0085,1.632916667,78.30383333,4.0895,0.53775,1.259,530.9,239.371,75.218,16.32075,8.382416667,3.03975,206.3155,20.467,20.42572665,7.546360724,87.2965,541.49325,7.141697844,29.34654771,7.273,4.121,3.20618614,0.45517251,0.1695,0.12,0.208,0.055,0.1026,0.087,0.42,0.066,0.46,1.062,0.31248,0.084,1.1
2011.5,2011,2012,390.62,1803.326,324.446,62.735,24.052,4.72275,10.289,12.004,6.5465,0.727434885,0.096416667,1.51425,0.600455674,0.213333333,0.828,7.3,1.711833333,78.99058333,4.171583333,0.557666667,1.303,528.27,237.2865,74.5605,16.25275,8.389333333,3.061833333,213.165,21.3645,21.20119529,6.290252191,86.1085,531.21625,7.102980975,29.49461486,7.442,4.049,3.22458595,0.448215881,0.172,0.123,0.216,0.0564,0.1053,0.088,0.417,0.066,0.495,1.04,0.37665,0.09,1.08
2012.5,2012,2013,392.65,1808.372,325.318,67.6015,24.956,5.625458333,11.9125,13.297,6.714,0.809100986,0.111916667,1.710583333,0.661091597,0.226916667,0.93,7.5925,1.7985,79.74883333,4.2475,0.571083333,1.349,525.53,235.2965,73.9195,16.1365,8.40325,3.089416667,218.643,22.3665,21.64276064,5.230838072,84.9585,538.0614167,7.002802168,29.2996157,7.638,3.966,3.25754476,0.441603454,0.1745,0.124,0.216,0.0578,0.108,0.089,0.4285,0.064000003,0.54,1.062,0.42129,0.093,1.07
2013.5,2013,2014,395.4,1813.7645,326.2485,72.577,25.972,6.843833333,13.7865,14.631,6.696,0.902756807,0.12175,1.896333333,0.721464531,0.23925,1.039,7.9115,1.900333333,80.49258333,4.326166667,0.5875,1.397,522.48,233.6075,73.2545,16.07775,8.420416667,3.120416667,224.1585,23.2645,22.01567269,4.353848369,83.892,537.6924167,6.865338952,35.04788413,7.933,3.8625,3.2805,0.434783331,0.177,0.125,0.224,0.0592,0.1107,0.09,0.4235,0.064000003,0.6,1.033,0.42129,0.092,1.05
2014.5,2014,2015,397.34,1822.923,327.3695,77.8155,27.037,8.269166667,15.795,16.0115,6.556,1.003745155,0.13225,2.049083333,0.785391296,0.2455,1.159,8.2485,2.019,81.18341667,4.4055,0.602166667,1.447,519.6,232.233,72.6435,16.05666667,8.429333333,3.143416667,229.082,23.8025,22.1390077,3.640724083,82.781,540.2785,6.713722174,35.30225433,8.493,3.763,3.297,0.427752022,0.1795,0.126,0.224,0.0606,0.1134,0.091,0.42,0.067000002,0.64,1.027,0.40083,0.083,1.03
2015.5,2015,2016,399.65,1834.0055,328.3025,83.4145,28.042,9.728416667,18.091,17.5655,6.597,1.096238876,0.141,2.228083333,0.855653098,0.254,1.1845,8.5735,2.106666667,81.90633333,4.485416667,0.61825,1.5,516.58,230.9585,72.0075,16.0175,8.46725,3.161083333,233.327,24.221,22.16549231,3.081903976,81.6445,544.5929167,6.683195356,34.72557232,8.642,3.659,3.306,0.421363541,0.19,0.14,0.22,0.062,0.11,0.092,0.412,0.066,0.68,1.05,0.39897,0.0884,1.02
2016.5,2016,2017,403.06,1842.1665,329.124,89.4825,28.95,11.43620833,20.4815,19.1555,6.66,1.205801829,0.149416667,2.423333333,0.931363259,0.26475,1.4405,8.906,2.196833333,82.7115,4.565416667,0.63325,1.558,513.27,229.5795,71.4385,16.013347,8.498,3.18175,237.511,24.51,22.27708307,2.606743128,80.5205,553.2961667,6.85508313,35.88475939,9.039,3.5575,3.306,0.416307832,0.1909,0.1384,0.2248,0.0634,0.11392,0.093,0.409,0.067000002,0.735,1.04,0.42501,0.0884,1.002
2017.5,2017,2018,405.22,1849.2365,330.04,95.7485,29.975,13.756625,23.245,20.834,6.8175,1.327503687,0.165333333,2.638166667,0.990425986,0.272416667,1.62425,9.2495,2.322333333,83.63608333,4.665333333,0.646583333,1.621,509.94,228.6375,70.936,16.003512,8.559916667,3.2055,241.0395,24.51033669,22.33865737,2.2155,79.608,545.7628333,6.666735971,38.48473941,9.56,3.4615,3.3105,0.4065,0.195,0.142,0.2264,0.0648,0.1154,0.094,0.406,0.068,0.79,1.0343,0.43989,0.0884,0.986
2018.5,2018,2019,407.61,1857.777,331.1905,101.8415,31.158,16.48570833,26.3125,22.4245,7.0135,1.457735315,0.180166667,2.852833333,1.043712346,0.278833333,1.832333333,9.5935,2.4075,84.60933333,4.758,0.664916667,1.686,506.97,227.7875,70.3635,16.003512,8.625583333,3.24025,244.0385,24.37075024,22.27652861,1.902,78.774,543.0949167,6.56660654,39.12361999,9.374,3.3745,3.311,0.4035,0.1991,0.1456,0.228,0.0662,0.11688,0.095,0.403,0.0688,0.845,1.0316,0.43896,0.0884,0.97
2019.5,2019,2020,410.07,1866.455,332.125,107.635,32.414,19.465,29.403,24.012,7.1345,1.594721091,0.196,3.097166667,1.089484257,0.288916667,2.076583333,9.9505,2.500166667,85.54208333,4.847666667,0.684583333,1.75,502.96,226.225,69.799,16.013347,8.674166667,3.280166667,246.75,24.36373269,22.25302861,1.621,78.03,540.7906667,6.491143818,40.61513524,8.785,3.278,3.322,0.396,0.2032,0.1492,0.2296,0.0676,0.11836,0.096,0.4,0.069599999,0.9,1.0289,0.43,0.0884,0.954
2020.5,2020,2021,412.44,1878.93,333.29,113.01,34.0045,22.37108333,32.765,25.55629167,7.09175,1.748875,0.207166667,3.2785,1.096333333,0.298416667,2.31375,10.27054167,2.580916667,86.45783333,4.937583333,0.704083333,1.8114,498.96,223.885,69.00290476,16,8.707166667,3.316916667,247.92,24.51541667,21.96545833,1.409083333,76.93,546.06825,6.598875,42.06894951,8.728083333,3.157208333,3.313625,0.394291667,0.2073,0.1528,0.2312,0.069,0.11984,0.097,0.4,0.070399999,1,1.0262,0.43,0.0884,0.938
2021.5,2021,2022,414.7,1895.48,334.555,118.775,35.18745833,25.74804167,36.27,27.21025,7.257791667,1.931,0.218416667,3.437666667,1.126625,0.307,2.58775,10.6405,2.701583333,87.4765,5.029916667,0.721083333,1.8742,495.015,221.575,68.30290476,16,8.746916667,3.341916667,248.84,24.61325,21.754,1.231708333,75.805,545.4878333,6.569041667,46.25711618,8.432083333,3.074291667,3.323916667,0.393708333,0.2114,0.1564,0.2328,0.0704,0.12132,0.098,0.4,0.071199998,1.1,1.0235,0.43,0.0884,0.922
2022.5,2022,2023,417.08,1911.795,335.845,124.435,36.08620833,29.60425,40.195,29.07441667,7.40725,2.11,0.233833333,3.559083333,1.148625,0.314916667,2.899083333,11.033,2.823666667,88.49966667,5.1455,0.737333333,1.937,491.34,219.315,67.80290476,16,8.829333333,3.372333333,248.71,24.622,21.4615,1.116375,74.785,540.2315,6.471791667,45.34328285,7.831083333,2.98125,3.323791667,0.392333333,0.2155,0.16,0.2344,0.0718,0.1228,0.099,0.4,0.071999998,1.2,1.0208,0.43,0.0884,0.906
2023.5,2023,2024,419.36,1922.11,336.91,129.51,36.67868889,32.49085417,44.215,31.13926316,7.504951754,2.255557292,0.246041667,3.77095,1.183720588,0.324691667,3.1353,11.38505702,2.912891667,89.43160833,5.230908333,0.7568,1.9998,487.215,216.815,67.20290476,16,8.860708333,3.408091667,247.285,24.58413158,21.53554386,0.911837719,73.925,542.8257333,6.541315789,48.10601275,7.598425,2.928837719,3.322214912,0.392219298,0.2196,0.1636,0.236,0.0732,0.12428,0.1,0.4,0.072799997,1.3,1.0181,0.43,0.0884,0.89
2024.5,2024,2025,422.79,1929.72,337.92,134.74,37.29868889,35.74286667,50.066,32.73024012,7.884951754,2.445557292,0.259016667,3.94625,1.143720588,0.333716667,3.399766667,11.76505702,3.016266667,90.40311667,5.326633333,0.774933333,2.0626,482.87,214.48,66.60290476,15.9946612,8.908733333,3.440683333,244.9433333,24.46413158,21.23554386,0.811837719,72.935,542.7227667,6.526411771,49.91414342,7.25455,2.838837719,3.324288596,0.392219298,0.2237,0.1672,0.2376,0.0746,0.12576,0.101,0.4,0.073599997,1.4,1.0154,0.43,0.0884,0.874
