time,CO2,CH4,N2O,HFC_134a,HFC_23,SF6,CF4,HFC_32,HFC_125,HFC_143a,HFC_152a,HFC_227ea,HFC_236fa,HFC_245fa,HFC_365mfc,HFC_43_10mee,C2F6,C3F8,c_C4F8,n_C4F10,n_C5F12,n_C6F14,i_C6F14,C7F16,C8F18,CFC_11,CFC_12,CFC_113,CFC_114,CFC_115,CFC_13,CFC_112,CFC_112a,CFC_113a,CFC_114a,HCFC_22,HCFC_141b,HCFC_142b,HCFC_133a,HCFC_31,HCFC_124,NF3,SO2F2,CCl4,CH3CCl3,CH3Cl,CH3Br,CH2Cl2,CHCl3,Halon_1211,Halon_1301,Halon_2402
1750,278.377857,729.2,270.1,0.0,0.0,0.0,34.05,0.000218389,0.0,0.0,0.0,3.95e-06,0.0,0.0,0.0,0.0,1.29e-06,0.0,0.0,0.0,0.0,0.0,0.0,0.0,0.0,0.0,0.0,0.0,0.0,0.0,0.0,0.0,0.0,0.0,0.0,0.0,0.0,0.0,0.0,0.0,0.0,0.0,2.1e-05,0.025000429,0.0,457.0,5.299997818,6.91,4.8,0.004446573,0.0,0.0
1850,285.583545,807.6,272.1,0.0,0.0,0.0,34.05,0.000218389,0.0,0.0,0.0,3.95e-06,0.0,0.0,0.0,0.0,1.29e-06,0.0,0.0,0.0,0.0,0.0,0.0,0.0,0.0,0.0,0.0,0.0,0.0,0.0,0.0,0.0,0.0,0.0,0.0,0.0,0.0,0.0,0.0,0.0,0.0,0.0,2.1e-05,0.025000429,0.0,457.0,5.299997818,6.91276128,4.8,0.004446573,0.0,0.0
1851,285.7055532,807.7689743,272.1811321,0.0,0.0,0.0,34.05,0.000220928,0.0,0.0,0.0,4e-06,0.0,0.0,0.0,0.0,1.03e-05,0.0,0.0,0.0,0.0,0.0,0.0,0.0,0.0,0.0,0.0,0.0,0.0,0.0,0.0,0.0,0.0,0.0,0.0,0.0,0.0,0.0,0.0,0.0,0.0,0.0,2.12e-05,0.025000429,0.0,457.0,5.299997818,6.91276128,4.8,0.004446573,0.0,0.0
1852,285.8435884,808.5228485,272.2622141,0.0,0.0,0.0,34.05,0.000223468,0.0,0.0,0.0,4.04e-06,0.0,0.0,0.0,0.0,2.07e-05,0.0,0.0,0.0,0.0,0.0,0.0,0.0,0.0,0.0,0.0,0.0,0.0,0.0,0.0,0.0,0.0,0.0,0.0,0.0,0.0,0.0,0.0,0.0,0.0,0.0,2.15e-05,0.025000429,0.0,457.0,5.299997818,6.91276128,4.8,0.004446573,0.0,0.0
1853,285.9676049,809.768605,272.3652689,0.0,0.0,0.0,34.05,0.000226007,0.0,0.0,0.0,4.09e-06,0.0,0.0,0.0,0.0,3.11e-05,0.0,0.0,0.0,0.0,0.0,0.0,0.0,0.0,0.0,0.0,0.0,0.0,0.0,0.0,0.0,0.0,0.0,0.0,0.0,0.0,0.0,0.0,0.0,0.0,0.0,2.17e-05,0.025000429,0.0,457.0,5.299997818,6.91276128,4.8,0.004446573,0.0,0.0
1854,286.0736325,811.1015197,272.4713448,0.0,0.0,0.0,34.05,0.000228547,0.0,0.0,0.0,4.14e-06,0.0,0.0,0.0,0.0,4.15e-05,0.0,0.0,0.0,0.0,0.0,0.0,0.0,0.0,0.0,0.0,0.0,0.0,0.0,0.0,0.0,0.0,0.0,0.0,0.0,0.0,0.0,0.0,0.0,0.0,0.0,2.2e-05,0.025000429,0.0,457.0,5.299997818,6.91276128,4.8,0.004446573,0.0,0.0
1855,286.1596246,812.706285,272.5854469,0.0,0.0,0.0,34.05,0.000231086,0.0,0.0,0.0,4.18e-06,0.0,0.0,0.0,0.0,5.2e-05,0.0,0.0,0.0,0.0,0.0,0.0,0.0,0.0,0.0,0.0,0.0,0.0,0.0,0.0,0.0,0.0,0.0,0.0,0.0,0.0,0.0,0.0,0.0,0.0,0.0,2.22e-05,0.025000429,0.0,457.0,5.299997818,6.91276128,4.8,0.004446573,0.0,0.0
1856,286.2586276,814.1752471,272.700495,0.0,0.0,0.0,34.05,0.000233625,0.0,0.0,0.0,4.23e-06,0.0,0.0,0.0,0.0,6.25e-05,0.0,0.0,0.0,0.0,0.0,0.0,0.0,0.0,0.0,0.0,0.0,0.0,0.0,0.0,0.0,0.0,0.0,0.0,0.0,0.0,0.0,0.0,0.0,0.0,0.0,2.25e-05,0.025000429,0.0,457.0,5.299997818,6.91276128,4.8,0.004446573,0.0,0.0
1857,286.4046647,815.8361037,272.8045873,0.0,0.0,0.0,34.05,0.000236165,0.0,0.0,0.0,4.27e-06,0.0,0.0,0.0,0.0,7.32e-05,0.0,0.0,0.0,0.0,0.0,0.0,0.0,0.0,0.0,0.0,0.0,0.0,0.0,0.0,0.0,0.0,0.0,0.0,0.0,0.0,0.0,0.0,0.0,0.0,0.0,2.27e-05,0.025000429,0.0,457.0,5.299997818,6.91276128,4.8,0.004446573,0.0,0.0
1858,286.560689,817.7439085,272.8926579,0.0,0.0,0.0,34.05,0.000238704,0.0,0.0,0.0,4.32e-06,0.0,0.0,0.0,0.0,8.38e-05,0.0,0.0,0.0,0.0,0.0,0.0,0.0,0.0,0.0,0.0,0.0,0.0,0.0,0.0,0.0,0.0,0.0,0.0,0.0,0.0,0.0,0.0,0.0,0.0,0.0,2.3e-05,0.025000429,0.0,457.0,5.299997818,6.91276128,4.8,0.004446573,0.0,0.0
1859,286.7277693,819.7897138,273.0387424,0.0,0.0,0.0,34.05,0.000241244,0.0,0.0,0.0,4.37e-06,0.0,0.0,0.0,0.0,9.46e-05,0.0,0.0,0.0,0.0,0.0,0.0,0.0,0.0,0.0,0.0,0.0,0.0,0.0,0.0,0.0,0.0,0.0,0.0,0.0,0.0,0.0,0.0,0.0,0.0,0.0,2.32e-05,0.025000429,0.0,457.0,5.299997818,6.91276128,4.8,0.004446573,0.0,0.0
1860,286.9128388,821.7106413,273.20683,0.0,0.0,0.0,34.05,0.000243783,0.0,0.0,0.0,4.41e-06,0.0,0.0,0.0,0.0,0.000105433,0.0,0.0,0.0,0.0,0.0,0.0,0.0,0.0,0.0,0.0,0.0,0.0,0.0,0.0,0.0,0.0,0.0,0.0,0.0,0.0,0.0,0.0,0.0,0.0,0.0,2.35e-05,0.025000429,0.0,457.0,5.299997818,6.91276128,4.8,0.004446573,0.0,0.0
1861,287.0979082,823.8025281,273.3978974,0.0,0.0,0.0,34.05,0.000246322,0.0,0.0,0.0,4.46e-06,0.0,0.0,0.0,0.0,0.00011636,0.0,0.0,0.0,0.0,0.0,0.0,0.0,0.0,0.0,0.0,0.0,0.0,0.0,0.0,0.0,0.0,0.0,0.0,0.0,0.0,0.0,0.0,0.0,0.0,0.0,2.37e-05,0.025000429,0.0,457.0,5.299997818,6.91276128,4.8,0.004446573,0.0,0.0
1862,287.2559482,826.4373838,273.5809692,0.0,0.0,0.0,34.0501,0.000248862,0.0,0.0,0.0,4.5e-06,0.0,0.0,0.0,0.0,0.000127382,0.0,0.0,0.0,0.0,0.0,0.0,0.0,0.0,0.0,0.0,0.0,0.0,0.0,0.0,0.0,0.0,0.0,0.0,0.0,0.0,0.0,0.0,0.0,0.0,0.0,2.4e-05,0.025000429,0.0,457.0,5.299997818,6.91276128,4.8,0.004446573,0.0,0.0
1863,287.4179892,829.5792584,273.7430449,0.0,0.0,0.0,34.0501,0.000251401,0.0,0.0,0.0,4.55e-06,0.0,0.0,0.0,0.0,0.000138504,0.0,0.0,0.0,0.0,0.0,0.0,0.0,0.0,0.0,0.0,0.0,0.0,0.0,0.0,0.0,0.0,0.0,0.0,0.0,0.0,0.0,0.0,0.0,0.0,0.0,2.42e-05,0.025000429,0.0,457.0,5.299997818,6.91276128,4.8,0.004446573,0.0,0.0
1864,287.5800301,833.0220364,273.8991392,0.0,0.0,0.0,34.0501,0.000253941,0.0,0.0,0.0,4.6e-06,0.0,0.0,0.0,0.0,0.000149735,0.0,0.0,0.0,0.0,0.0,0.0,0.0,0.0,0.0,0.0,0.0,0.0,0.0,0.0,0.0,0.0,0.0,0.0,0.0,0.0,0.0,0.0,0.0,0.0,0.0,2.45e-05,0.025000429,0.0,457.0,5.299997818,6.91276128,4.8,0.004446573,0.0,0.0
1865,287.7431095,836.3169873,274.0661892,0.0,0.0,0.0,34.0501,0.00025648,0.0,0.0,0.0,4.64e-06,0.0,0.0,0.0,0.0,0.000161078,0.0,0.0,0.0,0.0,0.0,0.0,0.0,0.0,0.0,0.0,0.0,0.0,0.0,0.0,0.0,0.0,0.0,0.0,0.0,0.0,0.0,0.0,0.0,0.0,0.0,2.47e-05,0.025000429,0.0,457.0,5.299997818,6.91276128,4.8,0.004446573,0.0,0.0
1866,287.9011496,839.7897946,274.2412654,0.0,0.0,0.0,34.0501,0.000259019,0.0,0.0,0.0,4.69e-06,0.0,0.0,0.0,0.0,0.000172542,0.0,0.0,0.0,0.0,0.0,0.0,0.0,0.0,0.0,0.0,0.0,0.0,0.0,0.0,0.0,0.0,0.0,0.0,0.0,0.0,0.0,0.0,0.0,0.0,0.0,2.5e-05,0.025000429,0.0,457.0,5.299997818,6.91276128,4.8,0.004446573,0.0,0.0
1867,288.0661836,843.4275799,274.4133509,0.0,0.0,0.0,34.0502,0.000261559,0.0,0.0,0.0,4.73e-06,0.0,0.0,0.0,0.0,0.000184133,0.0,0.0,0.0,0.0,0.0,0.0,0.0,0.0,0.0,0.0,0.0,0.0,0.0,0.0,0.0,0.0,0.0,0.0,0.0,0.0,0.0,0.0,0.0,0.0,0.0,2.52e-05,0.025000429,0.0,457.0,5.299997818,6.91276128,4.8,0.004446573,0.0,0.0
1868,288.2072425,846.6864589,274.5984369,0.0,0.0,0.0,34.0502,0.000264098,0.0,0.0,0.0,4.78e-06,0.0,0.0,0.0,0.0,0.000195856,0.0,0.0,0.0,0.0,0.0,0.0,0.0,0.0,0.0,0.0,0.0,0.0,0.0,0.0,0.0,0.0,0.0,0.0,0.0,0.0,0.0,0.0,0.0,0.0,0.0,2.54e-05,0.025000429,0.0,457.0,5.299997818,6.91276128,4.8,0.004446573,0.0,0.0
1869,288.3182483,849.5722301,274.7754967,0.0,0.0,0.0,34.0502,0.000266638,0.0,0.0,0.0,4.83e-06,0.0,0.0,0.0,0.0,0.000207718,0.0,0.0,0.0,0.0,0.0,0.0,0.0,0.0,0.0,0.0,0.0,0.0,0.0,0.0,0.0,0.0,0.0,0.0,0.0,0.0,0.0,0.0,0.0,0.0,0.0,2.57e-05,0.025000429,0.0,457.0,5.299997818,6.91276128,4.8,0.004446573,0.0,0.0
1870,288.4392718,851.8820125,274.9416007,0.0,0.0,0.0,34.0502,0.000269177,0.0,0.0,0.0,4.87e-06,0.0,0.0,0.0,0.0,0.000219725,0.0,0.0,0.0,0.0,0.0,0.0,0.0,0.0,0.0,0.0,0.0,0.0,0.0,0.0,0.0,0.0,0.0,0.0,0.0,0.0,0.0,0.0,0.0,0.0,0.0,2.59e-05,0.025000429,0.0,457.0,5.299997818,6.91276128,4.8,0.004446573,0.0,0.0
1871,288.5692745,853.4449077,275.131661,0.0,0.0,0.0,34.0503,0.000271716,0.0,0.0,0.0,4.92e-06,0.0,0.0,0.0,0.0,0.000231883,0.0,0.0,0.0,0.0,0.0,0.0,0.0,0.0,0.0,0.0,0.0,0.0,0.0,0.0,0.0,0.0,0.0,0.0,0.0,0.0,0.0,0.0,0.0,0.0,0.0,2.62e-05,0.025000429,0.0,457.0,5.299997818,6.91276128,4.8,0.004446573,0.0,0.0
1872,288.7303382,854.6896876,275.3137258,0.0,0.0,0.0,34.0503,0.000274256,0.0,0.0,0.0,4.96e-06,0.0,0.0,0.0,0.0,0.0002442,0.0,0.0,0.0,0.0,0.0,0.0,0.0,0.0,0.0,0.0,0.0,0.0,0.0,0.0,0.0,0.0,0.0,0.0,0.0,0.0,0.0,0.0,0.0,0.0,0.0,2.64e-05,0.025000429,0.0,457.0,5.299997818,6.91276128,4.8,0.004446573,0.0,0.0
1873,288.9173928,855.6297801,275.4928303,0.0,0.0,0.0,34.0503,0.000276795,0.0,0.0,0.0,5.01e-06,0.0,0.0,0.0,0.0,0.000256681,0.0,0.0,0.0,0.0,0.0,0.0,0.0,0.0,0.0,0.0,0.0,0.0,0.0,0.0,0.0,0.0,0.0,0.0,0.0,0.0,0.0,0.0,0.0,0.0,0.0,2.67e-05,0.025000429,0.0,457.0,5.299997818,6.91276128,4.8,0.004446573,0.0,0.0
1874,289.1094868,857.2864863,275.6658923,0.0,0.0,0.0,34.0504,0.000279335,0.0,0.0,0.0,5.06e-06,0.0,0.0,0.0,0.0,0.000269332,0.0,0.0,0.0,0.0,0.0,0.0,0.0,0.0,0.0,0.0,0.0,0.0,0.0,0.0,0.0,0.0,0.0,0.0,0.0,0.0,0.0,0.0,0.0,0.0,0.0,2.69e-05,0.025000429,0.0,457.0,5.299997818,6.91276128,4.8,0.004446573,0.0,0.0
1875,289.3305648,858.9403238,275.8419756,0.0,0.0,0.0,34.0504,0.000281874,0.0,0.0,0.0,5.1e-06,0.0,0.0,0.0,0.0,0.000282159,0.0,0.0,0.0,0.0,0.0,0.0,0.0,0.0,0.0,0.0,0.0,0.0,0.0,0.0,0.0,0.0,0.0,0.0,0.0,0.0,0.0,0.0,0.0,0.0,0.0,2.72e-05,0.025000429,0.0,457.0,5.299997818,6.91276128,4.8,0.004446573,0.0,0.0
1876,289.5506656,860.3352503,275.9990464,0.0,0.0,0.0,34.0505,0.000284413,0.0,0.0,0.0,5.15e-06,0.0,0.0,0.0,0.0,0.00029517,0.0,0.0,0.0,0.0,0.0,0.0,0.0,0.0,0.0,0.0,0.0,0.0,0.0,0.0,0.0,0.0,0.0,0.0,0.0,0.0,0.0,0.0,0.0,0.0,0.0,2.74e-05,0.025000429,0.0,457.0,5.299997818,6.91276128,4.8,0.004446573,0.0,0.0
1877,289.7737899,861.8600595,276.1351211,0.0,0.0,0.0,34.0505,0.000286953,0.0,0.0,0.0,5.19e-06,0.0,0.0,0.0,0.0,0.00030837,0.0,0.0,0.0,0.0,0.0,0.0,0.0,0.0,0.0,0.0,0.0,0.0,0.0,0.0,0.0,0.0,0.0,0.0,0.0,0.0,0.0,0.0,0.0,0.0,0.0,2.77e-05,0.025000429,0.0,457.0,5.299997818,6.91276128,4.8,0.004446573,0.0,0.0
1878,290.0058935,863.6249811,276.2801985,0.0,0.0,0.0,34.0506,0.000289492,0.0,0.0,0.0,5.24e-06,0.0,0.0,0.0,0.0,0.000321766,0.0,0.0,0.0,0.0,0.0,0.0,0.0,0.0,0.0,0.0,0.0,0.0,0.0,0.0,0.0,0.0,0.0,0.0,0.0,0.0,0.0,0.0,0.0,0.0,0.0,2.79e-05,0.025000429,0.0,457.0,5.299997818,6.91276128,4.8,0.004446573,0.0,0.0
1879,290.2249864,865.7738137,276.4182874,0.0,0.0,0.0,34.0506,0.000292032,0.0,0.0,0.0,5.29e-06,0.0,0.0,0.0,0.0,0.000335363,0.0,0.0,0.0,0.0,0.0,0.0,0.0,0.0,0.0,0.0,0.0,0.0,0.0,0.0,0.0,0.0,0.0,0.0,0.0,0.0,0.0,0.0,0.0,0.0,0.0,2.82e-05,0.025000429,0.0,457.0,5.299997818,6.91276128,4.8,0.004446573,0.0,0.0
1880,290.4650919,868.1916283,276.5573529,0.0,0.0,0.0,34.0507,0.000294571,0.0,0.0,0.0,5.33e-06,0.0,0.0,0.0,0.0,0.000349169,0.0,0.0,0.0,0.0,0.0,0.0,0.0,0.0,0.0,0.0,0.0,0.0,0.0,0.0,0.0,0.0,0.0,0.0,0.0,0.0,0.0,0.0,0.0,0.0,0.0,2.84e-05,0.025000429,0.0,457.0,5.299997818,6.91276128,4.8,0.004446573,0.0,0.0
1881,290.723217,870.484504,276.6734386,0.0,0.0,0.0,34.0507,0.00029711,0.0,0.0,0.0,5.38e-06,0.0,0.0,0.0,0.0,0.000363189,0.0,0.0,0.0,0.0,0.0,0.0,0.0,0.0,0.0,0.0,0.0,0.0,0.0,0.0,0.0,0.0,0.0,0.0,0.0,0.0,0.0,0.0,0.0,0.0,0.0,2.87e-05,0.025000429,0.0,457.0,5.299997818,6.91276128,4.8,0.004446573,0.0,0.0
1882,290.9963687,872.755346,276.792515,0.0,0.0,0.0,34.0508,0.00029965,0.0,0.0,0.0,5.42e-06,0.0,0.0,0.0,0.0,0.00037743,0.0,0.0,0.0,0.0,0.0,0.0,0.0,0.0,0.0,0.0,0.0,0.0,0.0,0.0,0.0,0.0,0.0,0.0,0.0,0.0,0.0,0.0,0.0,0.0,0.0,2.89e-05,0.025000429,0.0,457.0,5.299997818,6.91276128,4.8,0.004446573,0.0,0.0
1883,291.2314654,875.113224,276.9045724,0.0,0.0,0.0,34.0509,0.000302189,0.0,0.0,0.0,5.47e-06,0.0,0.0,0.0,0.0,0.000391897,0.0,0.0,0.0,0.0,0.0,0.0,0.0,0.0,0.0,0.0,0.0,0.0,0.0,0.0,0.0,0.0,0.0,0.0,0.0,0.0,0.0,0.0,0.0,0.0,0.0,2.92e-05,0.025000429,0.0,457.0,5.299997818,6.91276128,4.8,0.004446573,0.0,0.0
1884,291.4715709,877.6631187,277.0156532,0.0,0.0,0.0,34.051,0.000304729,0.0,0.0,0.0,5.52e-06,0.0,0.0,0.0,0.0,0.000406599,0.0,0.0,0.0,0.0,0.0,0.0,0.0,0.0,0.0,0.0,0.0,0.0,0.0,0.0,0.0,0.0,0.0,0.0,0.0,0.0,0.0,0.0,0.0,0.0,0.0,2.94e-05,0.025000429,0.0,457.0,5.299997818,6.91276128,4.8,0.004446573,0.0,0.0
1885,291.7477156,880.5449226,277.1227363,0.0,0.0,0.0,34.051,0.000307268,0.0,0.0,0.0,5.56e-06,0.0,0.0,0.0,0.0,0.00042154,0.0,0.0,0.0,0.0,0.0,0.0,0.0,0.0,0.0,0.0,0.0,0.0,0.0,0.0,0.0,0.0,0.0,0.0,0.0,0.0,0.0,0.0,0.0,0.0,0.0,2.96e-05,0.025000429,0.0,457.0,5.299997818,6.91276128,4.8,0.004446573,0.0,0.0
1886,292.0418799,883.3638603,277.2198095,0.0,0.0,0.0,34.0511,0.000309808,0.0,0.0,0.0,5.61e-06,0.0,0.0,0.0,0.0,0.000436727,0.0,0.0,0.0,0.0,0.0,0.0,0.0,0.0,0.0,0.0,0.0,0.0,0.0,0.0,0.0,0.0,0.0,0.0,0.0,0.0,0.0,0.0,0.0,0.0,0.0,2.99e-05,0.025000429,0.0,457.0,5.299997818,6.91276128,4.8,0.004446573,0.0,0.0
1887,292.3470393,886.4625831,277.3369023,0.0,0.0,0.0,34.0512,0.000312347,0.0,0.0,0.0,5.65e-06,0.0,0.0,0.0,0.0,0.000452166,0.0,0.0,0.0,0.0,0.0,0.0,0.0,0.0,0.0,0.0,0.0,0.0,0.0,0.0,0.0,0.0,0.0,0.0,0.0,0.0,0.0,0.0,0.0,0.0,0.0,3.01e-05,0.025000429,0.0,457.0,5.299997818,6.91276128,4.8,0.004446573,0.0,0.0
1888,292.6872299,889.4605369,277.4289707,0.0,0.0,0.0,34.0513,0.000314886,0.0,0.0,0.0,5.7e-06,0.0,0.0,0.0,0.0,0.000467863,0.0,0.0,0.0,0.0,0.0,0.0,0.0,0.0,0.0,0.0,0.0,0.0,0.0,0.0,0.0,0.0,0.0,0.0,0.0,0.0,0.0,0.0,0.0,0.0,0.0,3.04e-05,0.025000429,0.0,457.0,5.299997818,6.91276128,4.8,0.004446573,0.0,0.0
1889,293.0284284,892.6953681,277.54704,0.0,0.0,0.0,34.0514,0.000317426,0.0,0.0,0.0,5.75e-06,0.0,0.0,0.0,0.0,0.000483826,0.0,0.0,0.0,0.0,0.0,0.0,0.0,0.0,0.0,0.0,0.0,0.0,0.0,0.0,0.0,0.0,0.0,0.0,0.0,0.0,0.0,0.0,0.0,0.0,0.0,3.06e-05,0.025000429,0.0,457.0,5.299997818,6.91276128,4.8,0.004446573,0.0,0.0
1890,293.3646181,895.9272086,277.6361177,0.0,0.0,0.0,34.0515,0.000319965,0.0,0.0,0.0,5.79e-06,0.0,0.0,0.0,0.0,0.000500059,0.0,0.0,0.0,0.0,0.0,0.0,0.0,0.0,0.0,0.0,0.0,0.0,0.0,0.0,0.0,0.0,0.0,0.0,0.0,0.0,0.0,0.0,0.0,0.0,0.0,3.09e-05,0.025000429,0.0,457.0,5.299997818,6.91276128,4.8,0.004446573,0.0,0.0
1891,293.7138185,899.2151404,277.7171997,0.0,0.0,0.0,34.0516,0.000322505,0.0,0.0,0.0,5.84e-06,0.0,0.0,0.0,0.0,0.000516571,3.28e-08,0.0,0.0,0.0,0.0,0.0,0.0,0.0,0.0,0.0,0.0,0.0,0.0,0.0,0.0,0.0,0.0,0.0,0.0,0.0,0.0,0.0,0.0,0.0,0.0,3.11e-05,0.025000429,0.0,457.0,5.299997818,6.91276128,4.8,0.004446573,0.0,0.0
1892,294.0559944,903.087911,277.8192779,0.0,0.0,0.0,34.0517,0.000325044,0.0,0.0,0.0,5.88e-06,0.0,0.0,0.0,0.0,0.000533365,3.05e-07,0.0,0.0,0.0,0.0,0.0,0.0,0.0,0.0,0.0,0.0,0.0,0.0,0.0,0.0,0.0,0.0,0.0,0.0,0.0,0.0,0.0,0.0,0.0,0.0,3.14e-05,0.025000429,0.0,457.0,5.299997818,6.91276128,4.8,0.004446573,0.0,0.0
1893,294.3571527,906.832691,277.9383543,0.0,0.0,0.0,34.0518,0.000327583,0.0,0.0,0.0,5.93e-06,0.0,0.0,0.0,0.0,0.00055045,6.92e-07,0.0,0.0,0.0,0.0,0.0,0.0,0.0,0.0,0.0,0.0,0.0,0.0,0.0,0.0,0.0,0.0,0.0,0.0,0.0,0.0,0.0,0.0,0.0,0.0,3.16e-05,0.025000429,0.0,457.0,5.299997818,6.91276128,4.8,0.004446573,0.0,0.0
1894,294.6623121,910.0415822,278.080441,0.0,0.0,0.0,34.0519,0.000330123,0.0,0.0,0.0,5.98e-06,0.0,0.0,0.0,0.0,0.000567831,1.24e-06,0.0,0.0,0.0,0.0,0.0,0.0,0.0,0.0,0.0,0.0,0.0,0.0,0.0,0.0,0.0,0.0,0.0,0.0,0.0,0.0,0.0,0.0,0.0,0.0,3.19e-05,0.025000429,0.0,457.0,5.299997818,6.91276128,4.8,0.004446573,0.0,0.0
1895,294.9414804,912.7942357,278.2295162,0.0,0.0,0.0,34.0521,0.000332662,0.0,0.0,0.0,6.02e-06,0.0,0.0,0.0,0.0,0.000585515,1.96e-06,0.0,0.0,0.0,0.0,0.0,0.0,0.0,0.0,0.0,0.0,0.0,0.0,0.0,0.0,0.0,0.0,0.0,0.0,0.0,0.0,0.0,0.0,0.0,0.0,3.21e-05,0.025000429,0.0,457.0,5.299997818,6.91276128,4.8,0.004446573,0.0,0.0
1896,295.2186025,914.3441915,278.3445949,0.0,0.0,0.0,34.0522,0.000335202,0.0,0.0,0.0,6.07e-06,0.0,0.0,0.0,0.0,0.000603507,2.85e-06,0.0,0.0,0.0,0.0,0.0,0.0,0.0,0.0,0.0,0.0,0.0,0.0,0.0,0.0,0.0,0.0,0.0,0.0,0.0,0.0,0.0,0.0,0.0,0.0,3.24e-05,0.025000429,0.0,457.0,5.299997818,6.91276128,4.8,0.004446573,0.0,0.0
1897,295.4907462,915.8522771,278.4636713,0.0,0.0,0.0,34.0523,0.000337741,0.0,0.0,0.0,6.11e-06,0.0,0.0,0.0,0.0,0.000621815,3.91e-06,0.0,0.0,0.0,0.0,0.0,0.0,0.0,0.0,0.0,0.0,0.0,0.0,0.0,0.0,0.0,0.0,0.0,0.0,0.0,0.0,0.0,0.0,0.0,0.0,3.26e-05,0.025000429,0.0,457.0,5.299997818,6.91276128,4.8,0.004446573,0.0,0.0
1898,295.7899194,918.6000477,278.5827477,0.0,0.0,0.0,34.0525,0.00034028,0.0,0.0,0.0,6.16e-06,0.0,0.0,0.0,0.0,0.000640444,5.15e-06,0.0,0.0,0.0,0.0,0.0,0.0,0.0,0.0,0.0,0.0,0.0,0.0,0.0,0.0,0.0,0.0,0.0,0.0,0.0,0.0,0.0,0.0,0.0,0.0,3.29e-05,0.025000429,0.0,457.0,5.299997818,6.91276128,4.8,0.004446573,0.0,0.0
1899,296.1270864,921.8688755,278.7348137,0.0,0.0,0.0,34.0526,0.00034282,0.0,0.0,0.0,6.21e-06,0.0,0.0,0.0,0.0,0.000659401,6.58e-06,0.0,0.0,0.0,0.0,0.0,0.0,0.0,0.0,0.0,0.0,0.0,0.0,0.0,0.0,0.0,0.0,0.0,0.0,0.0,0.0,0.0,0.0,0.0,0.0,3.31e-05,0.025000429,0.0,457.0,5.299997818,6.91276128,4.8,0.004446573,0.0,0.0
1900,296.4932985,925.1446613,278.8878867,0.0,0.0,0.0,34.0528,0.000345359,0.0,0.0,0.0,6.25e-06,0.0,0.0,0.0,0.0,0.000678692,8.19e-06,0.0,0.0,0.0,0.0,0.0,0.0,0.0,0.0,0.0,0.0,0.0,0.0,0.0,0.0,0.0,0.0,0.0,0.0,0.0,0.0,0.0,0.0,0.0,0.0,3.34e-05,0.025000377,0.0,457.0,5.299997818,6.91276128,4.8,0.00444657,0.0,0.0
1901,296.8164775,928.3977421,279.0539602,0.0,0.0,0.0,34.0529,0.000347899,0.0,0.0,0.0,6.3e-06,0.0,0.0,0.0,0.0,0.000701148,1e-05,0.0,0.0,0.0,0.0,0.0,0.0,0.0,0.0,0.0,0.0,0.0,0.0,0.0,0.0,0.0,0.0,0.0,0.0,0.0,0.0,0.0,0.0,0.0,0.0,3.36e-05,0.025000494,0.0,457.0,5.299997818,6.91276128,4.8,0.00444657,0.0,0.0
1902,297.1256683,932.3333789,279.3090535,0.0,0.0,0.0,34.0553,0.000350438,0.0,0.0,0.0,6.34e-06,0.0,0.0,0.0,0.0,0.000884881,1.5e-05,0.0,0.0,0.0,0.0,0.0,0.0,0.0,0.0,0.0,0.0,0.0,0.0,0.0,0.0,0.0,0.0,0.0,0.0,0.0,0.0,0.0,0.0,0.0,0.0,3.39e-05,0.025000344,0.0,457.0,5.299997818,6.91276128,4.799999999,0.00444657,0.0,0.0
1903,297.4458236,936.3905368,279.6111133,0.0,0.0,0.0,34.058,0.000352977,0.0,0.0,0.0,6.39e-06,0.0,0.0,0.0,0.0,0.001116641,2.5e-05,0.0,0.0,0.0,0.0,0.0,0.0,0.0,0.0,0.0,0.0,0.0,0.0,0.0,0.0,0.0,0.0,0.0,0.0,0.0,0.0,0.0,0.0,0.0,0.0,3.41e-05,0.025000539,0.0,457.0,5.299997818,6.91276128,4.800000001,0.00444657,0.0,0.0
1904,297.7369948,941.7261981,279.8941912,0.0,0.0,0.0,34.0608,0.000355517,0.0,0.0,0.0,6.43e-06,0.0,0.0,0.0,0.0,0.001382946,3.5e-05,0.0,0.0,0.0,0.0,0.0,0.0,0.0,0.0,0.0,0.0,0.0,0.0,0.0,0.0,0.0,0.0,0.0,0.0,0.0,0.0,0.0,0.0,0.0,0.0,3.43e-05,0.025000282,0.0,457.0,5.299997818,6.91276128,4.799999999,0.00444657,0.0,0.0
1905,298.0631668,947.0600894,280.1742784,0.0,0.0,0.0,34.0642,0.000358056,0.0,0.0,0.0,6.48e-06,0.0,0.0,0.0,0.0,0.001716368,5e-05,0.0,0.0,0.0,0.0,0.0,0.0,0.0,0.0,0.0,0.0,0.0,0.0,0.0,0.0,0.0,0.0,0.0,0.0,0.0,0.0,0.0,0.0,0.0,0.0,3.46e-05,0.025000625,0.0,457.0,5.299997818,6.91276128,4.8,0.00444657,0.0,0.0
1906,298.4273632,952.714049,280.4563492,0.0,0.0,0.0,34.0687,0.000360596,0.0,0.0,0.0,6.53e-06,0.0,0.0,0.0,0.0,0.002196361,6e-05,0.0,0.0,0.0,0.0,0.0,0.0,0.0,0.0,0.0,0.0,0.0,0.0,0.0,0.0,0.0,0.0,0.0,0.0,0.0,0.0,0.0,0.0,0.0,0.0,3.48e-05,0.025000161,0.0,457.0,5.299997818,6.91276128,4.799999988,0.00444657,0.0,0.0
1907,298.8546282,958.7826205,280.7594161,0.0,0.0,0.0,34.0747,0.000363135,0.0,0.0,0.0,6.57e-06,0.0,0.0,0.0,0.0,0.002872606,8.5e-05,0.0,0.0,0.0,0.0,0.0,0.0,0.0,0.0,0.0,0.0,0.0,0.0,0.0,0.0,0.0,0.0,0.0,0.0,0.0,0.0,0.0,0.0,0.0,0.0,3.51e-05,0.025000798,0.0,457.0,5.299997818,6.91276128,4.799999981,0.00444657,0.0,0.0
1908,299.2658894,963.7166704,281.101515,0.0,0.0,0.0,34.0824,0.000365674,0.0,0.0,0.0,6.62e-06,0.0,0.0,0.0,0.0,0.003764991,0.00011,0.0,0.0,0.0,0.0,0.0,0.0,0.0,0.0,0.0,0.0,0.0,0.0,0.0,0.0,0.0,0.0,0.0,0.0,0.0,0.0,0.0,0.0,0.0,0.0,3.53e-05,0.024999914,0.0,457.0,5.299997818,6.91276128,4.799999964,0.00444657,0.0,0.0
1909,299.6751347,969.0345705,281.4475812,0.0,0.0,0.0,34.0874,0.000368214,0.0,0.0,0.0,6.66e-06,0.0,0.0,0.0,0.0,0.00433499,0.000125,0.0,0.0,0.0,0.0,0.0,0.0,0.0,0.0,0.0,0.0,0.0,0.0,0.0,0.0,0.0,0.0,0.0,0.0,0.0,0.0,0.0,0.0,0.0,0.0,3.56e-05,0.025073378,0.0,457.0,5.299997818,6.91276128,4.799999961,0.00444657,0.0,0.0
1910,300.107378,974.4281542,281.8186718,0.0,0.0,0.0,34.0983,0.000370753,0.0,0.0,0.0,6.71e-06,0.0,0.0,0.0,0.0,0.00560999,0.00016,0.0,0.0,0.0,0.0,0.0,0.0,0.0,0.0,0.0,0.0,0.0,0.0,0.0,0.0,0.0,0.0,0.0,0.0,0.0,0.0,0.0,0.0,0.0,0.0,3.58e-05,0.025329282,0.0,457.0,5.299997818,6.91276128,4.799999937,0.00444657,0.0,0.0
1911,300.5506469,979.1112276,282.2327311,0.0,0.0,0.0,34.1146,0.000373293,0.0,0.0,0.0,6.76e-06,0.0,0.0,0.0,0.0,0.007499989,0.00021,0.0,0.0,0.0,0.0,0.0,0.0,0.0,0.0,0.0,0.0,0.0,0.0,0.0,0.0,0.0,0.0,0.0,0.0,0.0,0.0,0.0,0.0,0.0,0.0,3.61e-05,0.081247234,0.0,457.0,5.299997818,6.91276128,4.799999945,0.00444657,0.0,0.0
1912,301.0659941,983.2565812,282.5378122,0.0,0.0,0.0,34.1298,0.000375832,0.0,0.0,0.0,6.8e-06,0.0,0.0,0.0,0.0,0.009259988,0.000265,0.0,0.0,0.0,0.0,0.0,0.0,0.0,0.0,0.0,0.0,0.0,0.0,0.0,0.0,0.0,0.0,0.0,0.0,0.0,0.0,0.0,0.0,0.0,0.0,3.63e-05,0.100000089,0.0,457.0,5.299997818,6.91276128,4.799999903,0.00444657,0.0,0.0
1913,301.6143569,985.8979066,282.8878762,0.0,0.0,0.0,34.1498,0.000378371,0.0,0.0,0.0,6.85e-06,0.0,0.0,0.0,0.0,0.011569988,0.00033,0.0,0.0,0.0,0.0,0.0,0.0,0.0,0.0,0.0,0.0,0.0,0.0,0.0,0.0,0.0,0.0,0.0,0.0,0.0,0.0,0.0,0.0,0.0,0.0,3.66e-05,0.116667017,0.0,457.0,5.299997818,6.91276128,4.799999937,0.00444657,0.0,0.0
1914,302.114647,988.2713486,283.248957,0.0,0.0,0.0,34.1715,0.000380911,0.0,0.0,0.0,6.89e-06,0.0,0.0,0.0,0.0,0.014084987,0.0004,0.0,0.0,0.0,0.0,0.0,0.0,0.0,0.0,0.0,0.0,0.0,0.0,0.0,0.0,0.0,0.0,0.0,0.0,0.0,0.0,0.0,0.0,0.0,0.0,3.68e-05,0.193330538,0.0,457.0,5.299997818,6.91276128,4.799999853,0.00444657,0.0,0.0
1915,302.6239775,991.1263581,283.5870581,0.0,0.0,0.0,34.194,0.00038345,0.0,0.0,0.0,6.94e-06,0.0,0.0,0.0,0.0,0.016684986,0.000475,0.0,0.0,0.0,0.0,0.0,0.0,0.0,0.0,0.0,0.0,0.0,0.0,0.0,0.0,0.0,0.0,0.0,0.0,0.0,0.0,0.0,0.0,0.0,0.0,3.71e-05,0.316559707,0.0,457.0,5.299997817,6.91276128,4.799999953,0.00444657,0.0,0.0
1916,303.1633305,998.1240067,283.8591192,0.0,0.0,0.0,34.2198,0.00038599,0.0,0.0,0.0,6.99e-06,0.0,0.0,0.0,0.0,0.019669986,0.00056,0.0,0.0,0.0,0.0,0.0,0.0,0.0,0.0,0.0,0.0,0.0,0.0,0.0,0.0,0.0,0.0,0.0,0.0,0.0,0.0,0.0,0.0,0.0,0.0,3.73e-05,0.52065248,0.0,457.0,5.299997818,6.91276128,4.799999761,0.00444657,0.0,0.0
1917,303.6806629,1003.245557,284.1692051,0.0,0.0,0.0,34.2564,0.000388529,0.0,0.0,0.0,7.03e-06,0.0,0.0,0.0,0.0,0.023924985,0.00068,0.0,0.0,0.0,0.0,0.0,0.0,0.0,0.0,0.0,0.0,0.0,0.0,0.0,0.0,0.0,0.0,0.0,0.0,0.0,0.0,0.0,0.0,0.0,0.0,3.76e-05,0.756340641,0.0,457.0,5.299997817,6.91276128,4.800000039,0.00444657,0.0,0.0
1918,304.1099131,1009.810283,284.3662845,0.0,0.0,0.0,34.2975,0.000391068,0.0,0.0,0.0,7.08e-06,0.0,0.0,0.0,0.0,0.028689984,0.000815,0.0,0.0,0.0,0.0,0.0,0.0,0.0,0.0,0.0,0.0,0.0,0.0,0.0,0.0,0.0,0.0,0.0,0.0,0.0,0.0,0.0,0.0,0.0,0.0,3.78e-05,0.927673729,0.0,457.0,5.299997819,6.91276128,4.799999546,0.00444657,0.0,0.0
1919,304.4661381,1017.315073,284.4193514,0.0,0.0,0.0,34.3387,0.000393608,0.0,0.0,0.0,7.12e-06,0.0,0.0,0.0,0.0,0.033434983,0.00095,0.0,0.0,0.0,0.0,0.0,0.0,0.0,0.0,0.0,0.0,0.0,0.0,0.0,0.0,0.0,0.0,0.0,0.0,0.0,0.0,0.0,0.0,0.0,0.0,3.81e-05,1.08436435,0.0,457.0,5.299997816,6.91276128,4.800000323,0.00444657,0.0,0.0
1920,304.8894022,1024.759865,284.5044312,0.0,0.0,0.0,34.3758,0.000396147,0.0,0.0,0.0,7.17e-06,0.0,0.0,0.0,0.0,0.037704983,0.00107,0.0,0.0,0.0,0.0,0.0,0.0,0.0,0.0,0.0,0.0,0.0,0.0,0.0,0.0,0.0,0.0,0.0,0.0,0.0,0.0,0.0,0.0,0.0,0.0,3.83e-05,1.176037726,0.0,457.0,5.299997821,6.91276128,4.799999287,0.00444657,0.0,0.0
1921,305.2345711,1031.89472,284.621524,0.0,0.0,0.0,34.41469996,0.000398687,0.0,0.0,0.0,7.22e-06,0.0,0.0,0.0,0.0,0.042184982,0.0012,0.0,0.0,0.0,0.0,0.0,0.0,0.0,0.0,0.0,0.0,0.0,0.0,0.0,0.0,0.0,0.0,0.0,0.0,0.0,0.0,0.0,0.0,0.0,0.0,3.85e-05,1.241669521,0.0,457.0,5.299997812,6.91276128,4.803525526,0.00444657,0.0,0.0
1922,305.5707608,1038.799473,284.7595824,0.0,0.0,0.0,34.43009973,0.000401226,0.0,0.0,0.0,7.26e-06,0.0,0.0,0.0,0.0,0.043894981,0.00125,0.0,0.0,0.0,0.0,0.0,0.0,0.0,0.0,0.0,0.0,0.0,0.0,0.001,0.0,0.0,0.0,0.0,0.0,0.0,0.0,0.0,0.0,0.0,0.0,3.88e-05,1.388885518,0.0,457.0,5.299997827,6.91276128,4.813409467,0.00444657,0.0,0.0
1923,305.8879535,1044.834231,285.0636564,0.0,0.0,0.0,34.45719965,0.000403766,0.0,0.0,0.0,7.31e-06,0.0,0.0,0.0,0.0,0.04700498,0.001335,0.0,0.0,0.0,0.0,0.0,0.0,0.0,0.0,0.0,0.0,0.0,0.0,0.001,0.0,0.0,0.0,0.0,0.0,0.0,0.0,0.0,0.0,0.0,0.0,3.9e-05,1.624991601,0.0,457.0,5.2999978,6.91276128,4.828584377,0.00444657,0.0,0.0
1924,306.2381313,1049.159028,285.2087338,0.0,0.0,0.0,34.50569963,0.000406305,0.0,0.0,0.0,7.35e-06,0.0,0.0,0.0,0.0,0.052589979,0.001495,0.0,0.0,0.0,0.0,0.0,0.0,0.0,0.0,0.0,0.0,0.0,0.0,0.002,0.0,0.0,0.0,0.0,0.0,0.0,0.0,0.0,0.0,0.0,0.0,3.93e-05,1.845954342,0.0,457.0,5.299997849,6.91276128,4.847969049,0.00444657,0.0,0.0
1925,306.4122057,1051.87384,285.2628078,0.0,0.0,0.0,34.56059961,0.000408844,0.0,0.0,0.0,7.4e-06,0.0,0.0,0.0,0.0,0.058854977,0.001675,0.0,0.0,0.0,0.0,0.0,0.0,0.0,0.0,0.0,0.0,0.0,0.0,0.003,0.0,0.0,0.0,0.0,0.0,0.0,0.0,0.0,0.0,0.0,0.0,3.95e-05,2.116421506,0.0,457.0,5.299997758,6.912761281,4.87049985,0.00444657,0.0,0.0
1926,306.5442242,1053.318754,285.3098933,0.0,0.0,0.0,34.61619959,0.000411384,0.0,0.0,0.0,7.45e-06,0.0,0.0,0.0,0.0,0.065164976,0.001855,0.0,0.0,0.0,0.0,0.0,0.0,0.0,0.0,0.0,0.0,0.0,0.0,0.005,0.0,0.0,0.0,0.0,0.0,0.0,0.0,0.0,0.0,0.0,0.0,3.98e-05,2.460367273,0.0,457.0,5.299997931,6.912761279,4.895096524,0.00444657,0.0,0.0
1927,306.7583082,1055.494015,285.3649743,0.0,0.0,0.0,34.67679956,0.000413923,0.0,0.0,0.0,7.49e-06,0.0,0.0,0.0,0.0,0.072019975,0.00205,0.0,0.0,0.0,0.0,0.0,0.0,0.0,0.0,0.0,0.0,0.0,0.0,0.006,0.0,0.0,0.0,0.0,0.0,0.0,0.0,0.0,0.0,0.0,0.0,4e-05,2.694285727,0.0,457.0,5.299997598,6.912761282,4.920687476,0.00444657,0.0,0.0
1928,306.9013523,1060.368739,285.4650383,0.0,0.0,0.0,34.74499954,0.000416463,0.0,0.0,0.0,7.54e-06,0.0,0.0,0.0,0.0,0.079704974,0.00227,0.0,0.0,0.0,0.0,0.0,0.0,0.0,0.0,0.0,0.0,0.0,0.0,0.008,0.0,0.0,0.0,0.0,0.0,0.0,0.0,0.0,0.0,0.0,0.0,4.03e-05,3.02649054,0.0,457.0,5.29999825,6.912761276,4.94619993,0.00444657,0.0,0.0
1929,307.0584149,1066.393609,285.5301292,0.0,0.000838775,0.0,34.82519952,0.000419002,0.0,0.0,0.0,7.58e-06,0.0,0.0,0.0,0.0,0.088704972,0.00253,0.0,0.0,0.0,0.0,0.0,0.0,0.0,0.0,0.0,0.0,0.0,0.0,0.009,0.0,0.0,0.0,0.0,0.0,0.0,0.0,0.0,0.0,0.0,0.0,4.05e-05,3.517713635,0.0,457.0,5.299996972,6.912761288,4.970571346,0.00444657,0.0,0.0
1930,307.1744296,1072.378196,285.5842032,0.0,0.005108676,0.0,34.90929949,0.000421541,0.0,0.0,0.0,7.63e-06,0.0,0.0,0.0,0.0,0.098079971,0.002805,0.0,0.0,0.0,0.0,0.0,0.0,0.0,0.0,0.0,0.001314997,0.0,0.0,0.011,0.0,0.0,0.0,0.0,0.0,0.0,0.0,0.0,0.0,0.0,0.0,4.08e-05,4.063463936,0.0,457.0,5.299999025,6.912761265,4.992711185,0.00444657,0.0,0.0
1931,307.3675009,1077.233145,285.7772847,0.0,0.001377563,0.0,34.98659947,0.000424081,0.0,0.0,0.0,7.68e-06,0.0,0.0,0.0,0.0,0.106624969,0.00305,0.0,0.0,0.0,0.0,0.0,0.0,0.0,0.0,0.0,0.021151568,0.0,0.0,0.013,0.0,0.0,0.0,0.0,0.0,0.0,0.0,0.0,0.0,0.0,0.0,4.1e-05,4.7029781,0.0,457.0,5.306650862,6.912761311,5.014263084,0.00444657,0.0,0.0
1932,307.629627,1081.707966,285.8823536,0.0,0.000661664,0.0,35.04279944,0.00042662,0.0,0.0,0.0,7.72e-06,0.0,0.0,0.0,0.0,0.112749968,0.00323,0.0,0.0,0.0,0.0,0.0,0.0,0.0,0.0,0.0,0.074997452,0.0,0.0,0.015,0.0,0.0,0.0,0.0,0.0,0.0,0.0,0.0,0.0,0.0,0.0,4.13e-05,5.29421339,0.0,456.9999999,5.338305336,6.912761217,5.036628813,0.00444657,0.0,0.0
1933,307.9297775,1086.292895,286.0384173,0.0,0.000719201,0.0,35.07669941,0.00042916,0.0,0.0,0.0,7.77e-06,0.0,0.0,0.0,0.0,0.116369966,0.00334,0.0,0.0,0.0,0.0,0.0,0.0,0.0,0.0,0.0,0.124997953,0.0,0.0,0.017,0.0,0.0,0.0,0.0,0.0,0.0,0.0,0.0,0.0,0.0,0.0,4.15e-05,5.937420767,0.0,457.0000001,5.37997853,6.912761412,5.060059339,0.004446569,0.0,0.0
1934,308.3039916,1091.527726,286.1415026,0.0,0.000781741,0.0,35.11159938,0.000431699,0.0,0.0,0.0,7.81e-06,0.0,0.0,0.0,0.0,0.120129964,0.00345,0.0,0.0,0.0,0.0,0.0,0.0,0.0,0.0,0.0,0.174997895,0.0,0.0,0.02,0.0,0.0,0.0,0.0,0.000761762,0.0,0.0,0.0,0.0,0.0,0.0,4.18e-05,6.67979854,0.0,456.9999997,5.419978718,6.912760998,5.08417752,0.004446572,0.0,0.0
1935,308.7372733,1096.842392,286.2685746,0.0,0.000849719,0.0,35.15789934,0.000434238,0.0,0.0,0.0,7.86e-06,0.0,0.0,0.0,0.0,0.125109962,0.0036,0.0,0.0,0.0,0.0,0.0,0.0,0.0,0.0,0.0,0.224997905,0.0,0.0,0.022,0.0,0.0,0.0,0.0,0.019080033,0.0,0.0,0.0,0.0,0.0,0.0,4.2e-05,7.595823196,0.0,457.0000006,5.459979389,6.912761891,5.109822653,0.004446566,0.0,0.0
1936,309.513813,1101.597486,286.4356552,0.0,0.000923609,0.0,35.23359931,0.000436778,0.0,0.0,0.0,7.91e-06,0.0,0.0,0.0,0.0,0.13321496,0.003845,0.0,0.0,0.0,0.0,0.0,0.0,0.0,0.0,0.0,0.274997908,0.0,0.0,0.024,0.0,0.0,0.0,0.0,0.079322331,0.0,0.0,0.0,0.0,0.0,0.0,4.23e-05,8.761372126,0.0,456.9999987,5.499979962,6.912759935,5.136405111,0.004446579,0.0,0.0
1937,310.2573066,1106.091961,286.6467421,0.0,0.001003923,0.0,35.33639927,0.000439317,0.0,0.0,0.0,7.95e-06,0.0,0.0,0.0,0.0,0.144079958,0.004175,0.0,0.0,0.0,0.0,0.0,0.0,0.0,0.0,0.0,0.32499791,0.0,0.0,0.026,0.0,0.0,0.0,0.0,0.140004524,0.0,0.0,0.0,0.0,0.0,0.0,4.25e-05,10.0249596,0.0,457.0000029,5.53998056,6.912764285,5.164170586,0.004446548,0.0,0.0
1938,310.77864,1110.407603,286.8938093,0.0,0.001091222,0.0,35.46979924,0.000441857,0.0,0.0,0.0,8e-06,0.0,0.0,0.0,0.0,0.158039956,0.004605,0.0,0.0,0.0,0.0,0.0,0.0,0.0,0.0,0.0,0.374997915,0.0,0.0,0.028,0.0,0.0,0.0,0.0,0.200004306,0.0,0.0,0.0,0.0,0.0,0.0,4.27e-05,11.26616316,0.0,456.9999934,5.579981152,6.912754462,5.193351853,0.00444662,0.0,0.0
1939,311.3270028,1116.691384,287.0969006,0.0,0.001186112,0.0,35.6214992,0.000444396,0.0,0.0,0.0,8.04e-06,0.0,0.0,0.0,0.0,0.173689954,0.005095,0.0,0.0,0.0,0.0,0.0,0.0,0.0,0.0,0.0,0.424997916,0.000443772,0.0,0.03,0.0,0.0,0.0,0.0,0.260004537,0.0,0.0,0.0,0.0,0.0,0.0,4.3e-05,12.57576191,0.0,457.0000152,5.619981745,6.912776968,5.22413261,0.004446448,0.0,0.0
1940,311.8242999,1119.906806,287.3359721,0.0,0.001289256,0.0,35.80499915,0.000446935,0.0,0.0,0.0,8.09e-06,0.0,0.0,0.0,0.0,0.192399951,0.00569,0.0,0.0,0.0,0.0,0.0,0.0,0.0,0.0,0.0,0.474997921,0.009225912,0.0,0.032,0.0,0.0,0.0,0.0,0.320004246,0.0,0.0,0.0,0.0,0.0,0.0,4.32e-05,14.09085474,0.0,456.9999642,5.659982338,6.91272609,5.256569745,0.004446994,0.0,0.0
1941,312.2695845,1123.031896,287.5880442,0.0,0.001401384,0.0,35.99129911,0.000449475,0.0,0.0,0.0,8.14e-06,0.0,0.0,0.0,0.0,0.211069949,0.00629,0.0,0.0,0.0,0.0,0.0,0.0,0.0,0.0,0.0,0.524997922,0.048158331,0.0,0.033,0.0,0.0,0.0,0.0,0.380004601,0.0,0.0,0.0,0.0,0.0,0.0,4.35e-05,15.87214917,0.0,457.0000864,5.699982931,6.923158517,5.290311208,0.012151916,0.0,0.0
1942,312.621778,1127.986454,287.8691384,0.0,0.001523267,0.0,36.23889906,0.000452014,0.0,0.0,0.0,8.18e-06,0.0,0.0,0.0,0.0,0.235624951,0.0071,0.0,0.0,0.0,0.0,0.0,0.0,0.0,0.0,0.0,0.574997928,0.112600847,0.0,0.035,0.0,0.0,0.0,0.0,0.440004135,0.0,0.0,0.0,0.0,0.0,0.0,4.37e-05,18.12043035,0.0,456.9997406,5.739983524,6.954429555,5.325883423,0.01866485,0.0,0.0
1943,312.8308837,1132.461276,288.5191902,0.0,0.001655751,0.0,36.56109901,0.000454554,0.0,0.0,0.0,8.23e-06,0.0,0.0,0.0,0.0,0.267039953,0.00816,0.0,0.0,0.0,0.0,0.0,0.0,0.0,0.0,0.0,0.624997927,0.202455463,0.0,0.036,0.0,0.0,0.0,0.0,0.500004738,0.0,0.0,0.0,0.0,0.0,0.0,4.4e-05,20.7941189,0.0,457.9320007,5.779984118,7.005844808,5.363471562,0.023900682,0.0,0.0
1944,312.8447975,1136.07599,288.7452918,0.0,0.001799757,0.0,36.99279896,0.000457093,0.0,0.0,0.0,8.27e-06,0.0,0.0,0.0,0.0,0.308314955,0.009595,0.0,0.0,0.0,0.0,0.0,0.0,0.0,0.0,0.019433657,0.674997936,0.317647079,0.0,0.037,0.0,0.0,0.0,0.0,0.560003915,0.0,0.0,0.0,0.0,0.0,0.0,4.42e-05,23.86478322,0.0,460.7425038,5.819984709,7.076577331,5.403075881,0.027877628,0.0,0.0
1945,312.8077067,1139.131133,288.9793585,0.0,0.001956287,0.0,37.29769891,0.000459632,0.0,0.0,0.0,8.32e-06,0.0,0.0,0.0,0.0,0.336379956,0.010605,0.0,0.0,0.0,0.0,0.0,0.0,0.0,0.004844145,0.421500216,0.724997931,0.458055694,0.0,0.038,0.0,0.0,0.0,0.0,0.620005041,0.0,0.0,0.0,0.0,0.0,0.0,4.45e-05,25.9042485,0.0,463.2436967,5.859985307,7.165842312,5.444616045,0.031010342,0.0,0.0
1946,312.8036314,1143.476194,289.1864171,0.0,0.002126432,0.0,37.39169885,0.000462172,0.0,0.0,0.0,8.37e-06,0.0,0.0,0.0,0.0,0.344264958,0.010915,0.0,0.0,0.0,0.0,0.0,0.0,0.0,0.083372289,1.635710668,0.774997946,0.62355431,0.0,0.039,0.0,0.0,0.0,0.0,0.680003438,0.0,0.0,0.0,0.0,0.0,0.0,4.47e-05,27.50475671,0.0,465.7432892,5.899985886,7.272848933,5.488611147,0.032291698,0.0,0.0
1947,312.8906009,1149.460781,289.2775089,0.0,0.002311375,0.0,37.50009879,0.000464711,0.0,0.0,0.0,8.41e-06,0.0,0.0,0.0,0.0,0.353654959,0.011285,0.0,0.0,0.0,0.0,0.0,0.0,0.0,0.300011043,2.835014025,0.824997931,0.814011926,0.0,0.039,0.0,0.0,0.0,0.0,0.740005749,0.0,0.0,0.0,0.0,0.0,0.0,4.5e-05,29.07856107,0.0,468.2434297,5.939986517,7.396803249,5.535006802,0.032812487,0.0,0.0
1948,312.9165481,1155.4555,289.3295993,0.0,0.002512403,0.0,37.67049873,0.000467251,0.0,0.0,0.0,8.46e-06,0.0,0.0,0.0,0.0,0.368314959,0.01187,0.0,0.0,0.0,0.0,0.0,0.0,0.0,0.500013009,4.025014262,0.874997961,1.031654541,0.0,0.039,0.0,0.0,0.0,0.0,0.800002308,0.0,0.0,0.0,0.0,0.0,0.0,4.52e-05,31.0411432,0.0,470.7433789,5.979987009,7.53691753,5.583762173,0.032833278,0.0,0.0
1949,313.0185442,1160.180199,289.3786684,0.0,0.002730915,0.000274774,37.85519866,0.00046979,0.0,0.0,0.0,8.5e-06,0.0,0.0,0.0,0.0,0.38362496,0.012515,0.0,0.0,0.0,0.0,0.0,0.0,0.0,0.700011972,5.215013001,0.924997922,1.251817253,0.0,0.039,0.0,0.0,0.0,0.0,0.860007608,0.0,0.0,0.0,0.0,0.0,0.0,4.55e-05,33.1923367,0.0,473.2434019,6.019987886,7.692389308,5.635348518,0.032095154,0.0,0.0
1950,313.1986353,1163.655631,289.5267365,0.0,0.003054188,0.001923504,38.02389859,0.000472329,0.0,0.0,0.0,8.55e-06,0.0,0.0,0.0,0.0,0.39696996,0.013105,0.0,0.0,0.0,0.0,0.0,0.0,0.0,0.893881845,6.38225718,0.974997986,1.482466436,0.0,0.039,0.0,0.0,0.0,0.0,0.927500591,0.0,0.0,0.0,0.0,0.0,0.0,4.57e-05,35.49983259,0.0,475.7314635,6.059987796,7.862438425,5.689751508,0.030305767,0.0,0.0
1951,313.3826968,1168.649984,289.6548156,0.0,0.006885135,0.00546686,38.20429851,0.000474869,0.0,0.0,0.0,8.6e-06,0.0,0.0,0.0,0.0,0.41064496,0.013745,0.0,0.0,0.0,0.0,0.0,0.0,0.0,1.146855532,7.775353189,1.02442798,1.734915871,0.0,0.039,0.0,0.0,0.0,0.0,0.934997703,0.0,0.0,0.0,0.0,0.0,0.0,4.6e-05,37.58082577,0.0,478.3116426,6.099990539,8.04626279,5.746818101,0.028203127,0.0,0.0
1952,313.7018748,1174.155689,289.8269011,0.0,0.020875124,0.014999348,38.40699844,0.000477408,0.0,0.0,0.0,8.64e-06,0.0,0.0,0.0,0.0,0.42523996,0.014465,0.0,0.0,0.0,0.0,0.0,0.0,0.0,1.554026657,9.444400434,1.079317696,1.984303843,0.0,0.039,0.0,0.0,0.0,0.0,0.92000026,0.0,0.0,0.0,0.0,0.0,0.0,4.62e-05,38.70689525,0.0,481.1606416,6.139426121,8.24306693,5.807778062,0.026776751,0.0,0.0
1953,314.0810977,1183.210223,290.1429685,0.0,0.04651179,0.024999434,38.61429835,0.000479948,0.0,0.0,0.0,8.69e-06,0.0,0.0,0.0,0.0,0.439209959,0.01521,0.0,0.0,0.0,0.0,0.0,0.0,0.0,2.12943667,11.21332526,1.138927608,2.239912168,0.0,0.039,0.0,0.0,0.0,0.0,0.926251683,0.0,0.0,0.0,0.0,0.0,0.0,4.65e-05,40.05176042,0.001163425,484.1764457,6.184987498,8.459376398,5.872754663,0.024952414,0.0,0.0
1954,314.4372922,1194.285142,290.3640347,0.0,0.082130702,0.034999388,38.84129827,0.000482487,0.0,0.0,0.0,8.73e-06,0.0,0.0,0.0,0.0,0.453484958,0.01602,0.0,0.0,0.0,0.0,0.0,0.0,0.0,2.86359643,13.20392792,1.207977056,2.494911856,0.0,0.039,0.0,0.0,0.0,0.0,0.963755778,0.0,0.0,0.0,0.0,0.0,0.0,4.67e-05,41.54246721,0.017432911,488.5088518,6.229988309,8.70284383,5.941914439,0.023499979,0.0,0.0
1955,314.7484682,1206.510207,290.6671321,0.0,0.127459914,0.044999436,39.07069818,0.000485026,0.0,0.0,0.0,8.78e-06,0.0,0.0,0.0,0.0,0.466714957,0.01683,0.0,0.0,0.0,0.0,0.0,0.0,0.0,3.767790832,15.43963218,1.293746353,2.74991219,0.0,0.039,0.0,0.0,0.0,0.0,1.053860108,0.0,0.0,0.0,0.0,0.0,0.0,4.69e-05,43.17295877,0.108080192,493.2549823,6.274988799,8.963726223,6.015554063,0.021999981,0.0,0.0
1956,315.0225972,1220.965009,291.0171961,0.0,0.182289027,0.054999379,39.30019808,0.000487566,0.0,0.0,0.0,8.83e-06,0.0,0.0,0.0,0.0,0.478794956,0.017625,0.0,0.0,0.0,0.0,0.0,0.0,0.0,4.900767459,18.00713838,1.388206119,3.006162921,0.0,0.039,0.0,0.0,0.0,0.0,1.186010383,0.0,0.0,0.0,0.0,0.0,0.0,4.72e-05,44.93925634,0.289042432,496.9596978,6.319989706,9.237827859,6.093146854,0.020458319,0.0,0.0
1957,315.3077517,1235.669201,291.3492852,0.0,0.246412139,0.06499945,39.52009798,0.000490105,0.0,0.0,0.0,8.87e-06,0.0,0.0,0.0,0.0,0.489309954,0.01836,0.0,0.0,0.0,0.0,0.0,0.0,0.0,6.23939735,20.97754012,1.497475396,3.249913385,0.0,0.039,0.0,0.0,0.0,0.0,1.346465378,0.0,0.0,0.0,0.0,0.0,0.0,4.74e-05,46.82995224,0.563670092,500.6978186,6.364989762,9.522201381,6.174787102,0.019499981,0.0,0.0
1958,315.6519433,1247.294291,291.6163414,0.0,0.319618251,0.074999357,39.71509787,0.000492645,0.0,0.0,0.0,8.92e-06,0.0,0.0,0.0,0.0,0.497734952,0.01897,0.0,0.0,0.0,0.0,0.0,0.0,0.0,7.567232603,24.18434009,1.627484466,3.496994845,0.0,0.039,0.0,0.0,0.0,0.0,1.584594542,0.0,0.0,0.0,0.0,0.0,0.0,4.77e-05,48.8399493,0.880146157,504.5039342,6.409992388,9.817557971,6.260036695,0.018499996,0.0,0.0
1959,316.1052298,1257.1988,291.8384452,0.0,0.401699364,0.084999482,39.90489776,0.000495184,0.0,0.0,0.0,8.96e-06,0.0,0.0,0.0,0.0,0.50523995,0.01953,0.0,0.0,0.0,0.0,0.0,0.0,0.0,8.797124084,27.60905121,1.777483687,3.726592113,0.0,0.041,0.0,0.0,0.0,0.0,1.906034764,0.0,0.0,0.0,0.0,0.0,0.0,4.79e-05,50.9711455,1.23860976,508.3637169,6.454298415,10.13043323,6.348478779,0.01749999,0.0,0.0
1960,316.9147851,1264.003455,292.1415121,0.0,0.492447476,0.094999392,40.11859765,0.000497724,0.0,0.0,0.0,9.01e-06,0.0,0.0,0.0,0.0,0.513094947,0.020105,1.13e-05,0.0,0.0,0.0,0.0,0.0,0.0,10.23712132,31.60535995,1.946942896,3.938670528,0.0,0.045,0.0,0.0,0.0,0.0,2.249406633,0.0,0.0,0.0,0.0,0.0,0.0,5.65e-05,53.21124303,1.701523037,512.232841,6.504989128,10.45914598,6.43975375,0.016499992,1.21e-06,6.98e-06
1961,317.5802141,1269.349981,292.4675892,0.0,0.591652588,0.109999035,40.34249752,0.000500263,0.0,0.0,0.0,9.05e-06,0.0,0.0,0.0,0.0,0.520729945,0.02064,0.00173701,0.0,0.0,0.0,0.0,0.0,0.0,12.16785401,36.23666474,2.141221818,4.163667125,0.0,0.053,0.0,0.0,0.0,0.0,2.637653884,0.0,0.0,0.0,0.0,0.0,0.0,0.000395681,55.56353954,2.179267275,516.0400788,6.554991816,10.79952545,6.533173975,0.015499992,9.69e-06,5.58e-05
1962,318.3167443,1282.464573,292.8176532,0.0,0.6991077,0.129998789,40.56609716,0.000502802,0.0,0.0,0.0,9.1e-06,0.0,0.0,0.0,0.0,0.527874942,0.021115,0.00677707,0.0,0.0,0.0,0.0,0.0,0.0,14.63989329,41.47677825,2.365680499,4.398663654,0.0,0.066,0.0,0.0,0.0,0.0,3.129154267,0.0,0.0,0.0,0.0,0.0,0.0,0.000919101,58.00743682,2.772260261,519.726474,6.604418453,11.15687459,6.628618193,0.01449999,1.94e-05,0.000111655
1963,318.9141264,1300.688662,293.2067492,0.0,0.814602813,0.154998346,40.80479573,0.000505342,0.0,0.0,0.0,9.15e-06,0.0,0.0,0.0,0.0,0.535164939,0.02157,0.0148637,0.0,0.0,0.0,0.0,0.0,0.0,17.71703305,47.60459269,2.625518996,4.635970328,0.000143319,0.085,0.0,0.0,0.0,0.0,3.753723801,0.0,0.0,0.0,0.0,0.0,0.0,0.001543204,60.50743685,3.511745083,523.243996,6.659987603,11.52505722,6.725567556,0.013499995,2.91e-05,0.000209542
1964,319.5885653,1317.273468,293.5718278,0.0,0.937929925,0.179998678,41.05469583,0.000507881,0.0,0.0,0.0,9.19e-06,0.0,0.0,0.0,0.0,0.542524935,0.02199,0.0257405,0.0,0.0,0.0,0.0,0.0,0.0,21.42167147,54.79980479,2.919597673,4.877437029,0.003477729,0.113,0.0,0.0,0.0,0.0,4.502781692,0.0,0.0,0.0,0.0,0.0,0.0,0.00230076,63.07753315,4.254168105,526.5386448,6.715564295,11.90180882,6.824531143,0.012499973,3.87e-05,0.000321819
1965,320.0628645,1330.968139,293.9388901,0.0,1.068882037,0.199998773,41.34249588,0.000510421,0.0,0.0,0.0,9.24e-06,0.0,0.0,0.0,0.0,0.550849931,0.022435,0.0391509,0.0,1.25e-05,0.0,0.0,2.06e-05,2.08e-05,25.70980002,63.02901486,3.257975677,5.13517362,0.019166272,0.15,0.0,0.0,0.0,0.0,5.391107508,0.0,0.0,0.0,0.0,0.0,0.0,0.003262468,65.62683475,5.182889401,529.5773614,6.764422173,12.28543228,6.925758941,0.011375026,5.61e-05,0.000459676
1966,321.1186469,1342.153165,294.3539565,0.0,1.20724215,0.21999896,41.65249588,0.00051296,0.0,0.0,0.0,9.28e-06,0.0,0.0,0.0,0.0,0.559774927,0.02289,0.0548384,0.0,0.000149648,0.0,0.0,0.000179161,0.000190599,30.50373394,72.24792998,3.653163197,5.413369552,0.039499384,0.195,0.0,0.0,0.0,0.0,6.472539754,0.0,0.0,0.0,0.0,0.0,0.0,0.004444035,68.07124025,6.633789983,532.3371009,6.819308157,12.67705464,7.028955336,0.010999986,0.000119217,0.001805521
1967,321.7100123,1354.189144,294.7680464,0.0,1.352812262,0.239998735,42.00469588,0.000515499,0.0,0.0,0.0,9.33e-06,0.0,0.0,0.0,0.0,0.570144923,0.0234,0.0725467,0.0,0.000414318,0.0,0.0,0.00038574,0.000428484,35.86647805,82.61014628,4.101901112,5.707025375,0.063713494,0.248,0.0,0.0,0.0,0.0,7.774255813,0.0,0.0,0.0,0.0,0.0,0.0,0.00594885,70.42624311,8.81561646,534.8238174,6.879989934,13.07116632,7.134127465,0.011131962,0.000223556,0.005476358
1968,322.6106429,1371.572901,295.1841199,0.0,1.505382374,0.269998018,42.41149588,0.000518039,0.0,0.0,0.0,9.38e-06,0.0,0.0,0.0,0.0,0.582704919,0.02399,0.0920193,2.89e-06,0.000813764,0.0,0.0,0.000619097,0.000720487,41.93913243,94.25966325,4.615648276,6.014501197,0.098729181,0.307,0.0,0.0,0.0,0.0,9.383843428,0.0,0.0,0.0,0.0,0.0,0.0,0.007807039,72.69054731,11.54927615,537.0335588,6.939991094,13.46686688,7.241467099,0.014528773,0.000360778,0.010674211
1969,323.4642393,1389.269036,295.6031841,0.0,1.664742487,0.29999837,42.86239594,0.000520578,1.22e-06,9.68e-06,0.0,9.42e-06,0.0,0.0,0.0,0.0,0.597669914,0.02467,0.113,2.31e-05,0.001363926,0.0,0.0,0.000887361,0.001058281,48.92260712,107.2891798,5.203845167,6.33414702,0.143262747,0.37,0.0,0.0,0.0,0.0,11.19163774,0.0,0.0,0.0,0.0,0.0,3.3e-05,0.010129108,74.86995058,14.64974034,538.9712391,6.999991582,13.86197915,7.351485772,0.02660746,0.000513466,0.016677814
1970,324.9883785,1411.032553,296.0272837,0.0,1.830672599,0.324998574,43.40139625,0.000523118,8.56e-06,6.79e-05,0.0,9.47e-06,2.86e-08,0.0,0.0,0.0,0.617444908,0.02553,0.135231,4.9e-05,0.002074985,0.0,0.0,0.001186963,0.001435363,56.95325518,121.6491897,5.88241123,6.664311913,0.203540499,0.436,0.0,0.0,0.0,0.0,13.09374699,0.0,0.001065175,0.0,0.0,0.0,0.000236974,0.012998711,76.96995385,17.68018514,540.66486,7.059993495,14.25530305,7.463809704,0.04295516,0.000788676,0.022781516
1971,325.5967862,1431.057912,296.4583414,0.0,2.002982711,0.354998112,44.0078961,0.000525657,1.01e-05,7.89e-05,0.0,0.0006875,5.14e-05,0.0,8.59e-05,0.0,0.6424449,0.026565,0.158458,0.000303751,0.00292898,0.0,0.0,0.00151426,0.001846186,65.84650854,137.1382049,6.660777093,7.004381234,0.274415233,0.503,0.0,0.0,0.0,0.0,15.12005536,0.0,0.021073127,0.0,0.0,0.0,0.000295589,0.016469326,78.98995712,20.81547785,542.1264454,7.119412277,14.64593638,7.579107158,0.061202233,0.003391636,0.029181621
1972,327.5382469,1449.23183,296.8984322,0.0,2.181452823,0.389997878,44.68869589,0.000528196,1.04e-05,8.04e-05,0.0,0.0025,0.000187031,0.0,0.0003125,0.0,0.67407489,0.027815,0.182423,0.00114133,0.00390667,0.0,0.0,0.001867542,0.002300143,75.67088768,153.856226,7.553642207,7.356679625,0.348219917,0.573,0.0,0.0,0.0,0.0,17.35239005,0.0,0.069999842,0.0,0.0,0.0,0.000235578,0.0205848,80.9293605,24.91669802,543.3849343,7.184317335,15.03268314,7.698347431,0.081566239,0.010107177,0.036613825
1973,330.0911828,1462.80736,297.3495094,0.0,2.365882936,0.424998011,45.45469555,0.000530736,1.07e-05,8.18e-05,0.0,0.0050625,0.000378738,0.0,0.000632813,0.0,0.713879879,0.02935,0.20687,0.002472,0.0049981,0.0,0.0,0.002245108,0.002788735,86.87261649,172.25726,8.576456757,7.723948017,0.438013555,0.645,0.0,0.0,0.0,0.0,19.92769459,0.0,0.114999842,0.0,0.0,0.0,0.000169163,0.025345894,82.79306371,30.32583647,544.4634017,7.255663538,15.41453877,7.820893743,0.107531536,0.020921595,0.04518213
1974,330.9297527,1476.092362,297.81258,0.0,2.556043048,0.459997921,46.34259529,0.000533275,1.1e-05,8.33e-05,0.0,0.008,0.0005985,0.0,0.001,0.0,0.764989869,0.03132,0.231542,0.004224,0.00619347,0.0,0.0,0.002645259,0.003296887,99.53890268,192.5642491,9.748060452,8.108936408,0.543196139,0.72,0.0,0.0,0.0,0.0,22.52558277,0.0,0.161269842,0.0,0.0,0.0,9.78e-05,0.030775486,84.59316609,36.76850455,545.3698231,7.319503661,15.79050592,7.947181821,0.146534775,0.034983893,0.054990735
1975,330.9917391,1491.69731,298.2906652,0.0,2.75175316,0.499997611,47.35769548,0.000535815,1.14e-05,8.64e-05,2.82e-06,0.0109375,0.000818262,0.0,0.00136719,0.0,0.828489873,0.033995,0.256183,0.00633333,0.00748299,0.0,0.0,0.003066367,0.003817782,112.331764,213.2352218,11.09574286,8.514406523,0.661696679,0.798,0.0,0.0,0.0,0.0,25.1791244,0.0,0.194999843,0.0,0.0,0.0,8.32e-05,0.036913378,86.32876873,42.72001613,546.1371378,7.389227279,16.1594846,8.078148598,0.203307822,0.051680791,0.066143439
1976,331.7012093,1509.072156,298.7857487,0.0,2.952783273,0.544380327,48.27609537,0.000538354,1.17e-05,0.007432716,2.25e-05,0.0135,0.00100997,0.0,0.0016875,0.0,0.887209869,0.036665,0.280537,0.008736,0.00885687,0.0,0.0,0.003521662,0.004344617,124.7307475,232.9972202,12.63643535,8.955106976,0.81180818,0.876,0.0,0.0,0.0,0.0,28.19611552,0.0,0.229999843,0.0,0.0,0.0,0.00036369,0.043801869,87.99307184,49.04176908,546.791424,7.465574264,16.52037435,8.213740022,0.277511982,0.087156987,0.080355144
1977,333.5015369,1527.646953,299.2978,0.0,3.158943385,0.594551172,49.29249505,0.000540893,1.2e-05,0.026895796,4.51e-05,0.0153125,0.00114557,0.0,0.00191406,0.0,0.949079861,0.039815,0.304347,0.011368,0.0103053,0.0,0.0,0.004007299,0.004870567,136.7956981,251.9942055,14.47871704,9.431879153,0.983641675,0.955,0.0,0.0,0.0,0.0,31.40779854,0.0,0.264999843,0.0,0.0,0.0,0.00499715,0.051483361,89.5924745,57.53721462,547.3396889,7.534413864,16.87217461,8.354130636,0.369696973,0.150426983,0.098297148
1978,335.1507748,1546.861765,299.8308779,0.0,3.370003503,0.659995732,50.43949489,0.000543433,1.24e-05,0.054136695,6.76e-05,0.016,0.001197,0.0,0.002,0.0,1.021159854,0.043615,0.327356,0.0141653,0.0118185,0.0,0.0,0.004511716,0.005388823,148.0045805,270.0011859,15.96304758,9.926631329,1.17364517,1.035,0.1015,0.0,0.02375,0.34666666,35.7235771,0.0,0.298729835,0.0,0.0,0.0,0.0,0.059999853,91.13187645,68.57340068,547.7978985,7.609319153,17.21378637,8.499481203,0.47630767,0.230200978,0.118508053
1979,336.85,1566.136635,300.385959,0.0,3.583,0.769992632,51.55739484,0.000545972,0.05,0.084902694,9.01e-05,0.016,0.001197,0.0,0.001,0.0,1.094819846,0.047935,0.353214,0.017064,0.0133867,0.0,0.0,0.005032879,0.005892573,157.638472,286.4941585,17.68312701,10.42123351,1.378264665,1.117,0.109,0.0,0.02525,0.38299999,40.48909939,0.0,0.342519765,0.0,0.0,0.0,0.004,0.202499927,92.61308152,78.18179325,548.1820799,7.6899915,17.54420888,8.650031134,0.58937681,0.315191974,0.139529057
1980,338.91,1584.921393,301.062,0.15,3.919,0.858,53.464,0.026569216,0.109695,0.096,0.000112664,0.011,0.001197,0.0,5.11e-05,0.0,1.215,0.053255,0.380096,0.02,0.015,0.008,0.0,0.005595469,0.006382813,166.7915,303.96,20.16738843,10.13483333,1.75,1.202,0.1175,0.0,0.027,0.435,44.5514893,0.0,0.411785645,0.01395,0.0,0.0,0.003,0.345,93.83699295,85.92584,548.5012385,7.769993808,17.86224342,8.805940852,0.709716624,0.3775,0.146
1981,340.11,1602.636083,301.9035,0.297,4.263,0.975,54.612,0.036647194,0.13206,0.209,0.000135197,0.003,0.001197,0.0,0.000127619,0.0,1.296,0.059785,0.407822,0.024,0.0175,0.008,0.0,0.006560156,0.006901409,175.0235,320.77,23.25697322,10.59754167,2.01,1.294,0.1275,0.0,0.029,0.47816667,47.8873382,0.19441322,0.75285392,0.01581,0.0,0.0,0.003,0.382,95.40340254,91.5327,548.7653707,7.849401621,18.1670859,8.967849039,0.8755,0.45075,0.166
1982,340.85,1618.720889,303.075,0.339,4.602,1.102,55.605,0.065964949,0.07668,0.192,0.00015773,0.002,0.001197,0.0,0.000269655,3.74e-06,1.367,0.0664,0.437303,0.028,0.0205,0.008,0.0,0.0077625,0.007240499,183.227,337.32,27.428,11.04066667,2.29,1.393,0.1395,0.0,0.031,0.52133334,50.80920936,0.19741961,0.78180984,0.02418,0.0,0.0,0.004,0.405,96.54742098,95.8972,548.9834749,7.934991458,18.45744384,9.135039932,1.0105,0.5415,0.187
1983,342.53,1632.615266,303.6525,0.422,4.989,1.217,56.621,0.028401575,0.14271,0.191,0.000180262,0.011,0.001197,0.0,0.003,3.17e-05,1.44,0.071,0.469505,0.0325,0.0235,0.008,0.0,0.008971387,0.007240499,192.2615,354.42,30.069,11.586,2.6,1.505,0.1535,0.0,0.03325,0.55599999,53.92299159,0.18840044,0.79678704,0.02976,0.0,0.0,0.006,0.426,97.85530683,99.82525,549.1685519,8.019996365,18.73240864,9.30711047,1.1655,0.6475,0.2025
1984,344.07,1644.65,304.3415,0.305,5.413,1.341,57.688,0.029317755,0.116085,0.207,0.000202795,0.017,0.001197,0.0,0.005,7.4e-05,1.527,0.076,0.504943,0.0375,0.027,0.008,0.0,0.010525439,0.0077454,200.5335,370.36,34.274,12.17625,2.93,1.624,0.1705,0.0,0.03625,0.60600001,57.64767398,0.16935997,0.84271712,0.02976,0.0,0.0,0.008,0.465,99.17642421,104.464815,549.3226302,8.103740166,18.99078842,9.483822055,1.322,0.77625,0.224
1985,345.54,1657.26,304.8985,0.407,5.842,1.485,58.718,0.055886971,0.150165,0.239,0.002249685,0.017,0.001197,0.0,0.004,0.00011811,1.617,0.082,0.543629,0.043,0.0305,0.008,0.0,0.012607859,0.008102531,210.593,387.3,39.285,12.67108333,3.29,1.757,0.193,0.0,0.04,0.65600002,62.68358122,0.20343239,0.87267152,0.02976,0.0,0.0,0.009,0.526,100.4049209,108.498425,549.4526883,8.199989374,19.23167473,9.664215622,1.4775,0.92725,0.2455
1986,346.97,1670.07,305.809,0.422,6.284,1.646,59.71,0.034814834,0.14484,0.287,0.019787868,0.018,0.001197,0.0,0.001,0.00026037,1.707,0.089,0.642,0.0485,0.0345,0.016,0.0,0.0153,0.009501247,220.8765,406.23,44.473,13.33116667,3.68,1.908,0.2215,0.0,0.04425,0.69700003,68.79459236,0.25854954,0.97950888,0.03534,0.0,0.0,0.009,0.587,101.9774373,111.73526,549.5567533,8.294995167,19.45397577,9.847889606,1.65,1.11075,0.268
1987,348.68,1680.1285,306.011,0.359,6.72,1.81,60.716,0.020155957,0.14271,0.307,0.046362445,0.022,0.001197,0.0,0.003,0.00069046,1.796,0.096,0.674,0.054,0.038,0.016,0.0,0.01845,0.011,232.0905,426.44,50.738,14.04641667,4.1,2.059,0.254,0.0,0.049,0.741,73.23467099,0.23950907,0.98150584,0.0372,0.0,0.0,0.008,0.626,103.1784531,115.570945,549.646775,8.389330954,19.65658494,10.03627725,1.838,1.30925,0.287
1988,351.16,1692.913,306.7245,0.378,7.212,1.975,61.742,0.034814834,0.158685,0.365,0.081105674,0.02,0.001197,0.0,0.003000001,0.001493088,1.888,0.104,0.704,0.06,0.0425,0.024,0.0,0.02205,0.0135,242.834,449.06,57.725,14.6445,4.55,2.196,0.2895,0.0,0.0545,0.79900002,77.70790703,0.21946647,0.99947848,0.04092,0.0,0.0,0.008,0.657,104.2990619,120.832705,549.7208285,8.489993168,19.83841464,10.2391292,2.0275,1.50275,0.3125
1989,352.79,1706.6845,307.7825,0.419,7.765,2.153,62.787,0.054054611,0.158685,0.423,0.123860199,0.014,0.001197,0.0,0.003000001,0.002615397,1.981,0.111,0.732,0.0655,0.047,0.032,0.0,0.02565,0.016,251.562,468.0,64.395,15.14775,5.01,2.317,0.3285,0.0,0.06125,0.85100001,83.3758146,0.24552185,1.12428848,0.04371,0.0,0.0,0.008,0.673,105.471,124.92823,549.780857,8.589393769,19.99840982,10.35722586,2.223,1.684,0.3395
1990,354.06,1714.4015,308.71,0.461,8.315,2.349,63.818,0.046725173,0.12993,0.48,0.176202852,0.014,0.001197,0.0,0.005000002,0.004025665,2.073,0.118,0.758,0.071,0.0515,0.032,0.015,0.02925,0.019,258.094,483.15,70.637,15.59133333,5.46,2.422,0.3725,0.0,0.069,0.91000003,89.61342676,0.27658788,1.51968656,0.04929,0.0,0.0,0.009,0.676,106.1975,129.338405,549.8308517,8.694339761,20.15157459,10.32710571,2.44,1.85575,0.3675
1991,355.39,1727.8595,309.418,0.419,8.848,2.562,64.82,0.050389892,0.1704,0.535,0.298101426,0.041,0.001196999,0.0,0.008000002,0.005709253,2.163,0.126,0.783,0.077,0.056,0.04,0.0173,0.03375,0.022,262.5705,495.15,75.902,15.86841667,5.89,2.509,0.4205,0.0,0.077,0.93633336,95.66917555,0.25955167,2.28951464,0.05673,0.0,0.0,0.014,0.687,106.031,131.595765,549.871074,8.804992592,20.30894426,10.07128333,2.6485,2.0165,0.389
1992,356.09,1735.4915,309.945,0.357,9.397,2.773,65.673,0.06321641,0.124,0.56,0.42,0.034,0.001196999,0.0,0.005000003,0.007651571,2.249,0.135,0.806,0.0825,0.061,0.048,0.0196,0.03825,0.026,265.358,506.2,80.2175,16.04160119,6.29,2.585,0.4585,0.0,0.0845,0.95966667,101.285,0.28159853,3.2300828,0.06417,0.0,0.0,0.023,0.729,105.6625,132.8555,549.9049077,8.914994065,20.46313357,9.682167632,2.844666667,2.16575,0.4095
1993,356.83,1737.49,310.264,0.5175,10.001,2.984,66.459,0.043976633,0.163,0.6175,0.5,0.034,0.002393997,0.0,0.001066686,0.00983798,2.335,0.145,0.827,0.0885,0.066,0.056,0.0219,0.04185,0.03,266.732,513.25,82.3055,16.17533571,6.68,2.652,0.4785,0.0,0.09075,0.97100002,105.546,0.759,3.7975,0.0744,0.0,0.0,0.036,0.768,104.9105,127.0345,549.9418873,9.027161373,20.6062784,9.620109484,3.028333333,2.2905,0.4285
1994,358.33,1743.083,310.8115,0.958,10.623,3.207,67.199,0.039395734,0.2045,0.694,0.59,0.044,0.002393992,0.0,0.002012556,0.012253878,2.421,0.157,0.848,0.094,0.0705,0.064,0.0242,0.04635,0.0345,266.816,518.93,83.574,16.26689286,7.04,2.699,0.4885,0.0,0.13775,0.99114287,110.946,1.8905,5.0105,0.08835,0.0,0.0,0.051,0.804,104.0945,116.6995,545.3847258,9.131617577,20.73100942,9.59375446,3.240333333,2.3955,0.446
1995,360.17,1748.095,311.415,1.8325,11.29,3.4525,67.943,0.06504877,0.2785,0.8235,0.69,0.045,0.004787988,0.0,0.004000004,0.014884676,2.514,0.171,0.869,0.1,0.0755,0.072,0.0265,0.0504,0.039,265.639,525.48,83.767,16.3126,7.36,2.732,0.493,0.0,0.228,1.0134,116.0595,3.514,6.2245,0.09486,0.0,0.0,0.068,0.851,103.313,104.623,550.3866608,8.945095411,20.82965994,9.532502191,3.416333333,2.486,0.4565
1996,361.93,1750.236,312.273,3.238,12.002,3.6935,68.69,0.108109223,0.4165,1.021,0.82,0.053,0.007181984,0.0,0.00201362,0.017715674,2.617,0.189,0.89,0.106,0.081,0.088,0.0288,0.05445,0.0435,264.709,531.1,83.789,16.34093819,7.61,2.751,0.494,0.0,0.28025,1.0132,121.483,5.434,7.2475,0.09858,0.0,0.0,0.087,0.906,102.246,91.1025,537.8095957,9.12911969,20.89438406,9.145689375,3.553,2.56475,0.4655
1997,363.04,1753.672,313.113,5.2725,12.769,3.924,69.416,0.052222252,0.609,1.284,0.96,0.066,0.009575981,0.0,0.004000424,0.020732272,2.733,0.209,0.911,0.112,0.0855,0.096,0.0311,0.0585,0.048,263.59,534.94,83.4685,16.36754861,7.8,2.773,0.493,0.0,0.29275,1.0195,125.952,7.3485,8.384,0.1023,0.0,0.0,0.106,0.943,101.277,77.4495,541.677942,9.06761459,20.91976881,8.538978167,3.722,2.63575,0.4735
1998,365.7,1764.065,313.8935,7.795,13.552,4.143,70.129,0.114522482,0.8875,1.6435,1.13,0.081,0.013166977,0.0,0.010000006,0.026339269,2.857,0.232,0.933,0.118,0.09,0.112,0.0334,0.0621,0.053,262.161,537.7,83.0605,16.38985764,7.95,2.796,0.4905,0.0,0.30525,1.0265555,131.5435,9.128,9.3585,0.10509,0.0,0.0,0.126,0.993,100.309,65.032,564.2266566,9.343854179,20.35929871,8.207030054,3.88,2.69875,0.4755
1999,367.8,1771.838,314.8905,10.8765,14.352,4.3555,70.819,0.158499115,1.1495,2.0245,1.34,0.094,0.016757973,4.15e-06,0.011000006,0.032415465,2.985,0.257,0.955,0.1245,0.0945,0.128,0.0357,0.0657,0.058,260.6795,540.14,82.606,16.4007691,8.07,2.815,0.487,0.075000003,0.318,1.0267777,136.7405,10.971,10.3355,0.11253,0.0,0.0,0.148,1.035,99.164,54.3435,556.4456139,9.066814633,20.44127846,8.16053329,4.0115,2.75825,0.4765
2000,368.96,1773.143,315.879,14.2175,15.172,4.557,71.492,0.209805187,1.473,2.449,1.57,0.113,0.02154597,0.015,0.01045,0.031,3.113,0.284,0.976,0.13,0.0985,0.136,0.038,0.06975,0.0625,259.1755,542.27,82.0955,16.39948326,8.16,2.829,0.4825,0.072999999,0.331,1.033,141.7585,12.6935,11.4325,0.11253,0.027,0.0,0.173,1.07,98.06,45.4425,547.4495706,9.091311479,20.03465831,7.522,4.1245,2.81875,0.4775
2001,370.56,1771.652,316.6235,17.7275,15.863,4.76,72.143,0.277602496,1.8655,2.923,1.82,0.141,0.026333966,0.006,0.0152,0.031,3.233,0.312,0.996,0.1365,0.103,0.152,0.0397,0.07335,0.067,257.5435,543.22,81.569,16.39205804,8.24,2.845,0.477,0.071999997,0.344,1.031625,147.677,14.15,12.4395,0.11532,0.029,0.0,0.2,1.108,97.077,37.8415,536.7120607,8.576789719,19.54157919,7.238,4.2045,2.87125,0.478
2002,372.58,1772.554,317.2715,21.5575,16.547,4.976,72.808,0.37838228,2.295,3.483,2.18,0.173,0.032318963,0.003,0.0247,0.038,3.351,0.342,1.018,0.1425,0.1065,0.16,0.0414,0.0765,0.071,255.602,543.71,80.8315,16.37635379,8.3,2.864,0.471,0.07,0.357,1.0275267,153.025,15.4775,13.2415,0.12462,0.032,0.0,0.231,1.16,96.04,31.53,539.1396699,8.206865617,21.38450099,7.19,4.2555,2.925325,0.477
2003,375.14,1776.7495,317.9825,25.7015,17.263,5.193,73.535,0.517641617,2.8145,4.0975,2.59,0.208,0.03830396,0.041,0.0589,0.054,3.464,0.371,1.041,0.1475,0.109,0.168,0.0431,0.0801,0.0745,253.47,543.54,80.09,16.39598214,8.33,2.883,0.4655,0.068000004,0.37025,1.0234286,158.1225,16.614,13.898,0.13671,0.035,0.0,0.267,1.227,95.073,26.3325,541.0224054,8.016321678,21.95576257,7.246,4.2905,2.9690375,0.4745
2004,376.95,1776.124,318.6375,29.996,18.111,5.4215,74.32914335,0.746922782,3.3655,4.8185,3.133,0.251,0.044288957,0.151,0.12255,0.072,3.570582529,0.402751286,1.065,0.152,0.112,0.176,0.0448,0.08325,0.077,251.466,543.09,79.245,16.39175,8.342767114,2.921192378,0.4605,0.067000002,0.384,1.027,162.9095,17.3305,14.5755,0.16368,0.038,1.25,0.309,1.303,94.086,21.885,543.1018605,7.940204259,21.63081623,7.134,4.327,3.03646784,0.483063006
2005,378.98,1774.142,319.3485,34.545,19.064,5.6465,75.01411034,1.085186468,3.965,5.6225,3.697,0.304,0.050273953,0.351,0.20805,0.093,3.666300975,0.431267798,1.092,0.156,0.114,0.184,0.0465,0.0864,0.08,249.4125,542.36,78.6515,16.287375,8.353477152,2.947212231,0.456,0.067000002,0.398,1.045,168.704,17.6755,15.1515,0.20367,0.042,1.3,0.358,1.353053258,93.1315,18.3015,541.2818276,8.035656878,22.70366573,7.123,4.345,3.064612404,0.481544373
2006,381.15,1774.364,320.1905,38.905,20.116,5.8855,75.67319051,1.452352888,4.6375,6.5385,4.365,0.365,0.061035146,0.604,0.3021,0.114,3.757080183,0.457259088,1.121,0.1595,0.116,0.192,0.0482,0.08955,0.0815,247.2355,540.83,78.0395,16.212875,8.359382856,2.970811812,0.453,0.066,0.40625,1.027,175.376,18.134,15.953,0.24738,0.048,1.32,0.415,1.42312015,92.0155,15.3025,535.6641151,7.806012526,22.91611083,7.134,4.331,3.0990453,0.476076298
2007,382.9,1781.2975,320.9415,43.309,21.025,6.159,76.38359118,1.910439938,5.4975,7.5045,5.111,0.43,0.065965966,0.82757818,0.3876,0.135,3.851328627,0.480394554,1.151,0.1625,0.1175,0.2,0.0499,0.0927,0.0835,245.1175,538.68,77.235,16.24075,8.361514856,2.98633059,0.451,0.066,0.4075,1.026,183.219,18.7855,16.9645,0.28644,0.058,1.35,0.481,1.479835445,90.8855,12.7845,544.0548098,7.65546331,24.11316232,7.358,4.2975,3.134196709,0.470898762
2008,385.02,1787.747,321.8485,47.8325,21.854,6.4445,77.08285124,2.414227218,6.492,8.592,5.6985,0.498,0.0739576,1.030346995,0.45695,0.157,3.937034999,0.501073375,1.184,0.165,0.1195,0.2,0.0516,0.0963,0.085,243.152,536.37,76.4975,16.3095,8.366536192,2.997932128,0.449,0.066,0.4075,1.036,191.3275,19.3495,18.135,0.29388,0.069,1.25,0.557,1.516373478,89.734,10.7325,544.6483917,7.428530413,26.4127293,7.271,4.249,3.164755999,0.466348986
2009,386.5,1792.6855,322.554,52.498,22.565,6.721,77.70766294,2.920893171,7.568,9.713,5.9145,0.574,0.082265499,1.188674878,0.538,0.177,4.011648689,0.519933572,1.22,0.1675,0.121,0.208,0.0533,0.099,0.086,241.271,533.85,75.8745,16.3385,8.372630784,3.013794072,0.444,0.066,0.41875,1.036,198.823,19.863,19.236,0.28644,0.079,1.15,0.64,1.567566977,88.446,9.020786058,537.7893917,7.201030784,26.1883814,7.067,4.186,3.17997261,0.46142242
2010,388.75,1797.9145,323.436,57.5405,23.251,7.0085,78.33096653,3.802985504,8.796,10.806,6.1595,0.655,0.089758073,1.342607293,0.546243598,0.195,4.08681507,0.53781859,1.259,0.1695,0.12,0.208,0.055,0.1026,0.087,239.371,530.9,75.218,16.32075,8.378628298,3.035457344,0.42,0.066,0.46,1.062,206.3155,20.467,20.42572665,0.31248,0.084,1.1,0.731,1.632397499,87.2965,7.546360724,539.6650607,7.141697844,29.34654771,7.273,4.121,3.20618614,0.45517251
2011,390.62,1803.326,324.446,62.735,24.052,7.3,79.00808769,4.705593196,10.289,12.004,6.5465,0.727434885,0.09784935,1.518414538,0.600455674,0.21297394,4.165762371,0.555087236,1.303,0.172,0.123,0.216,0.0564,0.1053,0.088,237.2865,528.27,74.5605,16.25275,8.389760262,3.061115438,0.417,0.066,0.495,1.04,213.165,21.3645,21.20119529,0.37665,0.09,1.08,0.828,1.710808611,86.1085,6.290252191,530.1242907,7.102980975,29.49461486,7.442,4.049,3.22458595,0.448215881
2012,392.65,1808.372,325.318,67.6015,24.956,7.5925,79.72364081,5.606571895,11.9125,13.297,6.714,0.809100986,0.108907221,1.704110079,0.661091597,0.22826577,4.24497119,0.571344807,1.349,0.1745,0.124,0.216,0.0578,0.108,0.089,235.2965,525.53,73.9195,16.1365,8.404081672,3.088965257,0.4285,0.064000003,0.54,1.062,218.643,22.3665,21.64276064,0.42129,0.093,1.07,0.93,1.801579021,84.9585,5.230838072,537.0896121,7.002802168,29.2996157,7.638,3.966,3.25754476,0.441603454
2013,395.4,1813.7645,326.2485,72.577,25.972,7.9115,80.44451558,6.869046664,13.7865,14.631,6.696,0.902756807,0.120478387,1.883229067,0.721464531,0.238648366,4.323591546,0.586858755,1.397,0.177,0.125,0.224,0.0592,0.1107,0.09,233.6075,522.48,73.2545,16.07775,8.41714207,3.116421312,0.4235,0.064000003,0.6,1.033,224.1585,23.2645,22.01567269,0.42129,0.092,1.05,1.039,1.906184712,83.892,4.353848369,536.6575269,6.865338952,35.04788413,7.933,3.8625,3.2805,0.434783331
2014,397.34,1822.923,327.3695,77.8155,27.037,8.2485,81.17002138,8.29658054,15.795,16.0115,6.556,1.003745155,0.131344877,2.051509137,0.785391296,0.245784139,4.403911122,0.601992873,1.447,0.1795,0.126,0.224,0.0606,0.1134,0.091,232.233,519.6,72.6435,16.05666667,8.435108594,3.139360477,0.42,0.067000002,0.64,1.027,229.082,23.8025,22.1390077,0.40083,0.083,1.03,1.159,2.011436598,82.781,3.640724083,539.5416064,6.713722174,35.30225433,8.493,3.763,3.297,0.427752022
2015,399.65,1834.0055,328.3025,83.4145,28.042,8.5735,81.92391815,9.760480771,18.091,17.5655,6.597,1.096238876,0.141414079,2.230225438,0.855653098,0.254227133,4.485594151,0.617163175,1.5,0.19,0.14,0.22,0.062,0.11,0.092,230.9585,516.58,72.0075,16.0175,8.463317044,3.158661209,0.412,0.066,0.68,1.05,233.327,24.221,22.16549231,0.39897,0.0884,1.02,1.30095659,2.107525762,81.6445,3.081903976,543.9802165,6.683195356,34.72557232,8.642,3.659,3.306,0.421363541
2016,403.07,1842.1665,329.124,89.4825,28.95,8.906,82.7388378,11.46862047,20.4815,19.1555,6.66,1.205801829,0.152439418,2.42551389,0.931363259,0.263926357,4.570825661,0.632703403,1.558,0.1909,0.1384,0.2248,0.0634,0.11392,0.093,229.5795,513.27,71.4385,16.013347,8.500100978,3.180942753,0.409,0.067000002,0.735,1.04,237.511,24.51,22.27708307,0.42501,0.0884,1.002,1.453330205,2.208407409,80.5205,2.606743128,553.5240802,6.85508313,35.88475939,9.039,3.5575,3.306,0.416307832
2017,405.22,1849.2365,330.04,95.7485,29.975,9.2495,83.62299097,13.74624366,23.245,20.834,6.8175,1.327503687,0.165456845,2.637257026,0.990425986,0.27236769,4.662632171,0.649035353,1.621,0.195,0.142,0.2264,0.0648,0.1154,0.094,228.6375,509.94,70.936,16.003512,8.55757842,3.209725217,0.406,0.068,0.79,1.0343,241.0395,24.51033669,22.33865737,0.43989,0.0884,0.986,1.630816525,2.313582552,79.608,2.2155,544.4937517,6.666735971,38.48473941,9.56,3.4615,3.3105,0.4065
2018,407.61,1857.777,331.1905,101.8415,31.158,9.5935,84.55158148,16.47844481,26.3125,22.4245,7.0135,1.457735315,0.17966507,2.859531335,1.043712346,0.280285505,4.755375203,0.666004437,1.686,0.1991,0.1456,0.228,0.0662,0.11688,0.095,227.7875,506.97,70.3635,16.003512,8.620534008,3.244346723,0.403,0.0688,0.845,1.0316,244.0385,24.37075024,22.27652861,0.43896,0.0884,0.97,1.835416634,2.409312673,78.774,1.902,542.2194957,6.56660654,39.12361999,9.374,3.3745,3.311,0.4035
2019,410.07,1866.101626,332.1264599,107.6354824,32.7686554,9.938140434,85.50165651,19.40145933,29.57333364,24.00854675,7.133127926,1.601417058,0.193876797,3.0758576,1.08209803,0.289072339,4.846907142,0.683522348,1.75,0.2032,0.1492,0.2296,0.0676,0.11836,0.096,226.2332434,502.9649384,69.799,16.013347,8.672119598,3.280669117,0.4,0.069599999,0.9,1.0289,246.6736373,24.37319243,22.22236368,0.43,0.0884,0.954,2.065204997,2.497532672,78.03097963,1.622243128,541.4186528,6.491143818,40.61513524,8.785,3.263547262,3.316752194,0.396580224
2020,412.44,1878.077147,333.2896547,113.0197865,33.98173278,10.28087566,86.46905759,22.35915526,32.75872817,25.54762946,7.087579146,1.752772405,0.207106262,3.264856089,1.098346552,0.297413585,4.939321005,0.701584841,1.8114,0.2073,0.1528,0.2312,0.069,0.11984,0.097,223.8868752,498.9446372,69.03293104,16.0,8.705576718,3.313187966,0.4,0.070399999,1.0,1.0262,247.8495898,24.50607681,21.97496157,0.43,0.0884,0.938,2.319061016,2.590096042,76.92925548,1.408669247,545.4729801,6.586871287,41.0525865,8.420487195,3.157868842,3.313489017,0.394564658
2021,414.7,1894.839152,334.5537243,118.7873359,35.13740592,10.64808959,87.45513356,25.70121561,36.26198946,27.18930437,7.235030122,1.927444762,0.220225281,3.42140096,1.126807264,0.30468373,5.036231565,0.719772492,1.8742,0.2114,0.1564,0.2328,0.0704,0.12132,0.098,221.5773147,495.0684993,68.33293104,16.0,8.749858195,3.341330979,0.4,0.071199998,1.1,1.0235,248.7969183,24.60957007,21.76323982,0.43,0.0884,0.922,2.592801585,2.701182369,75.80603994,1.22942839,545.737169,6.545418269,44.77892739,8.301288564,3.074309555,3.320602906,0.393422494
2022,417.08,1910.941499,335.8463845,124.4378515,36.08397754,11.02996793,88.44524353,29.59400537,40.19221915,29.05358947,7.380168896,2.107229222,0.234119718,3.554271009,1.146897435,0.310330903,5.137476725,0.738105322,1.937,0.2155,0.16,0.2344,0.0718,0.1228,0.099,219.3147691,491.4134113,67.83293104,16.0,8.824230456,3.367268762,0.4,0.071999998,1.2,1.0208,248.6943259,24.60655018,21.48184626,0.43,0.0884,0.906,2.879357165,2.817162305,74.78953449,1.114623864,540.5732834,6.450696066,44.80871258,7.922716509,2.980286907,3.322346914,0.392285127
2023,419.36,1921.167978,336.9193208,129.4923896,36.99958131,11.40956626,89.41825829,33.85310035,44.21697412,30.94307419,7.388987016,2.283130169,0.248815147,3.664069523,1.141893588,0.310459068,5.235821239,0.756892042,1.9998,0.2196,0.1636,0.236,0.0732,0.12428,0.1,216.8119134,487.3376241,67.23293104,16.0,8.896309311,3.391088655,0.4,0.072799997,1.3,1.0181,247.243708,24.48441654,21.2420915,0.43,0.0884,0.89,3.172576329,2.918294,73.93945179,1.000958679,536.4657737,6.399251643,45.42963776,7.639187553,2.885952481,3.302693409,0.390504648
2024,422.79,1928.836596,337.9771468,134.7189493,37.80391006,11.79007619,90.37825221,38.7231379,48.64723955,32.66980328,7.708166933,2.472451546,0.263921526,3.754499149,1.101486438,0.306712111,5.330800911,0.776112432,2.0626,0.2237,0.1672,0.2376,0.0746,0.12576,0.101,214.4463658,483.1118847,66.63293104,15.9946612,8.945508596,3.412493375,0.4,0.073599997,1.4,1.0154,245.1935259,24.36666454,20.96022013,0.43,0.0884,0.874,3.468014419,3.011154028,72.97328408,0.894432951,544.0876107,6.520448355,48.93610422,7.807436911,2.791730067,3.288033948,0.388223571
2025,425.65,1936.310547,339.3564924,140.3222763,38.85328051,12.24343025,91.36764321,42.31007791,52.33503232,34.48011539,7.778526163,2.647118728,0.277503705,3.898405751,1.129496084,0.313231596,5.430695135,0.794345846,2.1254,0.2278,0.1708,0.2392,0.076,0.12724,0.102,212.1135216,479.3562973,66.04293104,15.9919918,9.012191117,3.439584496,0.4,0.074399996,1.5,1.0127,245.4960122,24.39346221,20.71928249,0.43,0.0884,0.858,3.749666568,3.12534603,71.95395387,0.752539935,538.8547231,6.416833377,49.92651743,7.451762873,2.701839183,3.288787348,0.387120093
