percentile,definition,component,time,GMST
p05,Annual,aerosol_cloud_interactions,2015,
p05,Annual,aerosol_cloud_interactions,2017,-0.650666217
p05,Annual,aerosol_cloud_interactions,2021,
p05,Annual,aerosol_cloud_interactions,2025,-0.673623114
p05,Annual,aerosol_radiation_interactions,2015,
p05,Annual,aerosol_radiation_interactions,2017,-0.262628221
p05,Annual,aerosol_radiation_interactions,2021,
p05,Annual,aerosol_radiation_interactions,2025,-0.236348967
p05,Annual,anthropogenic,2015,
p05,Annual,anthropogenic,2017,1.02779963
p05,Annual,anthropogenic,2021,
p05,Annual,anthropogenic,2025,1.204317448
p05,Annual,bc_snow,2015,
p05,Annual,bc_snow,2017,0.000968394
p05,Annual,bc_snow,2021,
p05,Annual,bc_snow,2025,0.000942819
p05,Annual,ch4,2015,
p05,Annual,ch4,2017,0.167804196
p05,Annual,ch4,2021,
p05,Annual,ch4,2025,0.179248028
p05,Annual,co2,2015,
p05,Annual,co2,2017,0.653531175
p05,Annual,co2,2021,
p05,Annual,co2,2025,0.754961966
p05,Annual,contrails,2015,
p05,Annual,contrails,2017,0.004882391
p05,Annual,contrails,2021,
p05,Annual,contrails,2025,0.005800694
p05,Annual,ghg,2015,
p05,Annual,ghg,2017,1.053098645
p05,Annual,ghg,2021,
p05,Annual,ghg,2025,1.18521683
p05,Annual,h2o_strat,2015,
p05,Annual,h2o_strat,2017,0.001046794
p05,Annual,h2o_strat,2021,
p05,Annual,h2o_strat,2025,0.001134239
p05,Annual,halogen,2015,
p05,Annual,halogen,2017,0.13203732
p05,Annual,halogen,2021,
p05,Annual,halogen,2025,0.14004091
p05,Annual,land_use,2015,
p05,Annual,land_use,2017,-0.155903015
p05,Annual,land_use,2021,
p05,Annual,land_use,2025,-0.15956892
p05,Annual,n2o,2015,
p05,Annual,n2o,2017,0.062434427
p05,Annual,n2o,2021,
p05,Annual,n2o,2025,0.071863271
p05,Annual,natural,2015,
p05,Annual,natural,2017,0.01382712
p05,Annual,natural,2021,
p05,Annual,natural,2025,0.015215669
p05,Annual,o3,2015,
p05,Annual,o3,2017,0.060725046
p05,Annual,o3,2021,
p05,Annual,o3,2025,0.064463829
p05,Annual,other_human_forcing,2015,
p05,Annual,other_human_forcing,2017,-0.483099492
p05,Annual,other_human_forcing,2021,
p05,Annual,other_human_forcing,2025,-0.484951405
p05,Annual,residual,2015,
p05,Annual,residual,2017,-0.074737493
p05,Annual,residual,2021,
p05,Annual,residual,2025,-0.107171308
p05,Annual,solar,2015,
p05,Annual,solar,2017,-0.012556797
p05,Annual,solar,2021,
p05,Annual,solar,2025,-0.001953411
p05,Annual,total,2015,
p05,Annual,total,2017,1.113698695
p05,Annual,total,2021,
p05,Annual,total,2025,1.294786783
p05,Annual,volcanic,2015,
p05,Annual,volcanic,2017,0.013800891
p05,Annual,volcanic,2021,
p05,Annual,volcanic,2025,0.012844707
p05,SR1.5,aerosol_cloud_interactions,2015,
p05,SR1.5,aerosol_cloud_interactions,2017,-0.668607181
p05,SR1.5,aerosol_cloud_interactions,2021,
p05,SR1.5,aerosol_cloud_interactions,2025,-0.658532154
p05,SR1.5,aerosol_radiation_interactions,2015,
p05,SR1.5,aerosol_radiation_interactions,2017,-0.274792544
p05,SR1.5,aerosol_radiation_interactions,2021,
p05,SR1.5,aerosol_radiation_interactions,2025,-0.230688977
p05,SR1.5,anthropogenic,2015,
p05,SR1.5,anthropogenic,2017,1.011125712
p05,SR1.5,anthropogenic,2021,
p05,SR1.5,anthropogenic,2025,1.208541818
p05,SR1.5,bc_snow,2015,
p05,SR1.5,bc_snow,2017,0.001009265
p05,SR1.5,bc_snow,2021,
p05,SR1.5,bc_snow,2025,0.000927595
p05,SR1.5,ch4,2015,
p05,SR1.5,ch4,2017,0.167034166
p05,SR1.5,ch4,2021,
p05,SR1.5,ch4,2025,0.178425871
p05,SR1.5,co2,2015,
p05,SR1.5,co2,2017,0.65013377
p05,SR1.5,co2,2021,
p05,SR1.5,co2,2025,0.752558243
p05,SR1.5,contrails,2015,
p05,SR1.5,contrails,2017,0.004788331
p05,SR1.5,contrails,2021,
p05,SR1.5,contrails,2025,0.005505147
p05,SR1.5,ghg,2015,
p05,SR1.5,ghg,2017,1.048969799
p05,SR1.5,ghg,2021,
p05,SR1.5,ghg,2025,1.182090038
p05,SR1.5,h2o_strat,2015,
p05,SR1.5,h2o_strat,2017,0.001040946
p05,SR1.5,h2o_strat,2021,
p05,SR1.5,h2o_strat,2025,0.001127381
p05,SR1.5,halogen,2015,
p05,SR1.5,halogen,2017,0.132333088
p05,SR1.5,halogen,2021,
p05,SR1.5,halogen,2025,0.140555339
p05,SR1.5,land_use,2015,
p05,SR1.5,land_use,2017,-0.155742645
p05,SR1.5,land_use,2021,
p05,SR1.5,land_use,2025,-0.158752907
p05,SR1.5,n2o,2015,
p05,SR1.5,n2o,2017,0.06215291
p05,SR1.5,n2o,2021,
p05,SR1.5,n2o,2025,0.071472703
p05,SR1.5,natural,2015,
p05,SR1.5,natural,2017,0.013503017
p05,SR1.5,natural,2021,
p05,SR1.5,natural,2025,0.01303304
p05,SR1.5,o3,2015,
p05,SR1.5,o3,2017,0.061249789
p05,SR1.5,o3,2021,
p05,SR1.5,o3,2025,0.064007659
p05,SR1.5,other_human_forcing,2015,
p05,SR1.5,other_human_forcing,2017,-0.500500738
p05,SR1.5,other_human_forcing,2021,
p05,SR1.5,other_human_forcing,2025,-0.470367289
p05,SR1.5,residual,2015,
p05,SR1.5,residual,2017,-0.101388874
p05,SR1.5,residual,2021,
p05,SR1.5,residual,2025,-0.078310508
p05,SR1.5,solar,2015,
p05,SR1.5,solar,2017,-0.014840518
p05,SR1.5,solar,2021,
p05,SR1.5,solar,2025,-0.007975309
p05,SR1.5,total,2015,
p05,SR1.5,total,2017,1.094406097
p05,SR1.5,total,2021,
p05,SR1.5,total,2025,1.287974271
p05,SR1.5,volcanic,2015,
p05,SR1.5,volcanic,2017,0.013755447
p05,SR1.5,volcanic,2021,
p05,SR1.5,volcanic,2025,0.012073368
p05,AR6,aerosol_cloud_interactions,2015,-0.658057922
p05,AR6,aerosol_cloud_interactions,2017,
p05,AR6,aerosol_cloud_interactions,2021,-0.655276221
p05,AR6,aerosol_cloud_interactions,2025,
p05,AR6,aerosol_radiation_interactions,2015,-0.274666256
p05,AR6,aerosol_radiation_interactions,2017,
p05,AR6,aerosol_radiation_interactions,2021,-0.248406159
p05,AR6,aerosol_radiation_interactions,2025,
p05,AR6,anthropogenic,2015,0.965057644
p05,AR6,anthropogenic,2017,
p05,AR6,anthropogenic,2021,1.10933313
p05,AR6,anthropogenic,2025,
p05,AR6,bc_snow,2015,0.00098613
p05,AR6,bc_snow,2017,
p05,AR6,bc_snow,2021,0.000950096
p05,AR6,bc_snow,2025,
p05,AR6,ch4,2015,0.165046194
p05,AR6,ch4,2017,
p05,AR6,ch4,2021,0.172629688
p05,AR6,ch4,2025,
p05,AR6,co2,2015,0.623633654
p05,AR6,co2,2017,
p05,AR6,co2,2021,0.697304119
p05,AR6,co2,2025,
p05,AR6,contrails,2015,0.004426786
p05,AR6,contrails,2017,
p05,AR6,contrails,2021,0.005041184
p05,AR6,contrails,2025,
p05,AR6,ghg,2015,1.014399041
p05,AR6,ghg,2017,
p05,AR6,ghg,2021,1.11019243
p05,AR6,ghg,2025,
p05,AR6,h2o_strat,2015,0.001026173
p05,AR6,h2o_strat,2017,
p05,AR6,h2o_strat,2021,0.001083456
p05,AR6,h2o_strat,2025,
p05,AR6,halogen,2015,0.129125699
p05,AR6,halogen,2017,
p05,AR6,halogen,2021,0.13573621
p05,AR6,halogen,2025,
p05,AR6,land_use,2015,-0.155697884
p05,AR6,land_use,2017,
p05,AR6,land_use,2021,-0.157386816
p05,AR6,land_use,2025,
p05,AR6,n2o,2015,0.059862236
p05,AR6,n2o,2017,
p05,AR6,n2o,2021,0.066464109
p05,AR6,n2o,2025,
p05,AR6,natural,2015,0.013326675
p05,AR6,natural,2017,
p05,AR6,natural,2021,0.012903596
p05,AR6,natural,2025,
p05,AR6,o3,2015,0.059769547
p05,AR6,o3,2017,
p05,AR6,o3,2021,0.06213511
p05,AR6,o3,2025,
p05,AR6,other_human_forcing,2015,-0.500445843
p05,AR6,other_human_forcing,2017,
p05,AR6,other_human_forcing,2021,-0.479478326
p05,AR6,other_human_forcing,2025,
p05,AR6,residual,2015,-0.101926508
p05,AR6,residual,2017,
p05,AR6,residual,2021,-0.085008497
p05,AR6,residual,2025,
p05,AR6,solar,2015,-0.013294489
p05,AR6,solar,2017,
p05,AR6,solar,2021,-0.011274616
p05,AR6,solar,2025,
p05,AR6,total,2015,1.047917002
p05,AR6,total,2017,
p05,AR6,total,2021,1.189939612
p05,AR6,total,2025,
p05,AR6,volcanic,2015,0.013413011
p05,AR6,volcanic,2017,
p05,AR6,volcanic,2021,0.012607124
p05,AR6,volcanic,2025,
p17,Annual,aerosol_cloud_interactions,2015,
p17,Annual,aerosol_cloud_interactions,2017,-0.468497765
p17,Annual,aerosol_cloud_interactions,2021,
p17,Annual,aerosol_cloud_interactions,2025,-0.467340795
p17,Annual,aerosol_radiation_interactions,2015,
p17,Annual,aerosol_radiation_interactions,2017,-0.183901315
p17,Annual,aerosol_radiation_interactions,2021,
p17,Annual,aerosol_radiation_interactions,2025,-0.164451751
p17,Annual,anthropogenic,2015,
p17,Annual,anthropogenic,2017,1.06802065
p17,Annual,anthropogenic,2021,
p17,Annual,anthropogenic,2025,1.262431832
p17,Annual,bc_snow,2015,
p17,Annual,bc_snow,2017,0.011175234
p17,Annual,bc_snow,2021,
p17,Annual,bc_snow,2025,0.010877688
p17,Annual,ch4,2015,
p17,Annual,ch4,2017,0.195009039
p17,Annual,ch4,2021,
p17,Annual,ch4,2025,0.208338752
p17,Annual,co2,2015,
p17,Annual,co2,2017,0.754794633
p17,Annual,co2,2021,
p17,Annual,co2,2025,0.871923439
p17,Annual,contrails,2015,
p17,Annual,contrails,2017,0.008449788
p17,Annual,contrails,2021,
p17,Annual,contrails,2025,0.010039969
p17,Annual,ghg,2015,
p17,Annual,ghg,2017,1.213267012
p17,Annual,ghg,2021,
p17,Annual,ghg,2025,1.365223924
p17,Annual,h2o_strat,2015,
p17,Annual,h2o_strat,2017,0.00618894
p17,Annual,h2o_strat,2021,
p17,Annual,h2o_strat,2025,0.006705789
p17,Annual,halogen,2015,
p17,Annual,halogen,2017,0.157412637
p17,Annual,halogen,2021,
p17,Annual,halogen,2025,0.166060738
p17,Annual,land_use,2015,
p17,Annual,land_use,2017,-0.099260172
p17,Annual,land_use,2021,
p17,Annual,land_use,2025,-0.101613478
p17,Annual,n2o,2015,
p17,Annual,n2o,2017,0.072294584
p17,Annual,n2o,2021,
p17,Annual,n2o,2025,0.083207082
p17,Annual,natural,2015,
p17,Annual,natural,2017,0.036391446
p17,Annual,natural,2021,
p17,Annual,natural,2025,0.040333635
p17,Annual,o3,2015,
p17,Annual,o3,2017,0.091189563
p17,Annual,o3,2021,
p17,Annual,o3,2025,0.096840358
p17,Annual,other_human_forcing,2015,
p17,Annual,other_human_forcing,2017,-0.359627877
p17,Annual,other_human_forcing,2021,
p17,Annual,other_human_forcing,2025,-0.326764559
p17,Annual,residual,2015,
p17,Annual,residual,2017,-0.04100158
p17,Annual,residual,2021,
p17,Annual,residual,2025,-0.060211478
p17,Annual,solar,2015,
p17,Annual,solar,2017,-0.006016096
p17,Annual,solar,2021,
p17,Annual,solar,2025,0.002452427
p17,Annual,total,2015,
p17,Annual,total,2017,1.145120668
p17,Annual,total,2021,
p17,Annual,total,2025,1.345909997
p17,Annual,volcanic,2015,
p17,Annual,volcanic,2017,0.036645855
p17,Annual,volcanic,2021,
p17,Annual,volcanic,2025,0.033992382
p17,SR1.5,aerosol_cloud_interactions,2015,
p17,SR1.5,aerosol_cloud_interactions,2017,-0.482845084
p17,SR1.5,aerosol_cloud_interactions,2021,
p17,SR1.5,aerosol_cloud_interactions,2025,-0.458899537
p17,SR1.5,aerosol_radiation_interactions,2015,
p17,SR1.5,aerosol_radiation_interactions,2017,-0.192596571
p17,SR1.5,aerosol_radiation_interactions,2021,
p17,SR1.5,aerosol_radiation_interactions,2025,-0.160279024
p17,SR1.5,anthropogenic,2015,
p17,SR1.5,anthropogenic,2017,1.049898999
p17,SR1.5,anthropogenic,2021,
p17,SR1.5,anthropogenic,2025,1.264983403
p17,SR1.5,bc_snow,2015,
p17,SR1.5,bc_snow,2017,0.011650141
p17,SR1.5,bc_snow,2021,
p17,SR1.5,bc_snow,2025,0.010701834
p17,SR1.5,ch4,2015,
p17,SR1.5,ch4,2017,0.194143997
p17,SR1.5,ch4,2021,
p17,SR1.5,ch4,2025,0.207393795
p17,SR1.5,co2,2015,
p17,SR1.5,co2,2017,0.750859454
p17,SR1.5,co2,2021,
p17,SR1.5,co2,2025,0.869148418
p17,SR1.5,contrails,2015,
p17,SR1.5,contrails,2017,0.008287236
p17,SR1.5,contrails,2021,
p17,SR1.5,contrails,2025,0.009531688
p17,SR1.5,ghg,2015,
p17,SR1.5,ghg,2017,1.208577949
p17,SR1.5,ghg,2021,
p17,SR1.5,ghg,2025,1.361732913
p17,SR1.5,h2o_strat,2015,
p17,SR1.5,h2o_strat,2017,0.006153705
p17,SR1.5,h2o_strat,2021,
p17,SR1.5,h2o_strat,2025,0.006664984
p17,SR1.5,halogen,2015,
p17,SR1.5,halogen,2017,0.157823845
p17,SR1.5,halogen,2021,
p17,SR1.5,halogen,2025,0.16672
p17,SR1.5,land_use,2015,
p17,SR1.5,land_use,2017,-0.099145509
p17,SR1.5,land_use,2021,
p17,SR1.5,land_use,2025,-0.101092825
p17,SR1.5,n2o,2015,
p17,SR1.5,n2o,2017,0.071968768
p17,SR1.5,n2o,2021,
p17,SR1.5,n2o,2025,0.082756699
p17,SR1.5,natural,2015,
p17,SR1.5,natural,2017,0.035513155
p17,SR1.5,natural,2021,
p17,SR1.5,natural,2025,0.034197582
p17,SR1.5,o3,2015,
p17,SR1.5,o3,2017,0.09196193
p17,SR1.5,o3,2021,
p17,SR1.5,o3,2025,0.096172004
p17,SR1.5,other_human_forcing,2015,
p17,SR1.5,other_human_forcing,2017,-0.375712034
p17,SR1.5,other_human_forcing,2021,
p17,SR1.5,other_human_forcing,2025,-0.31975033
p17,SR1.5,residual,2015,
p17,SR1.5,residual,2017,-0.069706163
p17,SR1.5,residual,2021,
p17,SR1.5,residual,2025,-0.032403994
p17,SR1.5,solar,2015,
p17,SR1.5,solar,2017,-0.007670112
p17,SR1.5,solar,2021,
p17,SR1.5,solar,2025,-0.001935428
p17,SR1.5,total,2015,
p17,SR1.5,total,2017,1.125107666
p17,SR1.5,total,2021,
p17,SR1.5,total,2025,1.338755754
p17,SR1.5,volcanic,2015,
p17,SR1.5,volcanic,2017,0.036466097
p17,SR1.5,volcanic,2021,
p17,SR1.5,volcanic,2025,0.031746268
p17,AR6,aerosol_cloud_interactions,2015,-0.476793706
p17,AR6,aerosol_cloud_interactions,2017,
p17,AR6,aerosol_cloud_interactions,2021,-0.464778412
p17,AR6,aerosol_cloud_interactions,2025,
p17,AR6,aerosol_radiation_interactions,2015,-0.192837913
p17,AR6,aerosol_radiation_interactions,2017,
p17,AR6,aerosol_radiation_interactions,2021,-0.173506893
p17,AR6,aerosol_radiation_interactions,2025,
p17,AR6,anthropogenic,2015,1.00236549
p17,AR6,anthropogenic,2017,
p17,AR6,anthropogenic,2021,1.155040073
p17,AR6,anthropogenic,2025,
p17,AR6,bc_snow,2015,0.011384792
p17,AR6,bc_snow,2017,
p17,AR6,bc_snow,2021,0.010963078
p17,AR6,bc_snow,2025,
p17,AR6,ch4,2015,0.191778647
p17,AR6,ch4,2017,
p17,AR6,ch4,2021,0.20063098
p17,AR6,ch4,2025,
p17,AR6,co2,2015,0.720255738
p17,AR6,co2,2017,
p17,AR6,co2,2021,0.805332972
p17,AR6,co2,2025,
p17,AR6,contrails,2015,0.007661518
p17,AR6,contrails,2017,
p17,AR6,contrails,2021,0.008726587
p17,AR6,contrails,2025,
p17,AR6,ghg,2015,1.168644941
p17,AR6,ghg,2017,
p17,AR6,ghg,2021,1.27894992
p17,AR6,ghg,2025,
p17,AR6,h2o_strat,2015,0.006067595
p17,AR6,h2o_strat,2017,
p17,AR6,h2o_strat,2021,0.006405801
p17,AR6,h2o_strat,2025,
p17,AR6,halogen,2015,0.15416889
p17,AR6,halogen,2017,
p17,AR6,halogen,2021,0.161436663
p17,AR6,halogen,2025,
p17,AR6,land_use,2015,-0.099129266
p17,AR6,land_use,2017,
p17,AR6,land_use,2021,-0.100209616
p17,AR6,land_use,2025,
p17,AR6,n2o,2015,0.069314897
p17,AR6,n2o,2017,
p17,AR6,n2o,2021,0.07695827
p17,AR6,n2o,2025,
p17,AR6,natural,2015,0.035102558
p17,AR6,natural,2017,
p17,AR6,natural,2021,0.033848151
p17,AR6,natural,2025,
p17,AR6,o3,2015,0.089726569
p17,AR6,o3,2017,
p17,AR6,o3,2021,0.093325788
p17,AR6,o3,2025,
p17,AR6,other_human_forcing,2015,-0.377698507
p17,AR6,other_human_forcing,2017,
p17,AR6,other_human_forcing,2021,-0.343114518
p17,AR6,other_human_forcing,2025,
p17,AR6,residual,2015,-0.073878548
p17,AR6,residual,2017,
p17,AR6,residual,2021,-0.047836887
p17,AR6,residual,2025,
p17,AR6,solar,2015,-0.006603885
p17,AR6,solar,2017,
p17,AR6,solar,2021,-0.004752908
p17,AR6,solar,2025,
p17,AR6,total,2015,1.076588702
p17,AR6,total,2017,
p17,AR6,total,2021,1.228390718
p17,AR6,total,2025,
p17,AR6,volcanic,2015,0.035619135
p17,AR6,volcanic,2017,
p17,AR6,volcanic,2021,0.03328282
p17,AR6,volcanic,2025,
p50,Annual,aerosol_cloud_interactions,2015,
p50,Annual,aerosol_cloud_interactions,2017,-0.304936132
p50,Annual,aerosol_cloud_interactions,2021,
p50,Annual,aerosol_cloud_interactions,2025,-0.284308147
p50,Annual,aerosol_radiation_interactions,2015,
p50,Annual,aerosol_radiation_interactions,2017,-0.103774764
p50,Annual,aerosol_radiation_interactions,2021,
p50,Annual,aerosol_radiation_interactions,2025,-0.092627799
p50,Annual,anthropogenic,2015,
p50,Annual,anthropogenic,2017,1.122715497
p50,Annual,anthropogenic,2021,
p50,Annual,anthropogenic,2025,1.330203724
p50,Annual,bc_snow,2015,
p50,Annual,bc_snow,2017,0.027036694
p50,Annual,bc_snow,2021,
p50,Annual,bc_snow,2025,0.026352151
p50,Annual,ch4,2015,
p50,Annual,ch4,2017,0.232949983
p50,Annual,ch4,2021,
p50,Annual,ch4,2025,0.24895959
p50,Annual,co2,2015,
p50,Annual,co2,2017,0.848279458
p50,Annual,co2,2021,
p50,Annual,co2,2025,0.980036885
p50,Annual,contrails,2015,
p50,Annual,contrails,2017,0.016059268
p50,Annual,contrails,2021,
p50,Annual,contrails,2025,0.019084216
p50,Annual,ghg,2015,
p50,Annual,ghg,2017,1.352145076
p50,Annual,ghg,2021,
p50,Annual,ghg,2025,1.522277856
p50,Annual,h2o_strat,2015,
p50,Annual,h2o_strat,2017,0.016016738
p50,Annual,h2o_strat,2021,
p50,Annual,h2o_strat,2025,0.017356081
p50,Annual,halogen,2015,
p50,Annual,halogen,2017,0.184237245
p50,Annual,halogen,2021,
p50,Annual,halogen,2025,0.193940288
p50,Annual,land_use,2015,
p50,Annual,land_use,2017,-0.053304597
p50,Annual,land_use,2021,
p50,Annual,land_use,2025,-0.054437878
p50,Annual,n2o,2015,
p50,Annual,n2o,2017,0.084453035
p50,Annual,n2o,2021,
p50,Annual,n2o,2025,0.097195182
p50,Annual,natural,2015,
p50,Annual,natural,2017,0.067831209
p50,Annual,natural,2021,
p50,Annual,natural,2025,0.075005755
p50,Annual,o3,2015,
p50,Annual,o3,2017,0.170648417
p50,Annual,o3,2021,
p50,Annual,o3,2025,0.181255691
p50,Annual,other_human_forcing,2015,
p50,Annual,other_human_forcing,2017,-0.230667381
p50,Annual,other_human_forcing,2021,
p50,Annual,other_human_forcing,2025,-0.188130751
p50,Annual,residual,2015,
p50,Annual,residual,2017,0.004202434
p50,Annual,residual,2021,
p50,Annual,residual,2025,0.001735329
p50,Annual,solar,2015,
p50,Annual,solar,2017,0.000694386
p50,Annual,solar,2021,
p50,Annual,solar,2025,0.010498155
p50,Annual,total,2015,
p50,Annual,total,2017,1.190357447
p50,Annual,total,2021,
p50,Annual,total,2025,1.405251265
p50,Annual,volcanic,2015,
p50,Annual,volcanic,2017,0.067942854
p50,Annual,volcanic,2021,
p50,Annual,volcanic,2025,0.063089174
p50,SR1.5,aerosol_cloud_interactions,2015,
p50,SR1.5,aerosol_cloud_interactions,2017,-0.316654138
p50,SR1.5,aerosol_cloud_interactions,2021,
p50,SR1.5,aerosol_cloud_interactions,2025,-0.279425007
p50,SR1.5,aerosol_radiation_interactions,2015,
p50,SR1.5,aerosol_radiation_interactions,2017,-0.108694999
p50,SR1.5,aerosol_radiation_interactions,2021,
p50,SR1.5,aerosol_radiation_interactions,2025,-0.090032071
p50,SR1.5,anthropogenic,2015,
p50,SR1.5,anthropogenic,2017,1.103854919
p50,SR1.5,anthropogenic,2021,
p50,SR1.5,anthropogenic,2025,1.332036722
p50,SR1.5,bc_snow,2015,
p50,SR1.5,bc_snow,2017,0.028150687
p50,SR1.5,bc_snow,2021,
p50,SR1.5,bc_snow,2025,0.025949146
p50,SR1.5,ch4,2015,
p50,SR1.5,ch4,2017,0.231966672
p50,SR1.5,ch4,2021,
p50,SR1.5,ch4,2025,0.247845939
p50,SR1.5,co2,2015,
p50,SR1.5,co2,2017,0.843891697
p50,SR1.5,co2,2021,
p50,SR1.5,co2,2025,0.976906193
p50,SR1.5,contrails,2015,
p50,SR1.5,contrails,2017,0.015750184
p50,SR1.5,contrails,2021,
p50,SR1.5,contrails,2025,0.018124523
p50,SR1.5,ghg,2015,
p50,SR1.5,ghg,2017,1.34701426
p50,SR1.5,ghg,2021,
p50,SR1.5,ghg,2025,1.518341679
p50,SR1.5,h2o_strat,2015,
p50,SR1.5,h2o_strat,2017,0.015928945
p50,SR1.5,h2o_strat,2021,
p50,SR1.5,h2o_strat,2025,0.017251674
p50,SR1.5,halogen,2015,
p50,SR1.5,halogen,2017,0.184820594
p50,SR1.5,halogen,2021,
p50,SR1.5,halogen,2025,0.194740838
p50,SR1.5,land_use,2015,
p50,SR1.5,land_use,2017,-0.053225437
p50,SR1.5,land_use,2021,
p50,SR1.5,land_use,2025,-0.054133492
p50,SR1.5,n2o,2015,
p50,SR1.5,n2o,2017,0.084073071
p50,SR1.5,n2o,2021,
p50,SR1.5,n2o,2025,0.096670419
p50,SR1.5,natural,2015,
p50,SR1.5,natural,2017,0.0661972
p50,SR1.5,natural,2021,
p50,SR1.5,natural,2025,0.064026946
p50,SR1.5,o3,2015,
p50,SR1.5,o3,2017,0.172079425
p50,SR1.5,o3,2021,
p50,SR1.5,o3,2025,0.180021167
p50,SR1.5,other_human_forcing,2015,
p50,SR1.5,other_human_forcing,2017,-0.24471093
p50,SR1.5,other_human_forcing,2021,
p50,SR1.5,other_human_forcing,2025,-0.18334219
p50,SR1.5,residual,2015,
p50,SR1.5,residual,2017,-0.026715695
p50,SR1.5,residual,2021,
p50,SR1.5,residual,2025,0.027698513
p50,SR1.5,solar,2015,
p50,SR1.5,solar,2017,-0.000128194
p50,SR1.5,solar,2021,
p50,SR1.5,solar,2025,0.004153568
p50,SR1.5,total,2015,
p50,SR1.5,total,2017,1.169732898
p50,SR1.5,total,2021,
p50,SR1.5,total,2025,1.396422914
p50,SR1.5,volcanic,2015,
p50,SR1.5,volcanic,2017,0.067763249
p50,SR1.5,volcanic,2021,
p50,SR1.5,volcanic,2025,0.059443509
p50,AR6,aerosol_cloud_interactions,2015,-0.314405227
p50,AR6,aerosol_cloud_interactions,2017,
p50,AR6,aerosol_cloud_interactions,2021,-0.293735895
p50,AR6,aerosol_cloud_interactions,2025,
p50,AR6,aerosol_radiation_interactions,2015,-0.109092928
p50,AR6,aerosol_radiation_interactions,2017,
p50,AR6,aerosol_radiation_interactions,2021,-0.097840773
p50,AR6,aerosol_radiation_interactions,2025,
p50,AR6,anthropogenic,2015,1.054715037
p50,AR6,anthropogenic,2017,
p50,AR6,anthropogenic,2021,1.21405524
p50,AR6,anthropogenic,2025,
p50,AR6,bc_snow,2015,0.027503016
p50,AR6,bc_snow,2017,
p50,AR6,bc_snow,2021,0.026541538
p50,AR6,bc_snow,2025,
p50,AR6,ch4,2015,0.229043455
p50,AR6,ch4,2017,
p50,AR6,ch4,2021,0.239701489
p50,AR6,ch4,2025,
p50,AR6,co2,2015,0.809488004
p50,AR6,co2,2017,
p50,AR6,co2,2021,0.90514459
p50,AR6,co2,2025,
p50,AR6,contrails,2015,0.014560972
p50,AR6,contrails,2017,
p50,AR6,contrails,2021,0.016589279
p50,AR6,contrails,2025,
p50,AR6,ghg,2015,1.302314186
p50,AR6,ghg,2017,
p50,AR6,ghg,2021,1.425680637
p50,AR6,ghg,2025,
p50,AR6,h2o_strat,2015,0.015699974
p50,AR6,h2o_strat,2017,
p50,AR6,h2o_strat,2021,0.016578811
p50,AR6,h2o_strat,2025,
p50,AR6,halogen,2015,0.180583724
p50,AR6,halogen,2017,
p50,AR6,halogen,2021,0.188741088
p50,AR6,halogen,2025,
p50,AR6,land_use,2015,-0.053280018
p50,AR6,land_use,2017,
p50,AR6,land_use,2021,-0.053763625
p50,AR6,land_use,2025,
p50,AR6,n2o,2015,0.080971001
p50,AR6,n2o,2017,
p50,AR6,n2o,2021,0.089898501
p50,AR6,n2o,2025,
p50,AR6,natural,2015,0.065351754
p50,AR6,natural,2017,
p50,AR6,natural,2021,0.063322866
p50,AR6,natural,2025,
p50,AR6,o3,2015,0.167882447
p50,AR6,o3,2017,
p50,AR6,o3,2021,0.174662538
p50,AR6,o3,2025,
p50,AR6,other_human_forcing,2015,-0.248742272
p50,AR6,other_human_forcing,2017,
p50,AR6,other_human_forcing,2021,-0.210441574
p50,AR6,other_human_forcing,2025,
p50,AR6,residual,2015,-0.033465092
p50,AR6,residual,2017,
p50,AR6,residual,2021,0.001437185
p50,AR6,residual,2025,
p50,AR6,solar,2015,0.000342256
p50,AR6,solar,2017,
p50,AR6,solar,2021,0.001717119
p50,AR6,solar,2025,
p50,AR6,total,2015,1.119464946
p50,AR6,total,2017,
p50,AR6,total,2021,1.277626705
p50,AR6,total,2025,
p50,AR6,volcanic,2015,0.066084643
p50,AR6,volcanic,2017,
p50,AR6,volcanic,2021,0.062059492
p50,AR6,volcanic,2025,
p83,Annual,aerosol_cloud_interactions,2015,
p83,Annual,aerosol_cloud_interactions,2017,-0.203619414
p83,Annual,aerosol_cloud_interactions,2021,
p83,Annual,aerosol_cloud_interactions,2025,-0.18528754
p83,Annual,aerosol_radiation_interactions,2015,
p83,Annual,aerosol_radiation_interactions,2017,-0.04489793
p83,Annual,aerosol_radiation_interactions,2021,
p83,Annual,aerosol_radiation_interactions,2025,-0.040538858
p83,Annual,anthropogenic,2015,
p83,Annual,anthropogenic,2017,1.173792748
p83,Annual,anthropogenic,2021,
p83,Annual,anthropogenic,2025,1.396180773
p83,Annual,bc_snow,2015,
p83,Annual,bc_snow,2017,0.059789714
p83,Annual,bc_snow,2021,
p83,Annual,bc_snow,2025,0.058311607
p83,Annual,ch4,2015,
p83,Annual,ch4,2017,0.272170908
p83,Annual,ch4,2021,
p83,Annual,ch4,2025,0.290936795
p83,Annual,co2,2015,
p83,Annual,co2,2017,0.942559328
p83,Annual,co2,2021,
p83,Annual,co2,2025,1.089149269
p83,Annual,contrails,2015,
p83,Annual,contrails,2017,0.029042629
p83,Annual,contrails,2021,
p83,Annual,contrails,2025,0.03451892
p83,Annual,ghg,2015,
p83,Annual,ghg,2017,1.496031459
p83,Annual,ghg,2021,
p83,Annual,ghg,2025,1.685063513
p83,Annual,h2o_strat,2015,
p83,Annual,h2o_strat,2017,0.035748397
p83,Annual,h2o_strat,2021,
p83,Annual,h2o_strat,2025,0.038735484
p83,Annual,halogen,2015,
p83,Annual,halogen,2017,0.214299909
p83,Annual,halogen,2021,
p83,Annual,halogen,2025,0.224580332
p83,Annual,land_use,2015,
p83,Annual,land_use,2017,-0.026393466
p83,Annual,land_use,2021,
p83,Annual,land_use,2025,-0.026775642
p83,Annual,n2o,2015,
p83,Annual,n2o,2017,0.096944852
p83,Annual,n2o,2021,
p83,Annual,n2o,2025,0.111562582
p83,Annual,natural,2015,
p83,Annual,natural,2017,0.102446877
p83,Annual,natural,2021,
p83,Annual,natural,2025,0.112411205
p83,Annual,o3,2015,
p83,Annual,o3,2017,0.312686026
p83,Annual,o3,2021,
p83,Annual,o3,2025,0.332171152
p83,Annual,other_human_forcing,2015,
p83,Annual,other_human_forcing,2017,-0.110456205
p83,Annual,other_human_forcing,2021,
p83,Annual,other_human_forcing,2025,-0.063546405
p83,Annual,residual,2015,
p83,Annual,residual,2017,0.049742211
p83,Annual,residual,2021,
p83,Annual,residual,2025,0.061761171
p83,Annual,solar,2015,
p83,Annual,solar,2017,0.00667167
p83,Annual,solar,2021,
p83,Annual,solar,2025,0.021752227
p83,Annual,total,2015,
p83,Annual,total,2017,1.23505497
p83,Annual,total,2021,
p83,Annual,total,2025,1.466563237
p83,Annual,volcanic,2015,
p83,Annual,volcanic,2017,0.101111981
p83,Annual,volcanic,2021,
p83,Annual,volcanic,2025,0.094333067
p83,SR1.5,aerosol_cloud_interactions,2015,
p83,SR1.5,aerosol_cloud_interactions,2017,-0.212227148
p83,SR1.5,aerosol_cloud_interactions,2021,
p83,SR1.5,aerosol_cloud_interactions,2025,-0.181680209
p83,SR1.5,aerosol_radiation_interactions,2015,
p83,SR1.5,aerosol_radiation_interactions,2017,-0.04684537
p83,SR1.5,aerosol_radiation_interactions,2021,
p83,SR1.5,aerosol_radiation_interactions,2025,-0.039044792
p83,SR1.5,anthropogenic,2015,
p83,SR1.5,anthropogenic,2017,1.153489637
p83,SR1.5,anthropogenic,2021,
p83,SR1.5,anthropogenic,2025,1.397963552
p83,SR1.5,bc_snow,2015,
p83,SR1.5,bc_snow,2017,0.062224834
p83,SR1.5,bc_snow,2021,
p83,SR1.5,bc_snow,2025,0.057446007
p83,SR1.5,ch4,2015,
p83,SR1.5,ch4,2017,0.27110175
p83,SR1.5,ch4,2021,
p83,SR1.5,ch4,2025,0.289660367
p83,SR1.5,co2,2015,
p83,SR1.5,co2,2017,0.937746442
p83,SR1.5,co2,2021,
p83,SR1.5,co2,2025,1.085641997
p83,SR1.5,contrails,2015,
p83,SR1.5,contrails,2017,0.028483432
p83,SR1.5,contrails,2021,
p83,SR1.5,contrails,2025,0.03278042
p83,SR1.5,ghg,2015,
p83,SR1.5,ghg,2017,1.490486564
p83,SR1.5,ghg,2021,
p83,SR1.5,ghg,2025,1.680645828
p83,SR1.5,h2o_strat,2015,
p83,SR1.5,h2o_strat,2017,0.03555453
p83,SR1.5,h2o_strat,2021,
p83,SR1.5,h2o_strat,2025,0.038503453
p83,SR1.5,halogen,2015,
p83,SR1.5,halogen,2017,0.215132622
p83,SR1.5,halogen,2021,
p83,SR1.5,halogen,2025,0.225576217
p83,SR1.5,land_use,2015,
p83,SR1.5,land_use,2017,-0.026334915
p83,SR1.5,land_use,2021,
p83,SR1.5,land_use,2025,-0.026596371
p83,SR1.5,n2o,2015,
p83,SR1.5,n2o,2017,0.096510136
p83,SR1.5,n2o,2021,
p83,SR1.5,n2o,2025,0.110962774
p83,SR1.5,natural,2015,
p83,SR1.5,natural,2017,0.100159584
p83,SR1.5,natural,2021,
p83,SR1.5,natural,2025,0.097697961
p83,SR1.5,o3,2015,
p83,SR1.5,o3,2017,0.315269233
p83,SR1.5,o3,2021,
p83,SR1.5,o3,2025,0.329950264
p83,SR1.5,other_human_forcing,2015,
p83,SR1.5,other_human_forcing,2017,-0.122747839
p83,SR1.5,other_human_forcing,2021,
p83,SR1.5,other_human_forcing,2025,-0.059857348
p83,SR1.5,residual,2015,
p83,SR1.5,residual,2017,0.017487021
p83,SR1.5,residual,2021,
p83,SR1.5,residual,2025,0.083998141
p83,SR1.5,solar,2015,
p83,SR1.5,solar,2017,0.004884852
p83,SR1.5,solar,2021,
p83,SR1.5,solar,2025,0.012287746
p83,SR1.5,total,2015,
p83,SR1.5,total,2017,1.213360176
p83,SR1.5,total,2021,
p83,SR1.5,total,2025,1.45756635
p83,SR1.5,volcanic,2015,
p83,SR1.5,volcanic,2017,0.101278875
p83,SR1.5,volcanic,2021,
p83,SR1.5,volcanic,2025,0.090053405
p83,AR6,aerosol_cloud_interactions,2015,-0.21116133
p83,AR6,aerosol_cloud_interactions,2017,
p83,AR6,aerosol_cloud_interactions,2021,-0.194212659
p83,AR6,aerosol_cloud_interactions,2025,
p83,AR6,aerosol_radiation_interactions,2015,-0.047471344
p83,AR6,aerosol_radiation_interactions,2017,
p83,AR6,aerosol_radiation_interactions,2021,-0.042525994
p83,AR6,aerosol_radiation_interactions,2025,
p83,AR6,anthropogenic,2015,1.102086735
p83,AR6,anthropogenic,2017,
p83,AR6,anthropogenic,2021,1.270577741
p83,AR6,anthropogenic,2025,
p83,AR6,bc_snow,2015,0.060789531
p83,AR6,bc_snow,2017,
p83,AR6,bc_snow,2021,0.058715668
p83,AR6,bc_snow,2025,
p83,AR6,ch4,2015,0.267557465
p83,AR6,ch4,2017,
p83,AR6,ch4,2021,0.280084076
p83,AR6,ch4,2025,
p83,AR6,co2,2015,0.899507745
p83,AR6,co2,2017,
p83,AR6,co2,2021,1.005843405
p83,AR6,co2,2025,
p83,AR6,contrails,2015,0.026332728
p83,AR6,contrails,2017,
p83,AR6,contrails,2021,0.030001305
p83,AR6,contrails,2025,
p83,AR6,ghg,2015,1.440803568
p83,AR6,ghg,2017,
p83,AR6,ghg,2021,1.577728741
p83,AR6,ghg,2025,
p83,AR6,h2o_strat,2015,0.035041843
p83,AR6,h2o_strat,2017,
p83,AR6,h2o_strat,2021,0.037001645
p83,AR6,h2o_strat,2025,
p83,AR6,halogen,2015,0.210317305
p83,AR6,halogen,2017,
p83,AR6,halogen,2021,0.219076078
p83,AR6,halogen,2025,
p83,AR6,land_use,2015,-0.026457746
p83,AR6,land_use,2017,
p83,AR6,land_use,2021,-0.026541727
p83,AR6,land_use,2025,
p83,AR6,n2o,2015,0.092946474
p83,AR6,n2o,2017,
p83,AR6,n2o,2021,0.103191917
p83,AR6,n2o,2025,
p83,AR6,natural,2015,0.098528553
p83,AR6,natural,2017,
p83,AR6,natural,2021,0.09640395
p83,AR6,natural,2025,
p83,AR6,o3,2015,0.307558709
p83,AR6,o3,2017,
p83,AR6,o3,2021,0.320075948
p83,AR6,o3,2025,
p83,AR6,other_human_forcing,2015,-0.129560865
p83,AR6,other_human_forcing,2017,
p83,AR6,other_human_forcing,2021,-0.089132003
p83,AR6,other_human_forcing,2025,
p83,AR6,residual,2015,0.009443546
p83,AR6,residual,2017,
p83,AR6,residual,2021,0.049357308
p83,AR6,residual,2025,
p83,AR6,solar,2015,0.005733728
p83,AR6,solar,2017,
p83,AR6,solar,2021,0.008229713
p83,AR6,solar,2025,
p83,AR6,total,2015,1.160693244
p83,AR6,total,2017,
p83,AR6,total,2021,1.328272847
p83,AR6,total,2025,
p83,AR6,volcanic,2015,0.098351682
p83,AR6,volcanic,2017,
p83,AR6,volcanic,2021,0.093342114
p83,AR6,volcanic,2025,
p95,Annual,aerosol_cloud_interactions,2015,
p95,Annual,aerosol_cloud_interactions,2017,-0.147222451
p95,Annual,aerosol_cloud_interactions,2021,
p95,Annual,aerosol_cloud_interactions,2025,-0.132667246
p95,Annual,aerosol_radiation_interactions,2015,
p95,Annual,aerosol_radiation_interactions,2017,
p95,Annual,aerosol_radiation_interactions,2021,
p95,Annual,aerosol_radiation_interactions,2025,
p95,Annual,anthropogenic,2015,
p95,Annual,anthropogenic,2017,1.210010052
p95,Annual,anthropogenic,2021,
p95,Annual,anthropogenic,2025,1.445851569
p95,Annual,bc_snow,2015,
p95,Annual,bc_snow,2017,0.100357863
p95,Annual,bc_snow,2021,
p95,Annual,bc_snow,2025,0.097957025
p95,Annual,ch4,2015,
p95,Annual,ch4,2017,0.305535121
p95,Annual,ch4,2021,
p95,Annual,ch4,2025,0.326635601
p95,Annual,co2,2015,
p95,Annual,co2,2017,1.023162816
p95,Annual,co2,2021,
p95,Annual,co2,2025,1.182399398
p95,Annual,contrails,2015,
p95,Annual,contrails,2017,0.041572101
p95,Annual,contrails,2021,
p95,Annual,contrails,2025,0.049427435
p95,Annual,ghg,2015,
p95,Annual,ghg,2017,1.629343712
p95,Annual,ghg,2021,
p95,Annual,ghg,2025,1.834932886
p95,Annual,h2o_strat,2015,
p95,Annual,h2o_strat,2017,0.055409999
p95,Annual,h2o_strat,2021,
p95,Annual,h2o_strat,2025,0.060039123
p95,Annual,halogen,2015,
p95,Annual,halogen,2017,0.238598646
p95,Annual,halogen,2021,
p95,Annual,halogen,2025,0.249720396
p95,Annual,land_use,2015,
p95,Annual,land_use,2017,-0.011299757
p95,Annual,land_use,2021,
p95,Annual,land_use,2025,-0.010697129
p95,Annual,n2o,2015,
p95,Annual,n2o,2017,0.107406396
p95,Annual,n2o,2021,
p95,Annual,n2o,2025,0.123593297
p95,Annual,natural,2015,
p95,Annual,natural,2017,0.129405475
p95,Annual,natural,2021,
p95,Annual,natural,2025,0.141966503
p95,Annual,o3,2015,
p95,Annual,o3,2017,0.497014107
p95,Annual,o3,2021,
p95,Annual,o3,2025,0.528070418
p95,Annual,other_human_forcing,2015,
p95,Annual,other_human_forcing,2017,0.041149394
p95,Annual,other_human_forcing,2021,
p95,Annual,other_human_forcing,2025,0.106671697
p95,Annual,residual,2015,
p95,Annual,residual,2017,0.081399282
p95,Annual,residual,2021,
p95,Annual,residual,2025,0.112713003
p95,Annual,solar,2015,
p95,Annual,solar,2017,0.013410147
p95,Annual,solar,2021,
p95,Annual,solar,2025,0.033220922
p95,Annual,total,2015,
p95,Annual,total,2017,1.268346766
p95,Annual,total,2021,
p95,Annual,total,2025,1.51324401
p95,Annual,volcanic,2015,
p95,Annual,volcanic,2017,0.12592126
p95,Annual,volcanic,2021,
p95,Annual,volcanic,2025,0.118675588
p95,SR1.5,aerosol_cloud_interactions,2015,
p95,SR1.5,aerosol_cloud_interactions,2017,-0.153892913
p95,SR1.5,aerosol_cloud_interactions,2021,
p95,SR1.5,aerosol_cloud_interactions,2025,-0.129705757
p95,SR1.5,aerosol_radiation_interactions,2015,
p95,SR1.5,aerosol_radiation_interactions,2017,
p95,SR1.5,aerosol_radiation_interactions,2021,
p95,SR1.5,aerosol_radiation_interactions,2025,
p95,SR1.5,anthropogenic,2015,
p95,SR1.5,anthropogenic,2017,1.188129431
p95,SR1.5,anthropogenic,2021,
p95,SR1.5,anthropogenic,2025,1.447785557
p95,SR1.5,bc_snow,2015,
p95,SR1.5,bc_snow,2017,0.104362405
p95,SR1.5,bc_snow,2021,
p95,SR1.5,bc_snow,2025,0.096568686
p95,SR1.5,ch4,2015,
p95,SR1.5,ch4,2017,0.304376764
p95,SR1.5,ch4,2021,
p95,SR1.5,ch4,2025,0.325214031
p95,SR1.5,co2,2015,
p95,SR1.5,co2,2017,1.017978907
p95,SR1.5,co2,2021,
p95,SR1.5,co2,2025,1.178571262
p95,SR1.5,contrails,2015,
p95,SR1.5,contrails,2017,0.040770782
p95,SR1.5,contrails,2021,
p95,SR1.5,contrails,2025,0.046948813
p95,SR1.5,ghg,2015,
p95,SR1.5,ghg,2017,1.62340769
p95,SR1.5,ghg,2021,
p95,SR1.5,ghg,2025,1.830094289
p95,SR1.5,h2o_strat,2015,
p95,SR1.5,h2o_strat,2017,0.055118141
p95,SR1.5,h2o_strat,2021,
p95,SR1.5,h2o_strat,2025,0.059682633
p95,SR1.5,halogen,2015,
p95,SR1.5,halogen,2017,0.239633761
p95,SR1.5,halogen,2021,
p95,SR1.5,halogen,2025,0.250901385
p95,SR1.5,land_use,2015,
p95,SR1.5,land_use,2017,-0.011231352
p95,SR1.5,land_use,2021,
p95,SR1.5,land_use,2025,-0.010518712
p95,SR1.5,n2o,2015,
p95,SR1.5,n2o,2017,0.106925949
p95,SR1.5,n2o,2021,
p95,SR1.5,n2o,2025,0.122931059
p95,SR1.5,natural,2015,
p95,SR1.5,natural,2017,0.126874428
p95,SR1.5,natural,2021,
p95,SR1.5,natural,2025,0.125052128
p95,SR1.5,o3,2015,
p95,SR1.5,o3,2017,0.501081231
p95,SR1.5,o3,2021,
p95,SR1.5,o3,2025,0.524588848
p95,SR1.5,other_human_forcing,2015,
p95,SR1.5,other_human_forcing,2017,0.028256361
p95,SR1.5,other_human_forcing,2021,
p95,SR1.5,other_human_forcing,2025,0.111820862
p95,SR1.5,residual,2015,
p95,SR1.5,residual,2017,0.047540995
p95,SR1.5,residual,2021,
p95,SR1.5,residual,2025,0.134545223
p95,SR1.5,solar,2015,
p95,SR1.5,solar,2017,0.011132554
p95,SR1.5,solar,2021,
p95,SR1.5,solar,2025,0.020747427
p95,SR1.5,total,2015,
p95,SR1.5,total,2017,1.245360476
p95,SR1.5,total,2021,
p95,SR1.5,total,2025,1.504109621
p95,SR1.5,volcanic,2015,
p95,SR1.5,volcanic,2017,0.126468467
p95,SR1.5,volcanic,2021,
p95,SR1.5,volcanic,2025,0.114386497
p95,AR6,aerosol_cloud_interactions,2015,-0.153267283
p95,AR6,aerosol_cloud_interactions,2017,
p95,AR6,aerosol_cloud_interactions,2021,-0.139881705
p95,AR6,aerosol_cloud_interactions,2025,
p95,AR6,aerosol_radiation_interactions,2015,
p95,AR6,aerosol_radiation_interactions,2017,
p95,AR6,aerosol_radiation_interactions,2021,
p95,AR6,aerosol_radiation_interactions,2025,
p95,AR6,anthropogenic,2015,1.134497288
p95,AR6,anthropogenic,2017,
p95,AR6,anthropogenic,2021,1.311970499
p95,AR6,anthropogenic,2025,
p95,AR6,bc_snow,2015,0.101941477
p95,AR6,bc_snow,2017,
p95,AR6,bc_snow,2021,0.098604782
p95,AR6,bc_snow,2025,
p95,AR6,ch4,2015,0.300329867
p95,AR6,ch4,2017,
p95,AR6,ch4,2021,0.314434954
p95,AR6,ch4,2025,
p95,AR6,co2,2015,0.976459765
p95,AR6,co2,2017,
p95,AR6,co2,2021,1.091916481
p95,AR6,co2,2025,
p95,AR6,contrails,2015,0.037692133
p95,AR6,contrails,2017,
p95,AR6,contrails,2021,0.042954485
p95,AR6,contrails,2025,
p95,AR6,ghg,2015,1.569363607
p95,AR6,ghg,2017,
p95,AR6,ghg,2021,1.718199251
p95,AR6,ghg,2025,
p95,AR6,h2o_strat,2015,0.054310448
p95,AR6,h2o_strat,2017,
p95,AR6,h2o_strat,2021,0.057352139
p95,AR6,h2o_strat,2025,
p95,AR6,halogen,2015,0.234232126
p95,AR6,halogen,2017,
p95,AR6,halogen,2021,0.243761296
p95,AR6,halogen,2025,
p95,AR6,land_use,2015,-0.011618123
p95,AR6,land_use,2017,
p95,AR6,land_use,2021,-0.011036769
p95,AR6,land_use,2025,
p95,AR6,n2o,2015,0.102974902
p95,AR6,n2o,2017,
p95,AR6,n2o,2021,0.114323975
p95,AR6,n2o,2025,
p95,AR6,natural,2015,0.124334229
p95,AR6,natural,2017,
p95,AR6,natural,2021,0.122834681
p95,AR6,natural,2025,
p95,AR6,o3,2015,0.488786109
p95,AR6,o3,2017,
p95,AR6,o3,2021,0.508810945
p95,AR6,o3,2025,
p95,AR6,other_human_forcing,2015,0.015370678
p95,AR6,other_human_forcing,2017,
p95,AR6,other_human_forcing,2021,0.070301491
p95,AR6,other_human_forcing,2025,
p95,AR6,residual,2015,0.036862252
p95,AR6,residual,2017,
p95,AR6,residual,2021,0.087158132
p95,AR6,residual,2025,
p95,AR6,solar,2015,0.012093258
p95,AR6,solar,2017,
p95,AR6,solar,2021,0.01536186
p95,AR6,solar,2025,
p95,AR6,total,2015,1.189656496
p95,AR6,total,2017,
p95,AR6,total,2021,1.366322614
p95,AR6,total,2025,
p95,AR6,volcanic,2015,0.122270341
p95,AR6,volcanic,2017,
p95,AR6,volcanic,2021,0.117440888
p95,AR6,volcanic,2025,
