time,timebound_lower,timebound_upper,CO2,CH4,N2O,aerosol-radiation_interactions,aerosol-cloud_interactions,O3,contrails,land_use,BC_on_snow,H2O_stratospheric,solar,volcanic,aerosol,nonco2wmghg,halogen,anthro,total,minor,natural,wmghg,anthro_nonwmghg
1750.5,1750,1751,0,0,0,0,0,0,0,0,0,0,0.032366127,0.294038412,0,0,0,0,0.316673067,0,0.316673067,0,0
1751.5,1751,1752,0.001586732,0.000609735,8.50E-05,0.001667931,0.020479888,-0.000221031,0,1.79E-05,9.94E-07,6.88E-05,0.001248488,0.304688379,0.021138579,0.000684444,1.22E-09,0.022264409,0.314460102,-5.20E-05,0.305474203,0.002197857,0.020254337
1752.5,1752,1753,0.003173086,0.001219102,0.000169976,0.002717046,0.032643241,-0.000205059,0,3.16E-05,1.33E-06,0.000137502,-0.004541358,0.301338922,0.033799481,0.001368508,2.43E-09,0.036764279,0.308499708,-8.57E-05,0.292473707,0.004395004,0.032738234
1753.5,1753,1754,0.004759062,0.001828101,0.000254949,0.001682224,0.02071459,-7.45E-05,0,4.11E-05,9.94E-07,0.000206253,-0.01188356,0.120251148,0.02138192,0.002052193,3.65E-09,0.026672988,0.114076234,-6.28E-05,0.099058625,0.006591442,0.0206329
1754.5,1754,1755,0.006344661,0.002436733,0.000339913,-0.000139879,-0.000120092,0.001119632,0,4.66E-05,0.000121178,0.000275004,-0.021530251,-0.020968785,-0.000499055,0.0027355,4.87E-09,0.008467738,-0.042203739,0.000262741,-0.048454351,0.008787172,0.000222536
1755.5,1755,1756,0.007929882,0.003044998,0.000424868,0.000759403,0.006399009,0.001555672,0,4.78E-05,0.000131776,0.000343755,-0.0265918,0.135516017,0.006878688,0.00341843,6.09E-09,0.01767281,0.105605837,0.000307619,0.093116499,0.010982195,0.007621802
1756.5,1756,1757,0.009514725,0.003652897,0.000509813,0.001504497,0.01935994,0.000311654,0,4.56E-05,1.06E-06,0.000412506,-0.027074148,-0.023430038,0.019900045,0.004100982,7.30E-09,0.031284443,-0.036883729,-1.89E-05,-0.057287413,0.013176554,0.019211959
1757.5,1757,1758,0.011099192,0.00426043,0.000594748,0.001648247,-0.000481298,0.004132718,0,3.92E-05,0.001841313,0.000481257,-0.014978956,0.242506878,0.000162255,0.004783158,8.52E-09,0.017929183,0.224830244,0.001599522,0.214571004,0.015370216,0.003702518
1758.5,1758,1759,0.012683282,0.004867598,0.000679674,0.000964141,-0.000246417,0.003501776,0,2.88E-05,0.000918289,0.000550008,-0.004359333,0.29731167,0.000269022,0.005464977,9.74E-09,0.01947235,0.303124004,0.00087416,0.288077305,0.017563159,0.003049999
1759.5,1759,1760,0.014266995,0.005474402,0.000764591,0.00065453,-0.000197061,0.003153327,0,1.60E-05,0.000819861,0.000618759,0.000785298,0.301298481,-3.66E-06,0.006146431,1.10E-08,0.020850477,0.315562982,0.000825061,0.299728774,0.019755344,0.002355252
1760.5,1760,1761,0.015850332,0.006080842,0.000849498,0.000494002,-0.000423618,0.003714448,0,-2.70E-06,0.001198977,0.00068751,0.007847412,0.108757151,-0.000884226,0.006827516,1.22E-08,0.022219033,0.129364427,0.001087509,0.113479655,0.021946829,0.001795752
1761.5,1761,1762,0.017433292,0.006686919,0.000934396,0.001243298,-0.000483977,0.004740447,0,-2.81E-05,0.001560282,0.000756261,0.036247982,-0.919472877,-0.000153854,0.007508232,1.34E-08,0.025965763,-0.878204535,0.001348854,-0.895054453,0.024137585,0.003488616
1762.5,1762,1763,0.019015877,0.007292633,0.001019284,0.000123577,-0.000132879,0.003102649,0,-5.74E-05,0.000341766,0.000825012,0.011565818,-0.400353642,-0.00026844,0.008188582,1.46E-08,0.026747647,-0.370970746,0.000580582,-0.393451699,0.026327584,0.001879856
1763.5,1763,1764,0.020598085,0.007897985,0.001104162,0.000344163,-0.000221175,0.003870983,0,-8.95E-05,0.000543801,0.000893763,-0.003600216,0.038299772,-0.000223006,0.008868564,1.58E-08,0.029384244,0.056740495,0.000692912,0.030816775,0.028516972,0.00251024
1764.5,1764,1765,0.022179918,0.008502975,0.001189032,0.003287361,0.037034858,0.003014031,0,-0.000124296,7.79E-07,0.000962514,-0.008177633,0.247579763,0.038748016,0.009548179,1.70E-08,0.067220459,0.274703257,0.000148343,0.230701437,0.030705655,0.039173057
1765.5,1765,1766,0.023761375,0.009107605,0.001273891,0.000716372,-0.000390691,0.005117617,0,-0.00016192,0.001154475,0.001031265,-0.018557084,0.296701831,-0.000435547,0.010227429,1.83E-08,0.033925046,0.28793119,0.001053019,0.261741624,0.032893632,0.003099503
1766.5,1766,1767,0.025342457,0.009711874,0.001358742,0.001300738,0.004744312,0.005036279,0,-0.000204203,0.000720699,0.001100016,-0.024698178,-0.184525255,0.005481943,0.010906313,1.95E-08,0.040828914,-0.19504406,0.000787586,-0.229369226,0.035080907,0.008100837
1767.5,1767,1768,0.026923164,0.010315783,0.001443583,0.001198165,0.00135231,0.005330009,0,-0.000247398,0.000809778,0.001168767,-0.008360525,0.005144721,0.002017738,0.011584832,2.07E-08,0.040940588,0.032765788,0.000831516,-0.004175567,0.037267482,0.005721354
1768.5,1768,1769,0.028503496,0.010919334,0.001528414,0.002344258,-0.001054092,0.008667863,0,-0.000293814,0.003261397,0.001237518,0.031012492,0.248437758,-0.000747889,0.012262987,2.19E-08,0.042478067,0.298627769,0.002488353,0.269781491,0.039453358,0.005853197
1769.5,1769,1770,0.030083453,0.011522525,0.001613236,0.001215898,-0.000628301,0.006924693,0,-0.000341269,0.001716269,0.001306269,0.070905657,0.095800398,-0.000484422,0.012940779,2.31E-08,0.043263006,0.189136708,0.001354413,0.154300135,0.041638527,0.004279151
1770.5,1770,1771,0.031663036,0.012125358,0.001698049,0.001295755,-0.000646071,0.007375123,0,-0.000401006,0.001796009,0.00137502,0.071065019,0.242622945,-0.000462641,0.01361819,2.43E-08,0.045611786,0.331117918,0.001383,0.295350465,0.04382299,0.004590464
1771.5,1771,1772,0.033242244,0.012727834,0.001782852,0.001113376,0.006926985,0.005967403,0,-0.00046508,0.000495898,0.001443771,0.057860932,0.296901326,0.007566828,0.01429522,2.56E-08,0.052856959,0.38355926,0.000596138,0.338397157,0.046006776,0.010048455
1772.5,1772,1773,0.034821079,0.013329953,0.001867646,0.002256038,0.023295418,0.005581014,0,-0.000532101,4.50E-05,0.001512522,0.035536868,0.305396773,0.024604332,0.014971884,2.68E-08,0.070328062,0.382716646,0.000342181,0.329682232,0.048189862,0.026102554
1773.5,1773,1774,0.036399539,0.013931715,0.00195243,0.001703628,0.01594945,0.005856173,0,-0.000602924,0.000265231,0.001581273,-0.001635611,0.306661669,0.016962581,0.015648183,2.80E-08,0.065003381,0.349888207,0.000421914,0.298061997,0.050372136,0.018735965
1774.5,1774,1775,0.037977625,0.014533122,0.002037205,0.001645263,-0.000873424,0.008547546,0,-0.000674567,0.002428181,0.001650024,-0.007909942,0.306841549,-0.000756978,0.016324119,2.92E-08,0.054013384,0.329911806,0.001641929,0.288523875,0.052553583,0.00487924
1775.5,1775,1776,0.039555339,0.015134173,0.002121971,0.00235832,-0.000581811,0.008670017,0,-0.000746335,0.00224992,0.001718775,-0.024101479,0.306864062,0.000694884,0.01699969,3.04E-08,0.058026627,0.309896049,0.001477709,0.261923086,0.054734401,0.006650669
1776.5,1776,1777,0.041132678,0.015734869,0.002206727,0.0014305,0.002314636,0.006936263,0,-0.000819536,0.001004661,0.001787526,-0.018894033,0.306865314,0.003058122,0.017674918,3.17E-08,0.060906006,0.323520478,0.000695203,0.270261713,0.056914699,0.007044991
1777.5,1777,1778,0.042709645,0.016335212,0.002291474,0.003114299,-0.000797876,0.009726336,0,-0.000897351,0.003028416,0.001856277,0.023891435,0.306864427,0.000828573,0.018349856,3.29E-08,0.062838128,0.37229972,0.001892926,0.321706719,0.059094136,0.007508225
1778.5,1778,1779,0.044286238,0.0169352,0.002376212,0.00366013,-0.001151165,0.011394944,0,-0.000978114,0.004008147,0.001925028,0.091079839,0.302869585,0.000370169,0.019024436,3.41E-08,0.065517666,0.420573892,0.002523976,0.370562309,0.061272869,0.008355292
1779.5,1779,1780,0.045862459,0.017534836,0.00246094,0.002807425,-0.000675683,0.009445665,0,-0.001059741,0.002712277,0.001993779,0.086978647,0.214440197,0.000835039,0.019698659,3.53E-08,0.066601088,0.336466572,0.001578094,0.281228549,0.063450898,0.00703819
1780.5,1780,1781,0.047438307,0.018134119,0.002545658,0.002830689,-0.001085204,0.010493154,0,-0.001143846,0.003663958,0.00206253,0.055047575,0.27829846,-0.000383948,0.020372389,3.65E-08,0.067702452,0.369570486,0.00216716,0.31728717,0.065628226,0.006409732
1781.5,1781,1782,0.049013783,0.01873305,0.002630368,0.003503248,-0.001068413,0.011038167,0,-0.001228565,0.00370146,0.002131281,0.042933518,0.302354911,0.000515245,0.021045752,3.77E-08,0.071235429,0.388394517,0.00213263,0.331821927,0.067804758,0.007812315
1782.5,1782,1783,0.050588887,0.01933163,0.002715068,0.002471973,-0.000805337,0.009703353,0,-0.001313031,0.002734872,0.002200032,0.001207169,0.306210849,0.0002257,0.021718752,3.90E-08,0.071878445,0.357897483,0.001439584,0.298888063,0.069980354,0.006158122
1783.5,1783,1784,0.052163619,0.019929858,0.002799758,0.002371037,-0.00073716,0.009741385,0,-0.001399946,0.002426098,0.002268783,-0.009655485,-1.562878839,0.000406614,0.02239138,4.02E-08,0.07426264,-1.526601502,0.001194921,-1.586961685,0.072155742,0.006347462
1784.5,1784,1785,0.053737979,0.020527737,0.00288444,0.003700857,0.012299597,0.009984004,0,-0.00148711,0.00210908,0.002337534,-0.021447693,-2.290860127,0.014401147,0.023063645,4.14E-08,0.087388064,-2.264827502,0.00094768,-2.33603312,0.074330358,0.018433999
1785.5,1785,1786,0.055311967,0.021125265,0.002969112,0.002732221,-0.000901661,0.010938555,0,-0.001578824,0.003004235,0.002406285,-0.016623256,-0.233435645,0.000246423,0.023735549,4.26E-08,0.078683527,-0.203658747,0.001442777,-0.267827129,0.076504621,0.006847675
1786.5,1786,1787,0.056885584,0.021722444,0.003053774,0.00338781,-0.000695979,0.010953025,0,-0.001667035,0.00278014,0.002475036,0.025877644,0.03759889,0.001499786,0.024407104,4.38E-08,0.082795877,0.133671601,0.001242794,0.058206333,0.078677813,0.008557283
1787.5,1787,1788,0.058458829,0.022319275,0.003138428,0.003766363,-0.001097483,0.012345794,0,-0.001758189,0.003720694,0.002543787,0.077751721,0.085528814,0.000807692,0.025078346,4.50E-08,0.084335161,0.223444768,0.00178023,0.151155912,0.080850306,0.008509125
1788.5,1788,1789,0.060031704,0.022915757,0.003223072,0.005042237,-0.001918235,0.015574561,0,-0.001851167,0.006160312,0.002612538,0.089269612,0.192376862,-0.000418379,0.025749231,4.63E-08,0.0873133,0.330183016,0.00343243,0.261862091,0.083022426,0.010030371
1789.5,1789,1790,0.061604208,0.023511892,0.003307706,0.003905094,-0.001459362,0.01376044,0,-0.001944587,0.004556375,0.002681289,0.076347427,0.278856145,-0.000100845,0.026419798,4.75E-08,0.088084298,0.405008173,0.002202712,0.334600579,0.085193842,0.008415912
1790.5,1790,1791,0.063176341,0.02410768,0.003392332,0.004164877,-0.00154462,0.014464479,0,-0.002048022,0.00488452,0.00275004,0.053031173,0.005798403,-0.000105459,0.027089969,4.87E-08,0.090534378,0.137050664,0.002351741,0.057734283,0.08736456,0.008871061
1791.5,1791,1792,0.064748103,0.024703121,0.003476948,0.003602243,-0.001076215,0.012942317,0,-0.002161658,0.003425177,0.002818791,0.02627587,0.19403086,0.000824729,0.027759773,4.99E-08,0.09271898,0.289651095,0.001309039,0.20973229,0.089534156,0.00851239
1792.5,1792,1793,0.066319496,0.025298216,0.003561554,0.003845214,-0.000850004,0.012986675,0,-0.002276599,0.00312483,0.002887542,0.021230868,0.28480438,0.001632339,0.02842925,5.11E-08,0.096213109,0.378894408,0.001037323,0.295439981,0.091703338,0.009670172
1793.5,1793,1794,0.067890518,0.025892965,0.003646152,0.003352593,-0.000867003,0.012704509,0,-0.002390147,0.002885908,0.002956293,0.010425982,0.2809241,0.001154674,0.029098393,5.23E-08,0.097206296,0.365665281,0.000802359,0.281232885,0.093871617,0.008610042
1794.5,1794,1795,0.06946117,0.02648737,0.00373074,0.003906479,-0.001834185,0.015489532,0,-0.002509108,0.005033052,0.003025044,0.002005778,0.286123051,-0.00091866,0.029767198,5.36E-08,0.097799014,0.355395024,0.002066476,0.2769687,0.096038949,0.008022821
1795.5,1795,1796,0.071031453,0.02708143,0.003815319,0.004406898,-0.001526359,0.015498863,0,-0.002631289,0.004705158,0.003093795,-0.014923711,-0.111924459,0.000375125,0.030435653,5.48E-08,0.101303091,-0.057315373,0.001747375,-0.142661135,0.098206459,0.009347653
1796.5,1796,1797,0.072601366,0.027675146,0.003899888,0.002964057,-0.00111055,0.013340003,0,-0.002745593,0.003069651,0.003162546,-0.018685791,0.019413562,0.000246177,0.031103799,5.60E-08,0.101763345,0.087617227,0.000632807,-0.002815971,0.100372908,0.007290774
1797.5,1797,1798,0.07417091,0.028268519,0.003984449,0.0048514,-0.001751624,0.016474744,0,-0.002871821,0.005197029,0.003231297,-0.024746397,0.185932214,0.000308467,0.031771696,5.72E-08,0.105693205,0.230118983,0.001884653,0.141521251,0.102538376,0.009760474
1798.5,1798,1799,0.075740085,0.028861548,0.004069,0.005220651,-0.002114792,0.017951203,0,-0.002997599,0.005956524,0.003300048,-0.026959953,0.288115609,-0.000253665,0.032439249,5.84E-08,0.108029597,0.324168356,0.002296085,0.237125321,0.104703142,0.010258591
1799.5,1799,1800,0.07730889,0.029454236,0.004153541,0.004304429,-0.001906959,0.016556152,0,-0.003122068,0.005079902,0.003368799,-0.025780195,0.30411801,-0.000523879,0.033106459,5.97E-08,0.108431014,0.342584285,0.001617938,0.254261229,0.10686715,0.008455751
1800.5,1800,1801,0.078877328,0.030046582,0.004238074,0.004082776,-0.002213963,0.017021214,0,-0.003257737,0.005429541,0.00343755,-0.019138912,-0.066521767,-0.001479961,0.033773326,6.09E-08,0.109420655,-0.006779092,0.001731537,-0.099814438,0.109030487,0.007518191
1801.5,1801,1802,0.080445396,0.030638586,0.004322597,0.004903273,-0.002109944,0.017674004,0,-0.003407541,0.005624784,0.003506301,0.003777914,0.198079355,-0.000399644,0.034439852,6.21E-08,0.11307469,0.285506596,0.001733696,0.19012882,0.111193617,0.009133563
1802.5,1802,1803,0.082013096,0.03123025,0.004407111,0.004088786,-0.002239742,0.016749439,0,-0.003558961,0.00514603,0.003575052,0.004858252,0.277778797,-0.001248728,0.035106032,6.33E-08,0.113120038,0.363529025,0.001278943,0.270174008,0.11335628,0.007087606
1803.5,1803,1804,0.083580428,0.031821573,0.004491616,0.003899307,-0.001904386,0.016135342,0,-0.003708838,0.004437279,0.003643803,-0.000873329,0.297919689,-0.000535325,0.035771863,6.45E-08,0.115517427,0.379936411,0.000696745,0.28301127,0.1155175,0.007205117
1804.5,1804,1805,0.085147392,0.032412557,0.004576111,0.005421551,-0.001869457,0.017384857,0,-0.003863484,0.005122427,0.003712554,0.002337027,0.300662254,0.000928384,0.036437354,6.57E-08,0.120278046,0.391469198,0.000992264,0.28950765,0.117678524,0.00985343
1805.5,1805,1806,0.086713988,0.033003201,0.004660597,0.004860742,-0.002397136,0.018015215,0,-0.004012883,0.005807769,0.003781305,-0.001039615,0.18981348,-0.000932906,0.037102504,6.70E-08,0.119891168,0.277119637,0.001303363,0.175452558,0.119839788,0.007818475
1806.5,1806,1807,0.088280217,0.033593507,0.004745074,0.005782223,-0.00239134,0.018606641,0,-0.004170169,0.006154231,0.003850056,-0.007650493,0.282873291,2.75E-05,0.037767315,6.82E-08,0.123394092,0.361304877,0.001397698,0.258595593,0.121998238,0.00929381
1807.5,1807,1808,0.089846078,0.034183474,0.004829542,0.006088238,-0.002687254,0.01949847,0,-0.004323073,0.006816228,0.003918807,-0.020490951,0.303292944,-0.000428335,0.03843159,6.94E-08,0.125254315,0.362500579,0.001700972,0.260426795,0.124157277,0.009275221
1808.5,1808,1809,0.091411572,0.034773104,0.004914001,0.007642297,-0.003463202,0.02285049,0,-0.004477991,0.009379717,0.003987558,-0.023498396,0.306356821,-0.001363397,0.039095481,7.06E-08,0.128641276,0.360290216,0.003354671,0.25891705,0.126315457,0.011172537
1809.5,1809,1810,0.092976699,0.035362397,0.00499845,0.006542102,-0.003051761,0.021087402,0,-0.004635975,0.007927522,0.004056309,-0.026624191,-2.55765324,-0.001152395,0.039759025,7.18E-08,0.12915481,-2.528398627,0.002177443,-2.616592612,0.128473274,0.009371054
1810.5,1810,1811,0.094541459,0.035951353,0.00508289,0.006946474,-0.003197687,0.021783236,0,-0.004801155,0.008436495,0.00412506,-0.029720308,-2.982767031,-0.001203784,0.040422224,7.30E-08,0.131452154,-2.959632097,0.002388263,-3.047441035,0.130629076,0.00972501
1811.5,1811,1812,0.096105853,0.036539972,0.005167321,0.006833786,-0.00292827,0.021006088,0,-0.004963328,0.007610393,0.004193811,-0.029111137,-1.227618497,-0.000355635,0.041085069,7.43E-08,0.133608923,-1.193008912,0.001652334,-1.290881466,0.132784843,0.00965943
1812.5,1812,1813,0.09766988,0.037128256,0.005251742,0.006659882,-0.002671595,0.020330589,0,-0.005134112,0.006882181,0.004262562,-0.025538823,-0.584038324,0.00028626,0.041747565,7.55E-08,0.135756928,-0.533819302,0.001014007,-0.639392146,0.134940927,0.009542876
1813.5,1813,1814,0.09923354,0.037716205,0.005336155,0.006507115,-0.002823301,0.020508756,0,-0.005313101,0.007128544,0.004331313,-0.019803008,-0.553975502,-0.000276736,0.042409717,7.67E-08,0.136821601,-0.49501404,0.001015183,-0.60020511,0.137096356,0.008750523
1814.5,1814,1815,0.100796835,0.03830382,0.005420558,0.007273266,-0.003738672,0.023232306,0,-0.005489258,0.009290826,0.004400064,-0.017602371,-0.622046615,-0.002083204,0.043071524,7.79E-08,0.138472797,-0.566990566,0.002319485,-0.665650932,0.139251131,0.008886896
1815.5,1815,1816,0.102359764,0.0388911,0.005504952,0.007951531,-0.0035803,0.023487904,0,-0.00566059,0.009249612,0.004468815,-0.006984488,-2.312318799,-0.000951138,0.043732988,7.91E-08,0.141831968,-2.24535413,0.002125547,-2.340991346,0.141405251,0.010073582
1816.5,1816,1817,0.103922327,0.039478047,0.005589337,0.007052329,-0.003576044,0.02227482,0,-0.005837368,0.008459545,0.004537566,0.006282345,-4.307500196,-0.001511321,0.044394109,8.03E-08,0.141916356,-4.221226208,0.001427274,-4.318411521,0.143558718,0.008041191
1817.5,1817,1818,0.105484524,0.04006466,0.005673713,0.00844129,-0.003913595,0.024181893,0,-0.00601035,0.009770605,0.004606317,0.004225285,-3.139352414,-0.001112747,0.045054887,8.16E-08,0.145651462,-3.056527903,0.002141132,-3.153380495,0.145710494,0.009961667
1818.5,1818,1819,0.107046356,0.040650941,0.00575808,0.009309379,-0.004475491,0.026541507,0,-0.006176765,0.011233357,0.004675068,-0.001138643,-1.714844344,-0.001786696,0.045715323,8.28E-08,0.148504164,-1.640088416,0.002993621,-1.736289057,0.147862347,0.011124002
1819.5,1819,1820,0.108607823,0.041236889,0.005842437,0.008598755,-0.00408832,0.024843789,0,-0.006352701,0.010261985,0.004743819,-0.006057113,-0.563690321,-0.001510279,0.046375483,8.40E-08,0.149158261,-0.482729364,0.002152171,-0.591094279,0.150013019,0.009531325
1820.5,1820,1821,0.110168925,0.041822507,0.005926785,0.008554995,-0.004452519,0.025604915,0,-0.006542817,0.010951619,0.00481257,-0.015229186,-0.008213184,-0.002569694,0.047035412,8.52E-08,0.150240599,0.105193386,0.002440015,-0.026153631,0.152162586,0.008793007
1821.5,1821,1822,0.111729662,0.042407792,0.006011124,0.009588751,-0.004512699,0.026571706,0,-0.006740673,0.011497246,0.004881321,-0.021832432,0.059378999,-0.001671288,0.047695005,8.64E-08,0.153743937,0.16003917,0.002617051,0.027696173,0.154311428,0.010350208
1822.5,1822,1823,0.113290035,0.042992748,0.006095454,0.008457295,-0.004386145,0.024906549,0,-0.006942328,0.010573193,0.004950072,-0.023260681,0.045051213,-0.00228616,0.048354263,8.77E-08,0.153266909,0.145864127,0.00178675,0.013992288,0.156459378,0.007737439
1823.5,1823,1824,0.114850043,0.043577373,0.006179775,0.008441598,-0.004264456,0.024413414,0,-0.007144472,0.010017889,0.005018823,-0.026340201,-0.324538903,-0.001719824,0.049013186,8.89E-08,0.155260732,-0.261518921,0.001228753,-0.381179257,0.158606638,0.007546965
1824.5,1824,1825,0.116409687,0.044161668,0.006264087,0.010162657,-0.004451941,0.026003711,0,-0.007334815,0.011145384,0.005087574,-0.022357512,-0.040858118,-0.000540742,0.049671774,9.01E-08,0.159626404,0.063603532,0.001781495,-0.074550348,0.160753209,0.010028473
1825.5,1825,1826,0.117968967,0.044745634,0.006348389,0.009708806,-0.004900115,0.026337103,0,-0.007538773,0.011666204,0.005156325,-0.013150002,0.095137033,-0.002099804,0.050330029,9.13E-08,0.159682136,0.207004104,0.001930544,0.068715304,0.162899584,0.008271179
1826.5,1826,1827,0.119527883,0.045329272,0.006432682,0.010391424,-0.004749747,0.026369316,0,-0.007742924,0.011744442,0.005225076,0.002495696,0.256890971,-0.001069673,0.050987951,9.25E-08,0.162654961,0.376534065,0.001786422,0.241902826,0.165045762,0.009122835
1827.5,1827,1828,0.121086436,0.045912581,0.006516967,0.0110723,-0.005251767,0.02753955,0,-0.00795595,0.012734239,0.005293827,0.018290394,0.278327759,-0.001570228,0.051645539,9.37E-08,0.164640043,0.414810951,0.002252854,0.280159261,0.167191113,0.009360339
1828.5,1828,1829,0.122644625,0.046495563,0.006601242,0.012546934,-0.006224361,0.030865519,0,-0.008163566,0.015436661,0.005362578,0.030496076,0.207318498,-0.002916631,0.052302796,9.50E-08,0.167688443,0.361692869,0.003915428,0.221784607,0.169334719,0.010744453
1829.5,1829,1830,0.12420245,0.047078217,0.006685508,0.011623098,-0.005869007,0.029276409,0,-0.008369691,0.014141061,0.005431329,0.042366137,0.228780841,-0.002674739,0.05295972,9.62E-08,0.168142905,0.393026339,0.002788492,0.25373728,0.171479068,0.009030277
1830.5,1830,1831,0.125759913,0.047660545,0.006769764,0.011985123,-0.00716975,0.030180007,0,-0.008609506,0.015060672,0.00550008,0.047012331,0.287088626,-0.004423683,0.053616197,9.74E-08,0.16853708,0.450608679,0.003172774,0.314986781,0.173622235,0.007623554
1831.5,1831,1832,0.127317013,0.048242547,0.006854012,0.011711672,-0.006431747,0.028670877,0,-0.00889072,0.01378974,0.005568831,0.022269035,-0.403664206,-0.002921,0.054272302,9.86E-08,0.170432045,-0.274261729,0.002034225,-0.400798631,0.175764146,0.007291136
1832.5,1832,1833,0.12887375,0.048824222,0.006938251,0.012029759,-0.006383188,0.028715823,0,-0.009167006,0.013726707,0.005637582,0.001368671,-2.129347798,-0.002387078,0.054928073,9.98E-08,0.172597907,-2.04011425,0.001711989,-2.151911179,0.177905937,0.007443131
1833.5,1833,1834,0.130430124,0.049405573,0.00702248,0.011951467,-0.006603891,0.028761198,0,-0.009449799,0.014028092,0.005706333,-0.016321023,-0.972289217,-0.002984054,0.05558357,1.01E-07,0.173404651,-0.901812473,0.001623742,-1.018899405,0.180048229,0.006359217
1834.5,1834,1835,0.131986136,0.049986598,0.007106701,0.012835364,-0.007478213,0.031118505,0,-0.009728061,0.016109621,0.005775084,-0.015468049,-0.125096977,-0.004524526,0.05623882,1.02E-07,0.175228939,-0.017453894,0.002718142,-0.162090932,0.182189833,0.006394214
1835.5,1835,1836,0.133541786,0.050567299,0.007190912,0.013602071,-0.007316682,0.031017259,0,-0.010000467,0.016029685,0.005843835,0.014343437,-1.481266014,-0.003243688,0.056893731,1.03E-07,0.178101102,-1.376772813,0.002393964,-1.488855325,0.184330713,0.00726747
1836.5,1836,1837,0.135097074,0.051147677,0.007275114,0.013203546,-0.008089359,0.030462348,0,-0.010276558,0.016148425,0.005912586,0.077992296,-1.452199782,-0.004766329,0.057548312,1.05E-07,0.177411609,-1.294438539,0.00218157,-1.405883531,0.186470329,0.004653052
1837.5,1837,1838,0.136652,0.051727731,0.007359308,0.014768169,-0.00837325,0.032424184,0,-0.010551897,0.017560923,0.005981337,0.112793146,-0.378956945,-0.004162646,0.058202564,1.06E-07,0.181334323,-0.170060037,0.002837219,-0.301514767,0.188608649,0.006688113
1838.5,1838,1839,0.138206565,0.052307462,0.007443492,0.015700064,-0.009053946,0.034413304,0,-0.010831201,0.019021052,0.006050088,0.076999557,-0.357291007,-0.004874513,0.058856419,1.07E-07,0.183814254,-0.174849464,0.003551039,-0.30822622,0.190746782,0.007334566
1839.5,1839,1840,0.139760768,0.052886871,0.007527667,0.015106981,-0.009008808,0.033008004,0,-0.011107855,0.018339125,0.006118839,0.062818792,0.020055918,-0.005088821,0.059509842,1.08E-07,0.183787616,0.241397965,0.002791935,0.079147047,0.192884537,0.005293558
1840.5,1840,1841,0.14131461,0.053465957,0.007611833,0.014495074,-0.009348102,0.032321416,0,-0.011382028,0.018191566,0.00618759,0.037532476,0.251842473,-0.006094026,0.060162935,1.10E-07,0.183590087,0.420411342,0.002410836,0.270446748,0.195020293,0.003081242
1841.5,1841,1842,0.14286809,0.054044723,0.007695989,0.016385631,-0.009956691,0.034864669,0,-0.011646126,0.020033158,0.006256341,0.012337966,0.297597661,-0.005832314,0.060815697,1.11E-07,0.187725606,0.440888455,0.00338499,0.290350148,0.197156723,0.005408846
1842.5,1842,1843,0.14442121,0.054623167,0.007780137,0.014976901,-0.009981168,0.033081709,0,-0.011911529,0.018812076,0.006325092,0.000104733,0.305421881,-0.006685742,0.061468129,1.12E-07,0.186594242,0.433041301,0.00230054,0.283841862,0.199290767,0.00222514
1843.5,1843,1844,0.14597397,0.055201291,0.007864276,0.014544917,-0.009751393,0.031645626,0,-0.012177024,0.017715001,0.006393843,-0.012015951,-0.110433186,-0.006160398,0.062120231,1.13E-07,0.187482147,0.013658595,0.001337995,-0.142993768,0.201426113,0.000999901
1844.5,1844,1845,0.147526368,0.055779094,0.007948406,0.016298965,-0.010337332,0.033327088,0,-0.012433988,0.019046136,0.006462594,-0.011675562,0.093079872,-0.005632838,0.062772005,1.14E-07,0.191118868,0.232493309,0.001953659,0.067667455,0.203560769,0.002773208
1845.5,1845,1846,0.149078407,0.056356578,0.008032526,0.016134376,-0.011583987,0.034123046,0,-0.012693488,0.020193628,0.006531345,0.005529434,0.165794898,-0.008173266,0.063423447,1.16E-07,0.190473225,0.315165915,0.002431393,0.153945017,0.205694767,0.000374457
1846.5,1846,1847,0.150630085,0.056933743,0.008116638,0.0171078,-0.011394949,0.034106696,0,-0.012959183,0.020401248,0.006600096,0.027001508,-0.302749159,-0.00687697,0.064074556,1.17E-07,0.193571762,-0.15255227,0.002316218,-0.297792536,0.207827237,0.001432331
1847.5,1847,1848,0.152181403,0.057510589,0.008200741,0.01824394,-0.012737588,0.036044985,0,-0.01322141,0.022360868,0.006668847,0.056208903,0.032647657,-0.008503464,0.064725338,1.18E-07,0.195095545,0.255165651,0.003364617,0.083004585,0.209959729,0.00119798
1848.5,1848,1849,0.153732362,0.058087117,0.008284834,0.019163205,-0.013964804,0.038676356,0,-0.013473982,0.024485506,0.006737598,0.088293824,0.253856268,-0.010351743,0.065375793,1.19E-07,0.197030518,0.475104733,0.004599978,0.317431572,0.212090406,0.001257573
1849.5,1849,1850,0.15528296,0.058663327,0.008368919,0.018752171,-0.014152769,0.037768086,0,-0.013737739,0.023849878,0.006806349,0.079225346,0.297963629,-0.010678408,0.06602601,1.21E-07,0.197314461,0.507972471,0.003861393,0.352088955,0.214220104,-0.000395562
1850.5,1850,1851,0.1568332,0.05923922,0.008452994,0.019403644,-0.014455344,0.038420677,0,-0.014097084,0.024697113,0.0068751,0.052758127,0.305365831,-0.010875256,0.06667598,1.22E-07,0.199123596,0.493285026,0.004055881,0.335795774,0.216349728,-0.000484539
1851.5,1851,1852,0.159457168,0.059362888,0.008793051,0.019227508,-0.013825815,0.036680122,0,-0.014567927,0.023367627,0.006889918,0.043642229,0.306309196,-0.009267193,0.067101775,1.24E-07,0.200984104,0.488705641,0.002578744,0.328156425,0.219353563,-0.001439698
1852.5,1852,1853,0.162424602,0.059915949,0.009132998,0.019308886,-0.013815174,0.035991361,0,-0.015024482,0.022925963,0.006956027,0.037410178,0.306244027,-0.008858206,0.067954841,1.28E-07,0.203512302,0.485330565,0.001827554,0.322068913,0.223097428,-0.002591452
1853.5,1853,1854,0.165089471,0.060829382,0.009565,0.019767092,-0.014477473,0.037004788,0,-0.015490205,0.023844946,0.007065271,0.019669621,0.002150041,-0.009697575,0.069257682,1.31E-07,0.206151514,0.205637715,0.001948073,0.021393506,0.226938592,-0.003400731
1854.5,1854,1855,0.167366903,0.06180585,0.010009535,0.020839444,-0.017163682,0.040199852,0,-0.015952937,0.026857819,0.007182157,0.001103017,-0.186976331,-0.013661537,0.070631851,1.34E-07,0.207170655,-0.046233496,0.003474901,-0.209803129,0.230471314,-0.005400347
1855.5,1855,1856,0.169213342,0.062980324,0.010487577,0.021494978,-0.016833121,0.040134938,0,-0.016407615,0.026500662,0.007322883,-0.014284425,0.114274994,-0.012279243,0.072228827,1.37E-07,0.21078513,0.262474071,0.00276938,0.083500828,0.233789507,-0.004808581
1856.5,1856,1857,0.171338554,0.06405418,0.010969401,0.020605961,-0.017482756,0.039223808,0,-0.016863702,0.026081677,0.0074517,-0.017040725,0.198672426,-0.013866405,0.073735135,1.40E-07,0.210578652,0.331165885,0.002001339,0.158384809,0.237291907,-0.008371764
1857.5,1857,1858,0.174472334,0.065267129,0.011405286,0.022696123,-0.0185036,0.043121205,0,-0.017321483,0.028532764,0.007597345,-0.002935901,-0.572045647,-0.014198561,0.075331739,1.44E-07,0.217103209,-0.463859031,0.003205726,-0.605008008,0.241877806,-0.005927135
1858.5,1858,1859,0.177818859,0.066658872,0.011774057,0.023399001,-0.019219771,0.045191499,0,-0.017783489,0.029632973,0.007764646,0.031174845,-0.288062792,-0.014966693,0.077051651,1.47E-07,0.221804775,-0.115834733,0.003484302,-0.281267469,0.246774836,-0.005790248
1859.5,1859,1860,0.18140053,0.068148911,0.012385309,0.022790224,-0.020100143,0.044691436,0,-0.018247352,0.029511934,0.007944048,0.071598502,0.100973922,-0.016645841,0.079082754,1.50E-07,0.223577871,0.350613522,0.002970309,0.158100172,0.252209802,-0.009068942
1860.5,1860,1861,0.185365566,0.069545858,0.013088255,0.022305543,-0.021449783,0.045016136,0,-0.018632712,0.029813711,0.008112499,0.085427899,0.254500357,-0.019104234,0.081103499,1.54E-07,0.225798025,0.49720503,0.002798291,0.31475964,0.258015868,-0.012110029
1861.5,1861,1862,0.189328181,0.071064936,0.013886897,0.023471228,-0.02210783,0.047079305,0,-0.01894457,0.030695578,0.008295942,0.068212521,0.292926374,-0.019019224,0.083338909,1.57E-07,0.23269875,0.523501827,0.003150411,0.336496725,0.264024053,-0.010760551
1862.5,1862,1863,0.192710135,0.072975517,0.01465176,0.022623135,-0.022164274,0.046872798,0,-0.019257335,0.030109722,0.008526999,0.05462701,-0.927932051,-0.019786843,0.085926106,1.71E-07,0.236458297,-0.760805221,0.002532959,-0.903618193,0.269776858,-0.012490755
1863.5,1863,1864,0.196175993,0.07524956,0.015328578,0.022057336,-0.022865991,0.046704165,0,-0.019564917,0.029279638,0.008802518,0.031532234,-0.850085691,-0.020685994,0.088802374,1.75E-07,0.240379219,-0.696465239,0.001800171,-0.846437057,0.275892982,-0.014484865
1864.5,1864,1865,0.199640064,0.077735893,0.015980072,0.023484252,-0.024304727,0.049528761,0,-0.019878465,0.030775232,0.009104424,0.024522022,-0.093234089,-0.021687386,0.091867518,1.78E-07,0.247109953,0.12696574,0.002577553,-0.086718685,0.282140443,-0.013445738
1865.5,1865,1866,0.203124488,0.080109847,0.016676909,0.02371185,-0.026434259,0.052681846,0,-0.020186007,0.032766361,0.009393367,0.01124988,0.213294639,-0.025348173,0.094854287,1.82E-07,0.25123632,0.414580963,0.003688471,0.203341543,0.288374402,-0.014998498
1866.5,1866,1867,0.206499462,0.082606163,0.017406811,0.023957178,-0.026682252,0.05353601,0,-0.020496994,0.032619263,0.009697907,-0.001614551,0.287329796,-0.025145765,0.097995281,1.86E-07,0.257406315,0.470811725,0.003420432,0.260308537,0.294643168,-0.014681064
1867.5,1867,1868,0.210021999,0.085214827,0.01812381,0.024538649,-0.028997908,0.056801063,0,-0.02080559,0.034502173,0.010016914,-0.011082915,0.300203904,-0.028369776,0.101239599,2.00E-07,0.262335128,0.473653128,0.004497873,0.261404303,0.30113543,-0.015612008
1868.5,1868,1869,0.213031213,0.087546068,0.018894588,0.025599976,-0.030833214,0.060735442,0,-0.021116104,0.036876438,0.010302693,0.00881853,0.294843285,-0.030998405,0.104254538,2.04E-07,0.268184603,0.498328084,0.005918262,0.279196001,0.306924779,-0.015164382
1869.5,1869,1870,0.215398252,0.089606004,0.019631566,0.024586431,-0.031414488,0.059867628,0,-0.021422288,0.035702458,0.010555754,0.043876187,0.009278255,-0.03204138,0.106972842,2.08E-07,0.269741446,0.293819889,0.00488622,0.051365329,0.311804548,-0.018112876
1870.5,1870,1871,0.217978023,0.091251685,0.020322645,0.025290089,-0.032925874,0.062445128,0,-0.021913868,0.037424656,0.010758305,0.100356539,0.204612086,-0.034160438,0.109230166,2.12E-07,0.27337122,0.509179791,0.005580715,0.280740875,0.316466501,-0.018804005
1871.5,1871,1872,0.220748047,0.092363111,0.02111321,0.024661757,-0.033816665,0.061789418,0,-0.022593327,0.036389185,0.010895359,0.097813209,0.283379875,-0.03521592,0.111050241,2.27E-07,0.27395069,0.576023067,0.004177478,0.353022629,0.320918437,-0.022319908
1872.5,1872,1873,0.224178463,0.093247202,0.021870213,0.024212918,-0.035454027,0.060752499,0,-0.023264378,0.036030565,0.011004517,0.087835261,-0.366672335,-0.037887655,0.112609342,2.31E-07,0.273406094,-0.113848871,0.003265299,-0.312807973,0.325780078,-0.027154248
1873.5,1873,1874,0.228160333,0.093914034,0.022614647,0.024665518,-0.038738036,0.063955927,0,-0.023920955,0.038588424,0.011086956,0.061249563,-0.489424672,-0.042858727,0.113944921,2.35E-07,0.274432966,-0.273910509,0.004178904,-0.459440263,0.330976771,-0.030811119
1874.5,1874,1875,0.232247038,0.095089351,0.023333467,0.024799204,-0.038925134,0.066367921,0,-0.02456251,0.039515915,0.011232237,0.029769442,0.04438646,-0.043387831,0.115758073,2.50E-07,0.279891515,0.316983826,0.004077824,0.06636392,0.336733306,-0.030826173
1875.5,1875,1876,0.236947343,0.096261285,0.024064498,0.024365129,-0.039466991,0.065453164,0,-0.025217909,0.038367398,0.011377267,0.004925703,0.08518644,-0.044277809,0.117577958,2.55E-07,0.282485895,0.325676038,0.002683467,0.07695606,0.343074942,-0.033853063
1876.5,1876,1877,0.241623645,0.097248653,0.024716323,0.02342882,-0.040753806,0.066221851,0,-0.025892418,0.038701195,0.011499591,-0.000139038,0.170300616,-0.047040992,0.119146107,2.70E-07,0.284328156,0.392312963,0.002199821,0.149195376,0.349162311,-0.037839495
1877.5,1877,1878,0.246360928,0.098327206,0.025280667,0.02443069,-0.04206506,0.068768499,0,-0.026550535,0.040080725,0.011633306,0.001248711,0.252621868,-0.048428806,0.12072552,2.74E-07,0.289442325,0.468807426,0.002431483,0.228492571,0.355322433,-0.03829608
1878.5,1878,1879,0.251285285,0.099574331,0.025882067,0.024821324,-0.042900247,0.070941831,0,-0.027193632,0.04093382,0.011788076,-0.010698786,0.28301771,-0.049472117,0.122507551,2.90E-07,0.294931251,0.484957468,0.002322779,0.24394149,0.361847629,-0.038871311
1879.5,1879,1880,0.255930274,0.101091097,0.026454085,0.024121439,-0.045653252,0.071723613,0,-0.027827164,0.04199523,0.011976513,-0.006529791,0.296587283,-0.054303935,0.124532438,2.95E-07,0.295046263,0.501836303,0.002397932,0.261825701,0.368321151,-0.044689492
1880.5,1880,1881,0.261017096,0.102795288,0.02702978,0.022587728,-0.048818849,0.071628585,0,-0.028405848,0.041902543,0.012188537,0.021467474,0.157602741,-0.060166328,0.126752278,3.11E-07,0.29416074,0.413975792,0.001760746,0.159710295,0.375405716,-0.052184784
1881.5,1881,1882,0.266481489,0.104409045,0.027509969,0.023679405,-0.050474707,0.074305466,0,-0.028869935,0.043293243,0.012389606,0.055247727,0.007106632,-0.061958371,0.128789639,3.16E-07,0.300601296,0.329727046,0.002279449,0.060965274,0.382702905,-0.052355139
1882.5,1882,1883,0.272259153,0.106004851,0.028002354,0.022516835,-0.051828621,0.073507292,0,-0.029340756,0.042730871,0.012588742,0.05084018,0.209396291,-0.064817021,0.130821729,3.33E-07,0.302622525,0.49456797,0.001420889,0.237694342,0.3903012,-0.057379858
1883.5,1883,1884,0.277227863,0.107659412,0.028465452,0.021763516,-0.052759356,0.072832107,0,-0.029811544,0.041848214,0.01279551,0.044934806,-0.070848327,-0.066733085,0.132886648,3.50E-07,0.305143256,0.226013069,0.000358481,-0.0424106,0.39711337,-0.061324027
1884.5,1884,1885,0.282298646,0.109445937,0.028924224,0.0229008,-0.054552401,0.076404464,0,-0.03027911,0.04386256,0.013019117,0.054033596,-1.619839268,-0.068738881,0.135079918,3.66E-07,0.312058438,-1.442563764,0.001324604,-1.60087865,0.404159724,-0.061023909
1885.5,1885,1886,0.288125883,0.111461615,0.029366045,0.022229393,-0.055242762,0.077665242,0,-0.030745051,0.044065804,0.01327183,0.040685227,-1.052504381,-0.070616196,0.137487132,3.72E-07,0.317478257,-0.866843142,0.001070279,-1.045435023,0.412135946,-0.062837417
1886.5,1886,1887,0.294327875,0.11342975,0.029766241,0.022908119,-0.055455097,0.079147079,0,-0.031222449,0.044373489,0.01351903,0.010213852,-0.962035357,-0.07026692,0.139811708,3.89E-07,0.325805266,-0.797051992,0.000852087,-0.987342868,0.420413515,-0.062244181
1887.5,1887,1888,0.300755564,0.115588975,0.030248971,0.022980744,-0.057914027,0.081749164,0,-0.031705739,0.045849861,0.013790765,-0.000640465,-0.327257554,-0.074172819,0.142393222,4.06E-07,0.330958873,-0.112545582,0.001459505,-0.361728714,0.42916704,-0.064951615
1888.5,1888,1889,0.307914042,0.1176741,0.030627945,0.022987144,-0.063520043,0.084958934,0,-0.032193624,0.04880948,0.014053663,-0.006300273,0.110378156,-0.083138776,0.144813516,4.24E-07,0.332141431,0.37651296,0.002991138,0.08734055,0.438458256,-0.072000905
1889.5,1889,1890,0.315085966,0.119919269,0.031114172,0.022504403,-0.062848542,0.085790382,0,-0.032684138,0.047870237,0.014337334,-0.006582796,0.225479181,-0.082518833,0.147487283,4.41E-07,0.341019395,0.481299575,0.001962623,0.192926265,0.447999716,-0.072000932
1890.5,1890,1891,0.32214524,0.122158034,0.031480296,0.022467821,-0.067167272,0.088235695,0,-0.033152618,0.049966913,0.014620743,-0.005640052,0.034448877,-0.089734404,0.150048902,4.59E-07,0.343438375,0.327215714,0.002973363,0.022447395,0.457297662,-0.078128786
1891.5,1891,1892,0.329469923,0.124431031,0.031813159,0.022086254,-0.067519451,0.087691513,0,-0.033610808,0.048895784,0.01490907,0.025852933,0.187519646,-0.09084432,0.152612317,4.77E-07,0.349413462,0.494821625,0.001923884,0.191327372,0.466895911,-0.080704023
1892.5,1892,1893,0.336639429,0.127102178,0.032232313,0.02183317,-0.067622831,0.088196148,0,-0.034057642,0.04836971,0.015248683,0.068948831,0.12050052,-0.091147475,0.155656091,4.96E-07,0.357479543,0.488313387,0.001158471,0.171875483,0.476780701,-0.081651402
1893.5,1893,1894,0.342943055,0.129678585,0.032721614,0.021701921,-0.067948674,0.090401743,0,-0.034510826,0.048865113,0.015577073,0.081018322,0.210982757,-0.091884403,0.158665793,5.14E-07,0.366181346,0.582582938,0.001166954,0.267313739,0.485791036,-0.08172251
1894.5,1894,1895,0.349324301,0.131880974,0.03330601,0.021371916,-0.071982214,0.09492258,0,-0.034963281,0.051379853,0.015858469,0.079749175,0.266803553,-0.098636553,0.161386981,5.33E-07,0.37001236,0.632424652,0.002505334,0.318912324,0.494612432,-0.085541582
1895.5,1895,1896,0.355156649,0.133766341,0.033919287,0.021915668,-0.074080887,0.095881946,0,-0.03542383,0.052041432,0.016099856,0.059732347,-0.056803732,-0.101752863,0.1638145,5.64E-07,0.374033933,0.323559526,0.002551681,-0.01158316,0.502630469,-0.08878997
1896.5,1896,1897,0.360941397,0.13482612,0.03439278,0.019885579,-0.074347309,0.093751315,0,-0.035863749,0.050199633,0.016235776,0.037974151,0.103527741,-0.10408976,0.165286583,5.83E-07,0.375061676,0.462457034,0.000889927,0.12590328,0.509722176,-0.094395364
1897.5,1897,1898,0.366617355,0.135856182,0.034882638,0.020904225,-0.078710824,0.098494018,0,-0.036308264,0.053373478,0.016368024,0.00872943,0.241951128,-0.110316475,0.166758821,6.02E-07,0.378195666,0.547952703,0.002536975,0.224478973,0.516683486,-0.097451523
1898.5,1898,1899,0.372851584,0.137731677,0.035371413,0.020716933,-0.081670444,0.10014457,0,-0.036752787,0.054269504,0.016608983,0.015012505,0.277599486,-0.115466783,0.169067812,6.34E-07,0.380646334,0.587225861,0.002750796,0.26524899,0.524982829,-0.102190629
1899.5,1899,1900,0.379870527,0.139958487,0.03599554,0.019339423,-0.087808832,0.101840143,0,-0.037212125,0.056382283,0.016895635,0.002246175,0.290294797,-0.127049263,0.17185109,6.54E-07,0.378166458,0.579121606,0.003812203,0.263245252,0.534480529,-0.113244481
1900.5,1900,1901,0.387485884,0.142185469,0.036623421,0.018339764,-0.090361537,0.102759065,0,-0.037746803,0.056484985,0.017182897,0.000472221,0.278295688,-0.13234135,0.174634959,6.87E-07,0.381478755,0.569542139,0.003431952,0.249637129,0.544589833,-0.119370489
1901.5,1901,1902,0.394199054,0.144392335,0.03730461,0.019016021,-0.091743952,0.104863492,0,-0.038358419,0.05721803,0.017468168,-0.008687385,0.289479244,-0.134680609,0.177444784,7.07E-07,0.387611741,0.573219575,0.00335608,0.250069572,0.553828451,-0.121439918
1902.5,1902,1903,0.400614884,0.147055555,0.038351409,0.018286939,-0.093071368,0.105988377,0,-0.038974665,0.057014765,0.017813294,-0.005864354,0.242298559,-0.137377544,0.181036591,1.08E-06,0.393063524,0.542279663,0.002689225,0.208433176,0.563529557,-0.125011795
1903.5,1903,1904,0.407251567,0.149793654,0.039590525,0.017688137,-0.097207762,0.106960448,0,-0.039580345,0.057729571,0.018169077,0.015000812,-0.083420028,-0.144975265,0.1848813,1.52E-06,0.394288673,0.261607078,0.002650972,-0.088279098,0.573672979,-0.13340811
1904.5,1904,1905,0.413281676,0.153385696,0.040749503,0.01713235,-0.101132155,0.112799949,0,-0.040205278,0.059963262,0.018636975,0.04617053,0.085158564,-0.151569538,0.189501956,1.97E-06,0.400434232,0.478816308,0.003734273,0.117666397,0.583930146,-0.136559937
1905.5,1905,1906,0.420030411,0.156964839,0.041895089,0.0171039,-0.106040358,0.116888461,0,-0.040782592,0.062209955,0.019104718,0.044046342,0.235262891,-0.160222388,0.194098389,2.54E-06,0.404169751,0.602257128,0.004817322,0.253652364,0.5948763,-0.143005385
1906.5,1906,1907,0.427558057,0.160746257,0.043047407,0.016725222,-0.110134207,0.119448151,0,-0.041382841,0.063426674,0.019600528,0.056215772,0.271769903,-0.1676511,0.198908171,3.29E-06,0.408374811,0.64790141,0.005211027,0.300412664,0.606791126,-0.149359041
1907.5,1907,1908,0.436378694,0.164790549,0.04428424,0.016344564,-0.120630043,0.125899096,0,-0.041994196,0.068405267,0.020132697,0.051431168,-0.115040644,-0.185369935,0.20405253,4.30E-06,0.407376662,0.269969885,0.008008734,-0.087093963,0.620287002,-0.162431712
1908.5,1908,1909,0.444857728,0.168066384,0.045681076,0.016293978,-0.11777122,0.129460438,0,-0.042584432,0.067705438,0.020565377,0.048110151,-0.068392823,-0.180683884,0.208583089,5.61E-06,0.425138339,0.344994775,0.00716146,-0.037195254,0.632873101,-0.156532598
1909.5,1909,1910,0.453284556,0.171586494,0.047092392,0.016070454,-0.121095417,0.131834968,0,-0.043168105,0.068469884,0.021031717,0.035436341,0.203918208,-0.186498808,0.213365002,6.47E-06,0.431763756,0.593780812,0.007217705,0.215202008,0.645663858,-0.161838024
1910.5,1910,1911,0.462173437,0.175144911,0.048604561,0.015392426,-0.126866903,0.136948824,0,-0.043569857,0.071401193,0.021504695,0.012319851,0.27689102,-0.19700424,0.218266518,8.37E-06,0.436838422,0.633636986,0.008908778,0.260342411,0.659023327,-0.16888316
1911.5,1911,1912,0.471276649,0.17822377,0.050291656,0.016116153,-0.125123547,0.137913584,0,-0.043758446,0.07033532,0.021915366,-0.002271015,0.274290112,-0.194358659,0.222876478,2.23E-05,0.452286389,0.628274814,0.008251965,0.241673193,0.672337219,-0.165934323
1912.5,1912,1913,0.481845708,0.180942913,0.05153211,0.016069773,-0.126818358,0.139121204,0,-0.043965142,0.070588878,0.022278883,-0.003769493,-0.332931074,-0.19783695,0.226703396,2.87E-05,0.462757173,-0.012976749,0.008420554,-0.3759766,0.68630896,-0.168790877
1913.5,1913,1914,0.493073528,0.182669405,0.052956979,0.016290424,-0.132248822,0.143290134,0,-0.044170571,0.07371912,0.022510507,-0.005489802,-0.459642656,-0.207028822,0.229723574,3.54E-05,0.469638545,-0.164257697,0.010376392,-0.507549726,0.700224893,-0.174419359
1914.5,1914,1915,0.503300482,0.184217665,0.054426111,0.0156254,-0.126775401,0.146471038,0,-0.044384222,0.071870353,0.022718641,0.002770073,0.080586528,-0.196622028,0.232604036,5.58E-05,0.493282824,0.517065937,0.009050775,0.06987898,0.713045943,-0.162917765
1915.5,1915,1916,0.513696501,0.186078742,0.055799616,0.016647654,-0.124265391,0.146696091,0,-0.044583991,0.070760553,0.022969004,0.049694404,0.258268968,-0.192209079,0.235738322,8.70E-05,0.510003083,0.729579926,0.008224013,0.280264462,0.726223071,-0.158089097
1916.5,1916,1917,0.524688435,0.190636487,0.056896918,0.01538597,-0.130716634,0.149844158,0,-0.044772482,0.072482793,0.023582646,0.070129036,0.286170311,-0.205421495,0.241302496,0.000137318,0.513831713,0.774483539,0.009516966,0.32674617,0.742230075,-0.169488042
1917.5,1917,1918,0.535214464,0.193958615,0.058150743,0.016383564,-0.136161332,0.156458623,0,-0.044987215,0.076116479,0.024031768,0.130807081,0.277983195,-0.214042358,0.245786859,0.000196431,0.524153957,0.82839023,0.011983711,0.376043916,0.756815975,-0.172401075
1918.5,1918,1919,0.543936276,0.198206049,0.058941773,0.016045403,-0.135995868,0.160446367,0,-0.045199898,0.07619369,0.024607446,0.10912798,0.206412181,-0.213519821,0.250757611,0.000241432,0.539677083,0.767285562,0.012088066,0.28859466,0.770019027,-0.169044998
1919.5,1919,1920,0.551166549,0.203045404,0.059145295,0.015624075,-0.12135195,0.161908922,0,-0.045442417,0.069640889,0.02526556,0.062809809,-0.018100849,-0.187961433,0.255781426,0.000283044,0.576327525,0.573952928,0.007892771,0.03901506,0.781803456,-0.143946434
1920.5,1920,1921,0.559747333,0.207825278,0.059478719,0.016069142,-0.131139552,0.168073851,0,-0.045757137,0.074338448,0.025918413,0.029223114,0.215463682,-0.204765354,0.260851531,0.000309232,0.576043548,0.737576142,0.010956392,0.218771445,0.794965562,-0.155492583
1921.5,1921,1922,0.566736523,0.212386787,0.059942805,0.018044539,-0.115344116,0.168969988,0,-0.046156675,0.068334121,0.026544087,0.018636569,0.277452171,-0.175555179,0.265830636,0.000329943,0.615739274,0.818144517,0.006917395,0.266452828,0.806482708,-0.127101115
1922.5,1922,1923,0.573536788,0.216783437,0.060492128,0.017269332,-0.117494635,0.171804039,0,-0.046554214,0.068295991,0.027149583,0.0045896,0.287711534,-0.180624142,0.270728048,0.000366835,0.622524696,0.816344005,0.00672934,0.260866568,0.817720926,-0.130798578
1923.5,1923,1924,0.57994525,0.220608639,0.061716451,0.022693242,-0.131530406,0.182607475,0,-0.046981014,0.079803995,0.027678787,0.001723946,0.289080229,-0.199336555,0.275688905,0.000425934,0.624090956,0.813028158,0.014183856,0.258787416,0.828674732,-0.139378123
1924.5,1924,1925,0.587014479,0.223343522,0.062297129,0.020416551,-0.128399966,0.180780319,0,-0.047410594,0.076034383,0.02805804,0.010466629,0.060294432,-0.196788126,0.278975451,0.000485076,0.632629675,0.646928888,0.011371683,0.060213108,0.838705284,-0.139839238
1925.5,1925,1926,0.590526003,0.225057712,0.062511578,0.021057241,-0.129468482,0.183811979,0,-0.047818941,0.077170342,0.028296108,0.034401422,0.189349876,-0.197920169,0.280935784,0.000556705,0.637902458,0.782887826,0.011784294,0.199407299,0.843997602,-0.13917116
1926.5,1926,1927,0.593187893,0.225968644,0.062699782,0.018489442,-0.13051115,0.184715867,0,-0.048234578,0.075713954,0.028422817,0.058760567,-0.050906569,-0.202803899,0.282079733,0.000645629,0.635761441,0.584377295,0.010405247,-0.005995524,0.847684426,-0.145371061
1927.5,1927,1928,0.597502411,0.227338976,0.062918893,0.017834132,-0.137038474,0.190304736,0,-0.04868633,0.078541075,0.028613571,0.083670515,0.108049483,-0.214625593,0.283697748,0.00070978,0.632635741,0.756979547,0.011860833,0.174411072,0.853434789,-0.153757823
1928.5,1928,1929,0.60038322,0.230404434,0.063316353,0.014974019,-0.136902372,0.193018001,0,-0.049101445,0.076613408,0.029041048,0.079063525,0.260671691,-0.21715615,0.287172692,0.000797926,0.636155605,0.880873101,0.010349205,0.31000771,0.859542224,-0.155748724
1929.5,1929,1930,0.603545284,0.234183176,0.063569996,0.012383544,-0.144618251,0.198718089,0,-0.049555955,0.078703431,0.029569385,0.053254939,0.275704379,-0.232048467,0.291254021,0.000924103,0.630150654,0.862688019,0.011484329,0.299024016,0.866479036,-0.167731747
1930.5,1930,1931,0.605879955,0.237924725,0.063779126,0.011303142,-0.139311993,0.201946068,0,-0.049953943,0.076709371,0.030094189,0.043400818,0.281720859,-0.222492902,0.295261626,0.001064276,0.646843411,0.875339199,0.010040848,0.294939251,0.872493781,-0.156845357
1931.5,1931,1932,0.609762727,0.240947923,0.064552646,0.012173056,-0.122394176,0.195604464,5.05E-05,-0.050348643,0.06815715,0.030519932,0.023911581,0.266059356,-0.193944704,0.299092309,0.001229359,0.676725814,0.871982977,0.004187194,0.260111014,0.879906782,-0.134418849
1932.5,1932,1933,0.615031876,0.243729007,0.064969711,0.014517704,-0.114193637,0.198248619,0.000100978,-0.050697716,0.067035047,0.030912341,0.012868291,0.153449044,-0.177037158,0.30236751,0.001391436,0.703726789,0.794575479,0.003288989,0.144140922,0.888141882,-0.115772079
1933.5,1933,1934,0.621060065,0.246570528,0.065592593,0.012233422,-0.117988173,0.199150407,0.000151468,-0.051044659,0.066682307,0.031314405,0.006782947,-0.122166334,-0.185470214,0.305879222,0.001561772,0.703148185,0.502439674,0.00286096,-0.142616856,0.897378915,-0.124483251
1934.5,1934,1935,0.628568955,0.249808015,0.065999415,0.011302032,-0.129489582,0.207048422,0.000201957,-0.051471291,0.072108113,0.031773461,0.012394527,0.130797656,-0.205441615,0.309616341,0.001756133,0.69780021,0.769350365,0.006322473,0.12332407,0.90824166,-0.138678893
1935.5,1935,1936,0.637252651,0.253085172,0.066502616,0.009244319,-0.135292689,0.210196751,0.000252446,-0.051913199,0.072922904,0.032239518,0.040872493,0.261297319,-0.21809149,0.313518358,0.001995464,0.697972942,0.905119684,0.006725503,0.272719342,0.92042287,-0.150694573
1936.5,1936,1937,0.652788568,0.256008235,0.067166624,0.009472043,-0.144978025,0.218472741,0.000302935,-0.052343857,0.078545877,0.032656504,0.114824423,0.282478171,-0.234402087,0.317261858,0.002305587,0.705358678,0.996810673,0.010137328,0.364245541,0.939247385,-0.16059285
1937.5,1937,1938,0.667629696,0.25876308,0.068008517,0.006865446,-0.150517828,0.221594493,0.000353424,-0.052807606,0.078779608,0.033050637,0.14058126,0.27472394,-0.247466648,0.321012947,0.002641037,0.710352928,1.015491626,0.01007484,0.381277894,0.957381313,-0.172236173
1938.5,1938,1939,0.678016056,0.261401087,0.068996358,0.007328691,-0.140158234,0.218579238,0.000403913,-0.053252651,0.073646072,0.033429086,0.126076064,0.277226994,-0.229241886,0.324810051,0.002975691,0.737306553,1.033943892,0.006488419,0.369824787,0.97117763,-0.158337019
1939.5,1939,1940,0.688924271,0.265235174,0.069802437,0.006020308,-0.149908306,0.226852822,0.000454403,-0.053700396,0.078306086,0.033980128,0.106362099,0.283824583,-0.247171217,0.329627896,0.003329058,0.740139133,1.024343906,0.009404591,0.357257422,0.986431684,-0.169980222
1940.5,1940,1941,0.698801063,0.267188927,0.070758662,0.003402482,-0.157032876,0.229453596,0.000504892,-0.053865442,0.079137519,0.034262096,0.084096276,0.285025239,-0.264878018,0.332752003,0.003735983,0.735888864,1.000853744,0.009936928,0.337071796,0.999094426,-0.18573855
1941.5,1941,1942,0.70763232,0.269084126,0.071767051,0.003350165,-0.16024734,0.232162141,0.000544234,-0.053751149,0.080664878,0.034536144,0.066804561,0.285018151,-0.272063257,0.335941422,0.004217622,0.742051751,0.992044806,0.011317653,0.320241582,1.010815996,-0.189676913
1942.5,1942,1943,0.714608451,0.272085323,0.072888725,0.003083114,-0.165861907,0.235431542,0.000590133,-0.053660044,0.083765136,0.034970622,0.039776661,0.28481041,-0.280849493,0.340432738,0.004821894,0.747551912,0.968789785,0.01369628,0.293206523,1.021875455,-0.194598568
1943.5,1943,1944,0.718742596,0.274779345,0.075495735,0.00392764,-0.166733841,0.239717678,0.000636032,-0.053641593,0.084717523,0.03536303,0.019084614,0.059635554,-0.282335213,0.34601527,0.005544833,0.7587133,0.776354784,0.014743423,0.068143526,1.031301561,-0.191823002
1944.5,1944,1945,0.719015942,0.276958351,0.076397953,0.004961777,-0.165024724,0.243910623,0.000688489,-0.053559483,0.085071233,0.035680014,0.017913739,0.120764878,-0.276958478,0.349639708,0.006398941,0.77172808,0.836860204,0.015333297,0.119821446,1.035049753,-0.18267857
1945.5,1945,1946,0.71827971,0.278795756,0.07733303,0.006000234,-0.147732063,0.242691223,0.000740945,-0.053488496,0.077439654,0.035947927,0.053871863,0.240248139,-0.244636444,0.352928511,0.007145053,0.805728191,1.006400261,0.010555203,0.264969486,1.0374243,-0.152672936
1946.5,1946,1947,0.718197184,0.281407118,0.078156325,0.007698971,-0.144054363,0.242184595,0.000806515,-0.053342951,0.076628473,0.036328957,0.099456132,0.273238282,-0.236867645,0.357118248,0.008096861,0.817488896,1.086671356,0.010362896,0.340238863,1.04131295,-0.144231205
1947.5,1947,1948,0.719917608,0.284999324,0.078509673,0.003785748,-0.152187256,0.249117429,0.000865529,-0.053256984,0.077843536,0.036853761,0.13974227,0.147048301,-0.257400907,0.361874268,0.009109892,0.808154946,1.006018671,0.011599302,0.26416916,1.047479848,-0.159231818
1948.5,1948,1949,0.720430584,0.288587768,0.078706599,0.003504649,-0.159370109,0.258474813,0.000937656,-0.053223564,0.081771972,0.037379454,0.159483922,0.18790114,-0.268951453,0.366615341,0.010220082,0.809159144,1.055340567,0.014737951,0.319858028,1.052409274,-0.162518935
1949.5,1949,1950,0.722448072,0.291408171,0.07889348,-0.000477395,-0.157260042,0.257556318,0.001009783,-0.053078789,0.078782757,0.037793775,0.135981936,0.263661477,-0.268375982,0.37056375,0.011388646,0.813573823,1.103706658,0.013040735,0.366016969,1.058118492,-0.16365707
1950.5,1950,1951,0.726008266,0.293475586,0.079479621,-0.002041627,-0.169222732,0.269733394,0.001095025,-0.053345077,0.085036541,0.038098544,0.09036488,0.278893501,-0.290022147,0.374169233,0.012583388,0.807182649,1.070400009,0.017303913,0.336590694,1.065063795,-0.175843503
1951.5,1951,1952,0.729645229,0.296442493,0.079982182,-0.005284288,-0.165081248,0.266944057,0.001180266,-0.053971612,0.079195109,0.038536512,0.059987112,0.246269525,-0.291735097,0.37864612,0.013843818,0.808109793,1.017640135,0.012790902,0.276283199,1.072870121,-0.182372972
1952.5,1952,1953,0.735947864,0.299703761,0.080659085,-0.007998184,-0.170496035,0.272799533,0.001272065,-0.054593185,0.080480785,0.039019322,0.037382912,0.247015282,-0.301658063,0.383536685,0.015064705,0.811274475,0.997394504,0.013392657,0.254314824,1.083750959,-0.18927022
1953.5,1953,1954,0.743427545,0.305046817,0.081904594,-0.009916384,-0.175851876,0.281885388,0.001376977,-0.055095305,0.082624952,0.039813337,0.023292666,0.263516884,-0.312174683,0.39118358,0.016445189,0.820515537,1.004555739,0.014707561,0.25517473,1.098259267,-0.193468329
1954.5,1954,1955,0.750446217,0.311554262,0.082764366,-0.010252611,-0.178747997,0.288362086,0.001488447,-0.055705984,0.084222001,0.040784526,0.015741072,0.274151714,-0.31834304,0.399859051,0.0180436,0.832269673,1.016446864,0.015734731,0.257251049,1.113261313,-0.195346377
1955.5,1955,1956,0.756570849,0.318695028,0.083949128,-0.013049164,-0.186806561,0.299936823,0.001606474,-0.056254689,0.086776256,0.041856574,0.033717795,0.273344327,-0.33943987,0.409630414,0.019868817,0.834336236,1.037143388,0.017472004,0.274867719,1.128495634,-0.207850909
1956.5,1956,1957,0.761960938,0.327084003,0.085315461,-0.014376611,-0.200624557,0.31497777,0.001737614,-0.05672193,0.094267481,0.043124153,0.107698952,0.10425456,-0.364793283,0.42100538,0.021963127,0.835306485,0.970919262,0.022614145,0.194568186,1.144622258,-0.220181504
1957.5,1957,1958,0.767563564,0.335558945,0.086607529,-0.014602248,-0.20944868,0.327261415,0.001875312,-0.057257625,0.10001967,0.044413602,0.182980449,0.10369557,-0.378375011,0.432665047,0.024367018,0.846804942,1.040942353,0.026869853,0.268853661,1.161216735,-0.224698073
1958.5,1958,1959,0.774321241,0.342217316,0.087645012,-0.010426961,-0.203980735,0.323255313,0.002026124,-0.057449657,0.098625822,0.045433036,0.178155559,0.235544757,-0.37067536,0.442399632,0.026940512,0.86811133,1.165273614,0.026304462,0.380430834,1.177099145,-0.218829998
1959.5,1959,1960,0.783211834,0.347861709,0.088505401,-0.010511071,-0.208612208,0.327805366,0.002183493,-0.05752137,0.10121817,0.046301588,0.127077168,0.272145345,-0.381544117,0.451037332,0.029630019,0.877138371,1.163384975,0.028478469,0.365132244,1.194070718,-0.22478251
1960.5,1960,1961,0.79906224,0.351719625,0.089692094,-0.01084826,-0.21515033,0.33521633,0.002360533,-0.057715496,0.105012887,0.046898306,0.103598179,0.279097916,-0.396694437,0.45849917,0.032698866,0.888986453,1.161154675,0.031388471,0.34863307,1.216804037,-0.233899664
1961.5,1961,1962,0.812062454,0.354739379,0.090973429,-0.018873416,-0.224088412,0.3464006,0.002740262,-0.057899911,0.105111166,0.047367157,0.05019054,0.280073417,-0.416937823,0.46568397,0.036287296,0.894288279,1.117518591,0.031694151,0.297624966,1.236479834,-0.246455784
1962.5,1962,1963,0.826422978,0.362129339,0.092330265,-0.01856386,-0.223183943,0.351569741,0.003183203,-0.058123746,0.105204654,0.04851721,0.028764749,0.280019864,-0.419655318,0.477725126,0.040422905,0.919132459,1.119880691,0.032415583,0.275638744,1.262007195,-0.245405994
1963.5,1963,1964,0.838047184,0.372328174,0.093829009,-0.026083663,-0.239971222,0.374043903,0.003533402,-0.058468574,0.11147682,0.050115327,0.022431819,-0.497256907,-0.453522352,0.493220757,0.045240086,0.928058695,0.253884317,0.037736446,-0.523189865,1.288146897,-0.260525743
1964.5,1964,1965,0.85114777,0.381536368,0.095233417,-0.027477526,-0.232393386,0.375766212,0.003877622,-0.058620279,0.105877421,0.051569692,0.02057299,-0.409586806,-0.451277801,0.508391379,0.050854176,0.955912577,0.388554229,0.034428939,-0.435841297,1.315463483,-0.258735583
1965.5,1965,1966,0.860344529,0.389086192,0.096651896,-0.032230797,-0.236570187,0.387797312,0.004339321,-0.058766279,0.106232228,0.052770614,0.024525223,0.070097512,-0.464509214,0.522513168,0.057222776,0.9727652,0.997846254,0.035582419,0.082359605,1.337889244,-0.263211535
1966.5,1966,1967,0.880776204,0.395214297,0.098260422,-0.034171116,-0.2379662,0.394773602,0.004914513,-0.05882047,0.106665458,0.053751458,0.047620158,0.213478068,-0.471138348,0.536058574,0.064354117,1.002134448,1.167580778,0.036666145,0.232676215,1.370964387,-0.264538392
1967.5,1967,1968,0.892191769,0.401775973,0.099863971,-0.037318096,-0.246024202,0.410971964,0.006047918,-0.059245654,0.11017347,0.054806924,0.075188198,0.251228466,-0.484860829,0.550807674,0.072332505,1.025891344,1.246987235,0.039800134,0.294776368,1.396209229,-0.265584932
1968.5,1968,1969,0.90954305,0.411198966,0.101457237,-0.038967666,-0.246191005,0.420287058,0.007132595,-0.060282627,0.110468362,0.056331351,0.083093803,0.129496461,-0.494207048,0.569202679,0.081301674,1.054501932,1.185076059,0.040242365,0.192125325,1.430782751,-0.268809996
1969.5,1969,1970,0.925947337,0.42071906,0.103059123,-0.039219638,-0.24633629,0.428512657,0.007764487,-0.061045452,0.111771795,0.057883171,0.093178381,0.029425099,-0.501768671,0.588635838,0.091329238,1.086839574,1.145276336,0.041521451,0.116930236,1.465404906,-0.268683884
1970.5,1970,1971,0.955144263,0.432332781,0.104662419,-0.045890366,-0.259701486,0.448807507,0.008081109,-0.061528648,0.116702004,0.05979167,0.09223828,0.204949431,-0.534069104,0.611101609,0.102412232,1.11674938,1.315153031,0.045811675,0.268750412,1.515390922,-0.285052145
1971.5,1971,1972,0.966761388,0.44292388,0.106301526,-0.043657051,-0.264008539,0.460288648,0.009884584,-0.061776984,0.121376319,0.061547746,0.05300413,0.263424751,-0.538175011,0.633371143,0.114428457,1.155139244,1.363190689,0.051165834,0.283822225,1.548336484,-0.277338287
1972.5,1972,1973,1.003712147,0.452457801,0.107967633,-0.046891088,-0.283903853,0.484243516,0.010774786,-0.061772343,0.13213485,0.063141464,0.063917583,0.27523326,-0.569066595,0.655615078,0.127528491,1.197862548,1.42650912,0.060316164,0.305810608,1.60587465,-0.288911963
1973.5,1973,1974,1.052001886,0.459527945,0.109681134,-0.046032302,-0.277519121,0.484746238,0.011520611,-0.062123718,0.130215984,0.064331938,0.036206579,0.269437799,-0.569529074,0.67679784,0.14212385,1.261340157,1.455738693,0.059784657,0.272437529,1.673501582,-0.288072708
1974.5,1974,1975,1.067786008,0.466407902,0.111453186,-0.042830254,-0.277803156,0.48540496,0.011518434,-0.062404914,0.132718126,0.065496934,0.027714889,0.267710251,-0.564713151,0.699336299,0.158289147,1.302743939,1.486852083,0.061902347,0.262088481,1.71054929,-0.281563215
1975.5,1975,1976,1.068945552,0.474444824,0.113281198,-0.038959873,-0.273363845,0.483098124,0.011906916,-0.062418828,0.133318813,0.066865373,0.021268687,0.254731281,-0.553985101,0.723383218,0.174739141,1.336690412,1.50282918,0.063302729,0.243314407,1.73474413,-0.270676143
1976.5,1976,1977,1.082267697,0.483335818,0.115162341,-0.040652341,-0.290717338,0.50034167,0.012284632,-0.062449931,0.143467684,0.068389018,0.01918275,0.255413662,-0.584008362,0.747919467,0.190781823,1.356305289,1.519442956,0.07164311,0.241719808,1.771396327,-0.284908785
1977.5,1977,1978,1.115967864,0.492773974,0.117093563,-0.036940729,-0.293431475,0.509524085,0.013416143,-0.062873325,0.14873502,0.07001789,0.038801124,0.272469788,-0.585209912,0.773034579,0.20666621,1.418090142,1.616015853,0.076572405,0.277684089,1.828432693,-0.27686812
1978.5,1978,1979,1.146694922,0.502464969,0.119102258,-0.032394063,-0.300859087,0.520496843,0.014260751,-0.063484648,0.157092502,0.071702887,0.088663319,0.27565514,-0.591321786,0.798274723,0.222281697,1.474367908,1.723309266,0.083784974,0.330129094,1.882839755,-0.271581937
1979.5,1979,1980,1.178210643,0.512112879,0.121191787,-0.034027451,-0.305104788,0.527919867,0.015219855,-0.063674146,0.159604789,0.073393151,0.144257321,0.244910656,-0.601199153,0.822507279,0.236618758,1.521682217,1.791186939,0.087039972,0.355629198,1.936909532,-0.275259195
1980.5,1980,1981,1.216225681,0.521440508,0.12374486,-0.038891435,-0.302155468,0.528694618,0.015732421,-0.06385767,0.1551981,0.075040435,0.148724253,0.189675943,-0.602410406,0.847147911,0.251107252,1.576986871,1.805502761,0.084729586,0.310313617,1.997696248,-0.276825028
1981.5,1981,1982,1.238267671,0.530165855,0.12694459,-0.037479899,-0.293896849,0.525554473,0.015788109,-0.064078443,0.151059351,0.076593882,0.156633684,0.148605397,-0.584142921,0.871210177,0.265155659,1.633525875,1.836359973,0.082060928,0.281544527,2.042450076,-0.262346895
1982.5,1982,1983,1.251815361,0.538017726,0.131422569,-0.039116893,-0.308753694,0.544376867,0.016469605,-0.064244091,0.160941428,0.078004401,0.088977645,-0.14842938,-0.60255513,0.895370535,0.278995647,1.665513803,1.496759409,0.090560542,-0.091660976,2.078995315,-0.263138524
1983.5,1983,1984,1.282504924,0.544782921,0.133593191,-0.03134717,-0.285547206,0.523539107,0.017201619,-0.064540007,0.150445419,0.079222835,0.089711417,-0.482397001,-0.561921771,0.916544457,0.293015176,1.738160845,1.138508274,0.083432537,-0.44377709,2.129157714,-0.239733192
1984.5,1984,1985,1.31051553,0.550604946,0.13619722,-0.029937467,-0.294241436,0.5346981,0.018785563,-0.064800954,0.157507923,0.080278192,0.037470349,-0.181187411,-0.573232801,0.937241075,0.306924346,1.781522996,1.517874044,0.089934648,-0.179983745,2.176330182,-0.23994136
1985.5,1985,1986,1.337149233,0.556685499,0.138286788,-0.03009172,-0.297897162,0.540659404,0.019838809,-0.064934058,0.160521371,0.081383996,0.021337482,0.034504956,-0.579273534,0.959313914,0.322461648,1.825969322,1.811476947,0.093248352,0.049303112,2.223656086,-0.240065801
1986.5,1986,1987,1.362954436,0.562816072,0.141731582,-0.02597625,-0.300058587,0.549717137,0.021466282,-0.064953296,0.165238665,0.082507338,0.022221071,0.02832236,-0.577884511,0.984084996,0.339449717,1.882842555,1.865080823,0.098332476,0.045128617,2.272461144,-0.228564005
1987.5,1987,1988,1.393701342,0.567635661,0.142455303,-0.028053481,-0.310215269,0.560778812,0.022948353,-0.065032367,0.171730774,0.083389394,0.037582187,0.123065579,-0.597892959,1.00570021,0.357281984,1.921863976,1.996071991,0.104532447,0.140638584,2.323325166,-0.236965202
1988.5,1988,1989,1.438046461,0.573712699,0.145122963,-0.022327451,-0.312509245,0.56973147,0.024634212,-0.065112762,0.178269726,0.0845105,0.076264648,0.189319669,-0.597560044,1.031761014,0.376437925,1.996419307,2.163972331,0.111262992,0.237936977,2.391708468,-0.226406645
1989.5,1989,1990,1.467029356,0.580212157,0.149109383,-0.020665416,-0.308021201,0.572785333,0.026218779,-0.064978111,0.176738307,0.085718159,0.150664282,0.235256969,-0.588962912,1.057237918,0.39324775,2.058886297,2.325792113,0.1118436,0.352818202,2.444511111,-0.214543513
1990.5,1990,1991,1.489525767,0.583822282,0.152613437,-0.021127649,-0.312550053,0.577754747,0.026975459,-0.064635293,0.180499128,0.086394882,0.137981427,0.229850202,-0.596260232,1.077151106,0.40745819,2.095778633,2.348595191,0.115965338,0.33545586,2.485479398,-0.215644496
1991.5,1991,1992,1.513011841,0.590141549,0.155251134,-0.029467166,-0.334806712,0.617265639,0.026787057,-0.064151265,0.198719991,0.087575049,0.121568999,-0.395368564,-0.635696315,1.096186082,0.418781953,2.129360794,1.66607001,0.131612741,-0.326508486,2.526634383,-0.219058223
1992.5,1992,1993,1.525338412,0.593704991,0.157223542,-0.014910775,-0.299481948,0.581677467,0.029583726,-0.06369418,0.17637354,0.088244319,0.102291727,-1.30225354,-0.564845978,1.110482534,0.428528725,2.19868882,0.603000276,0.116897089,-1.260365532,2.552539569,-0.177630854
1993.5,1993,1994,1.538349949,0.59462682,0.158422463,-0.010627988,-0.304064869,0.590193704,0.03235248,-0.063533213,0.18318825,0.088419573,0.065841654,-0.559100325,-0.565801882,1.117919314,0.434388281,2.225429123,1.504781391,0.123967351,-0.546623253,2.572275427,-0.167485136
1994.5,1994,1995,1.564652314,0.597221477,0.160467151,-0.01297987,-0.319435418,0.616523656,0.03445215,-0.063203204,0.198012649,0.088910038,0.039325465,-0.030688803,-0.586896849,1.1266806,0.439125594,2.259535668,2.196426709,0.137545744,-0.001045083,2.606523902,-0.164093276
1995.5,1995,1996,1.596783225,0.599536046,0.162720044,0.005259797,-0.307007916,0.606818187,0.036787736,-0.062830432,0.197867141,0.089349553,0.029841491,0.16559435,-0.548741415,1.135012297,0.443519011,2.331139775,2.431753689,0.139545073,0.170182256,2.64597534,-0.128933861
1996.5,1996,1997,1.627374366,0.600491166,0.165947797,0.004642321,-0.297989061,0.607204908,0.038938727,-0.062564893,0.190861461,0.089537303,0.021828471,0.24422234,-0.53337202,1.142521944,0.447400468,2.383167998,2.536445612,0.135546384,0.23297239,2.683107952,-0.113096712
1997.5,1997,1998,1.646593295,0.602051183,0.169104888,-0.012681337,-0.326502759,0.663337969,0.040922858,-0.06258106,0.211718515,0.089838615,0.035482027,0.269965854,-0.595262973,1.149506913,0.450259862,2.390612014,2.58111364,0.153827082,0.270788565,2.708754845,-0.125938154
1998.5,1998,1999,1.692459623,0.606852615,0.171983236,-0.00700067,-0.323172723,0.652591146,0.042576495,-0.062507467,0.212545739,0.090750004,0.078880431,0.272041395,-0.583537344,1.159293727,0.452920457,2.448234985,2.685151329,0.155896052,0.315823137,2.763077822,-0.120266228
1999.5,1999,2000,1.728451817,0.610409516,0.175691368,-0.001798782,-0.293173869,0.630560071,0.045167504,-0.062565818,0.185426101,0.091431639,0.117798231,0.276405243,-0.526222911,1.16841968,0.455371444,2.524541916,2.79996554,0.135905187,0.35779325,2.807314885,-0.088503867
2000.5,2000,2001,1.748245452,0.610960928,0.179399748,-0.005091305,-0.27997512,0.626247239,0.048723143,-0.062448917,0.172390932,0.091546077,0.161620518,0.277214787,-0.5086574,1.1745907,0.457746699,2.562764243,2.872923507,0.128503309,0.401271575,2.832593712,-0.075448292
2001.5,2001,2002,1.775468206,0.610228899,0.182189673,-0.002493321,-0.280093079,0.631046761,0.049859087,-0.061803046,0.173995453,0.091415328,0.134559656,0.270631246,-0.507527918,1.178451401,0.45976918,2.598431218,2.880583313,0.130802855,0.368936905,2.863151898,-0.068722266
2002.5,2002,2003,1.809693216,0.610612041,0.184596752,-0.011888099,-0.299125997,0.650220375,0.048920031,-0.06099852,0.186604032,0.091494426,0.15190074,0.279121338,-0.54649698,1.182693678,0.461476119,2.609658832,2.916159265,0.140454143,0.393510039,2.900923441,-0.090130243
2003.5,2003,2004,1.852832541,0.612517482,0.187214994,-0.015732082,-0.30694535,0.6549831,0.050677532,-0.060484389,0.189238363,0.091862341,0.07852006,0.258652593,-0.565125336,1.188292136,0.462904215,2.639657512,2.865120003,0.144228543,0.302936409,2.948772644,-0.103834737
2004.5,2004,2005,1.883171864,0.61219219,0.189651503,-0.004792781,-0.309345188,0.666895701,0.057639828,-0.060425624,0.19541008,0.091807489,0.050767591,0.272312876,-0.561685755,1.191793356,0.464494757,2.69052598,2.897988706,0.153578405,0.287972487,2.981963971,-0.085775849
2005.5,2005,2006,1.917045084,0.611235428,0.192298208,-0.004753052,-0.318594385,0.675367672,0.060549764,-0.060405196,0.201834913,0.091633682,0.026971812,0.235133558,-0.580476415,1.19487678,0.465998891,2.714351937,2.864412881,0.160495354,0.229545214,3.018263949,-0.095569588
2006.5,2006,2007,1.953074088,0.611292661,0.195419554,-0.014177537,-0.321855047,0.684873394,0.063071582,-0.059189179,0.199824511,0.09165315,0.024353504,0.209355654,-0.595396414,1.19923704,0.467383509,2.746108852,2.871292708,0.16207339,0.203283397,3.0579306,-0.100959691
2007.5,2007,2008,1.981995127,0.614460433,0.198169732,-0.001716987,-0.318710391,0.691955628,0.066382966,-0.057746722,0.205121742,0.092261167,0.017474546,0.192466678,-0.577754519,1.20658153,0.469114737,2.810560337,2.913716404,0.170271503,0.18108046,3.093527646,-0.070923379
2008.5,2008,2009,2.016873546,0.617388622,0.201494246,0.00117453,-0.30685744,0.685043036,0.067700961,-0.057482583,0.197336466,0.09282674,0.020711479,0.214698374,-0.553343574,1.214239778,0.470868565,2.871080866,2.995636922,0.165717569,0.204171163,3.13517925,-0.050757897
2009.5,2009,2010,2.041119658,0.619625544,0.204078595,0.006155717,-0.291119414,0.673640061,0.065882732,-0.057262608,0.190365687,0.09325981,0.020306089,0.178787332,-0.516929139,1.220238501,0.472323069,2.926126724,3.021962372,0.159178013,0.171643933,3.164859035,-0.025516788
2010.5,2010,2011,2.077826831,0.621982266,0.207302744,0.015102419,-0.296817588,0.686877573,0.072990779,-0.056899927,0.204517776,0.093718355,0.036826257,0.222013439,-0.517467969,1.227049254,0.473905539,2.98664616,3.13643795,0.175864226,0.227350023,3.207620839,-0.006673614
2011.5,2011,2012,2.108184356,0.624411132,0.21100126,0.006043489,-0.291943265,0.691354868,0.07652509,-0.055837192,0.191643028,0.094192903,0.069516447,0.170488244,-0.518102827,1.234295574,0.475414897,3.021719451,3.162810015,0.16930405,0.213634139,3.244633961,-0.004401508
2012.5,2012,2013,2.140998637,0.626675431,0.214180014,0.004483687,-0.297688714,0.699271048,0.077119476,-0.054701313,0.198479505,0.0946354,0.091271763,0.21891405,-0.527084808,1.240631719,0.476652087,3.060166757,3.261854243,0.176732559,0.278823148,3.283288952,-0.004680455
2013.5,2013,2014,2.185218003,0.629090674,0.21755637,0.009236536,-0.280301986,0.688831234,0.079517055,-0.054459721,0.187415566,0.095108282,0.097712588,0.264404429,-0.491500946,1.247561277,0.478074306,3.136465429,3.379409673,0.169768836,0.326792428,3.33398746,0.023015353
2014.5,2014,2015,2.216237155,0.633207324,0.22162285,0.005416171,-0.281870857,0.701558159,0.08285084,-0.054226511,0.19039411,0.095911415,0.10881154,0.217776116,-0.495616397,1.256753406,0.479502184,3.183354285,3.398839726,0.174959309,0.29505071,3.373610936,0.031805192
2015.5,2015,2016,2.253007418,0.638194644,0.224969803,0.001775952,-0.278204088,0.71516959,0.087219791,-0.053927155,0.189566619,0.096883268,0.117981115,0.172813032,-0.488325468,1.266097935,0.480819568,3.247484214,3.434563312,0.17827728,0.263845795,3.419065883,0.053047788
2016.5,2016,2017,2.30711643,0.641847469,0.227896469,0.009080599,-0.257970236,0.696028606,0.09167946,-0.053840721,0.175832946,0.097598928,0.05318564,0.213332249,-0.446974191,1.273896929,0.482266753,3.333399384,3.492463842,0.171419435,0.235637289,3.47990384,0.079782734
2017.5,2017,2018,2.340914189,0.644992061,0.231191956,0.011215497,-0.252938304,0.700497958,0.095919888,-0.053805585,0.175533223,0.098218914,0.033184486,0.244437299,-0.435724331,1.28162356,0.483861541,3.392167226,3.553513567,0.174562247,0.243831168,3.520898981,0.097656429
2018.5,2018,2019,2.378295226,0.648777792,0.235329173,0.007364513,-0.247915603,0.70143838,0.096886044,-0.053634578,0.170324425,0.098967853,0.030146717,0.219675232,-0.429877179,1.2908386,0.485600613,3.443213637,3.580100441,0.171936651,0.218146741,3.566854692,0.103737395
2019.5,2019,2020,2.416575604,0.652467479,0.238670739,-0.000691661,-0.260084238,0.718691611,0.105770746,-0.05316296,0.179474798,0.099697861,0.0296367,0.083817162,-0.453518181,1.298750418,0.486705712,3.480681609,3.509932915,0.185387199,0.098729164,3.61249777,0.101571128
2020.5,2020,2021,2.453256687,0.657767246,0.242816391,0.015402686,-0.226697574,0.692906962,0.052722574,-0.052929083,0.166235166,0.100748026,0.037216144,0.040029583,-0.379638094,1.30783799,0.486824909,3.551782154,3.554884008,0.140592925,0.069749188,3.657678526,0.124653321
2021.5,2021,2022,2.488057643,0.665170091,0.247292848,0.001573213,-0.243551996,0.714945979,0.063435346,-0.052957756,0.173958444,0.10221793,0.056846698,0.141777477,-0.419093163,1.319802623,0.487314673,3.578364413,3.683499547,0.154145368,0.175711635,3.703587477,0.110256915
2022.5,2022,2023,2.524526545,0.672238027,0.251862163,0.014622115,-0.219349794,0.706773642,0.080554702,-0.052936308,0.157552686,0.103629986,0.123893107,-0.026447167,-0.370104402,1.331565267,0.487735687,3.677314939,3.695874867,0.154507591,0.08899408,3.750973359,0.1597163
2023.5,2023,2024,2.559295672,0.676692341,0.255658289,-0.011367091,-0.259828056,0.751685917,0.101393039,-0.05281437,0.187023208,0.104526773,0.197520364,0.210458009,-0.461452192,1.339250597,0.487533908,3.67250343,3.956730496,0.191128879,0.375848818,3.793024486,0.122770303
2024.5,2024,2025,2.611304846,0.680007551,0.259385311,0.006716549,-0.250146322,0.753762931,0.111506771,-0.052760568,0.185651847,0.105199254,0.217320044,0.208152277,-0.426255335,1.346068503,0.487376544,3.774709642,4.070523634,0.197300668,0.393163295,3.8509826,0.167926118
2025.5,2025,2026,2.654373106,0.683209649,0.264278688,0.001918036,-0.225702203,0.723535708,0.116012095,-0.052622064,0.15701094,0.105854664,0.192289945,0.196826653,-0.389135399,1.354254693,0.487816769,3.834738326,4.101797112,0.18017429,0.358691463,3.901431524,0.174002787
