time,timebound_lower,timebound_upper,CO2,CH4,N2O,aerosol-radiation_interactions,aerosol-cloud_interactions,O3,contrails,land_use,BC_on_snow,H2O_stratospheric,solar,volcanic,aerosol,nonco2wmghg,halogen,anthro,total,minor
1750.5,1750,1751,0,0,0,0,0,0,0,0,0,0,0.097590262,0.203679767,0,0,0,0,0.301270029,0
1751.5,1751,1752,0.001417292,0.00050833,7.45E-05,0.000630885,0.003830106,-0.000441566,0,-0.000113617,-0.000373548,3.45E-05,0.079243973,0.237324057,0.004460991,0.000582811,7.96E-10,0.005566832,0.322134862,-0.000452696
1752.5,1752,1753,0.002834247,0.001016353,0.000148952,0.001155541,0.005575433,-0.000409801,0,-0.000230017,-0.000498196,6.89E-05,0.049166043,0.240069526,0.006730974,0.001165307,1.59E-09,0.009661451,0.29889702,-0.000659276
1753.5,1753,1754,0.004250863,0.00152407,0.000223415,0.000637437,0.003859007,-0.00014891,0,-0.000349101,-0.000373606,0.000103407,0.012988284,0.091163618,0.004496444,0.001747487,2.39E-09,0.009726584,0.113878487,-0.0006193
1754.5,1754,1755,0.005667143,0.00203148,0.00029787,-0.000531039,-0.000976127,0.000746591,0,-0.000470819,5.40E-05,0.000137876,-0.021426608,-0.071972964,-0.001507166,0.002329353,3.18E-09,0.006956993,-0.08644258,-0.000278929
1755.5,1755,1756,0.007083086,0.002538584,0.000372317,0.000479034,0.000156222,0.001037026,0,-0.000595192,5.87E-05,0.000172345,-0.045903927,0.086290159,0.000635256,0.002910905,3.98E-09,0.011302165,0.051688396,-0.000364108
1756.5,1756,1757,0.008498691,0.003045384,0.000446755,0.000482271,0.003795751,0.000207778,0,-0.000722137,-0.000398297,0.000206814,-0.053485812,-0.035536597,0.004278022,0.003492143,4.77E-09,0.015563014,-0.073459395,-0.00091362
1757.5,1757,1758,0.00991396,0.003551878,0.000521185,2.72E-05,-0.005437454,0.002755104,0,-0.000851673,0.000820756,0.000241283,-0.034343893,0.192847912,-0.005410257,0.004073068,5.57E-09,0.011542241,0.17004626,0.000210366
1758.5,1758,1759,0.011328892,0.004058068,0.000595607,0.000232815,-0.002010205,0.002334391,0,-0.000983781,0.000409323,0.000275752,0.017013236,0.237671158,-0.001777389,0.004653681,6.37E-09,0.016240867,0.270925261,-0.000298707
1759.5,1759,1760,0.012743487,0.004563954,0.00067002,-0.000103888,-0.002647809,0.002102322,0,-0.001118388,0.000365449,0.000310221,0.067512332,0.231928726,-0.002751697,0.005233982,7.16E-09,0.016885376,0.316326434,-0.000442719
1760.5,1760,1761,0.014157747,0.005069537,0.000744425,-0.001037109,-0.00558696,0.002476618,0,-0.001262787,0.000534438,0.00034469,0.092395267,0.050240462,-0.006624069,0.00581397,7.96E-09,0.015440607,0.158076336,-0.000383659
1761.5,1761,1762,0.01557167,0.005574818,0.000818822,-0.000191684,-0.00510281,0.003160343,0,-0.00141694,0.000695488,0.000379159,0.086248636,-1.25623957,-0.005294494,0.006393648,8.75E-09,0.019488874,-1.150502061,-0.000342293
1762.5,1762,1763,0.016985257,0.006079795,0.00089321,-0.000281164,-0.001513442,0.002068669,0,-0.00157355,0.000152341,0.000413628,0.064158206,-0.591869763,-0.001794606,0.006973015,9.55E-09,0.023224754,-0.504486803,-0.001007581
1763.5,1763,1764,0.018398509,0.006584471,0.000967591,-0.000174943,-0.001938801,0.002580787,0,-0.001732554,0.000242396,0.000448097,0.030819754,-0.030711404,-0.002113743,0.007552072,1.03E-08,0.025375563,0.025483914,-0.001042061
1764.5,1764,1765,0.019811425,0.007088846,0.001041962,0.001709462,0.004477556,0.002009053,0,-0.001893945,-0.000292666,0.000482565,-0.005935226,0.16959958,0.006187018,0.008130819,1.11E-08,0.034434271,0.198098624,-0.001704045
1765.5,1765,1766,0.021224006,0.007592919,0.001116326,-0.000471865,-0.004438836,0.003411916,0,-0.002057698,0.000514602,0.000517034,-0.035779147,0.232950986,-0.004910701,0.008709257,1.19E-08,0.027408416,0.224580255,-0.001026061
1766.5,1766,1767,0.022636251,0.008096693,0.001190681,0.000724879,-0.00020087,0.003357445,0,-0.002223786,0.000321248,0.000551503,-0.049897677,-0.242272347,0.00052401,0.009287387,1.27E-08,0.034454058,-0.257715966,-0.001351034
1767.5,1767,1768,0.024048161,0.008600166,0.001265029,0.000590532,-0.000309114,0.003553289,0,-0.002392164,0.000360954,0.000585972,-0.036715182,0.003014353,0.000281419,0.009865208,1.35E-08,0.03630284,0.00260201,-0.001445237
1768.5,1768,1769,0.025459737,0.009103339,0.001339367,-0.000844859,-0.011693504,0.005778718,0,-0.002562837,0.001453752,0.000620441,0.019446927,0.167134714,-0.012538363,0.010442721,1.43E-08,0.028654169,0.21523581,-0.000488644
1769.5,1769,1770,0.026870978,0.009606214,0.001413698,-0.000422889,-0.006040771,0.004616605,0,-0.002735754,0.000765018,0.00065491,0.085593411,0.034183552,-0.00646366,0.011019927,1.51E-08,0.034728025,0.154504988,-0.001315826
1770.5,1770,1771,0.028281884,0.01010879,0.00148802,-0.000409449,-0.006248513,0.004916855,0,-0.00293038,0.000800562,0.000689379,0.117262601,0.179533892,-0.006657963,0.011596827,1.59E-08,0.036697163,0.333493656,-0.001440439
1771.5,1771,1772,0.029692456,0.010611068,0.001562334,0.000636392,-0.000201602,0.003978207,0,-0.003146755,0.000221044,0.000723848,0.109711917,0.234059692,0.000434789,0.012173419,1.67E-08,0.044077008,0.387848618,-0.002201863
1772.5,1772,1773,0.031102693,0.011113049,0.00163664,0.001300419,0.000332752,0.003720513,0,-0.003365276,2.00E-05,0.000758317,0.086779056,0.243692272,0.001633171,0.012749706,1.75E-08,0.046619166,0.377090493,-0.002586918
1773.5,1773,1774,0.032512597,0.011614732,0.001710938,0.001015169,7.71E-05,0.003904066,0,-0.003585933,0.000118225,0.000792786,0.050835306,0.245245353,0.00109223,0.013325688,1.83E-08,0.04815966,0.344240318,-0.002674922
1774.5,1774,1775,0.033922167,0.012116119,0.001785227,-0.000707725,-0.008701479,0.005698691,0,-0.003808709,0.00108235,0.000827255,0.010086575,0.245484607,-0.009409205,0.013901365,1.91E-08,0.042213913,0.297785096,-0.001899104
1775.5,1775,1776,0.035331403,0.012617209,0.001859508,0.00057844,-0.00471731,0.00578003,0,-0.00403354,0.001002891,0.000861724,-0.025638766,0.245520506,-0.00413887,0.014476737,1.99E-08,0.049280375,0.269162115,-0.002168925
1776.5,1776,1777,0.036740306,0.013118004,0.001933781,0.000669918,-0.000463098,0.004624324,0,-0.004260466,0.000447823,0.000896193,-0.046793161,0.245525811,0.00020682,0.015051806,2.07E-08,0.053706806,0.252439455,-0.00291645
1777.5,1777,1778,0.038148875,0.013618503,0.002008046,0.000692335,-0.006740856,0.006484282,0,-0.004489391,0.001349902,0.000930662,-0.042986618,0.245526588,-0.006048521,0.01562657,2.15E-08,0.052002379,0.254542349,-0.002208828
1778.5,1778,1779,0.039557112,0.014118708,0.002082302,0.000270951,-0.010926002,0.007596671,0,-0.004720349,0.001786612,0.000965131,0.001646658,0.242553281,-0.010655051,0.016201032,2.23E-08,0.050731157,0.294931096,-0.001968607
1779.5,1779,1780,0.040965015,0.014618618,0.00215655,0.000655519,-0.00577194,0.006297294,0,-0.004953273,0.001208984,0.0009996,0.07305054,0.165436256,-0.005116421,0.016775191,2.31E-08,0.056176391,0.294663188,-0.002744689
1780.5,1780,1781,0.042372586,0.015118234,0.00223079,-0.000544008,-0.011931518,0.006995927,0,-0.005178645,0.001633191,0.001034069,0.115827347,0.191984396,-0.012475525,0.017349048,2.39E-08,0.051730651,0.359542393,-0.002511385
1781.5,1781,1782,0.043779824,0.015617557,0.002305022,0.000446198,-0.00944122,0.007358984,0,-0.005396477,0.001649907,0.001068538,0.115671341,0.236453674,-0.008995022,0.017922604,2.47E-08,0.057388357,0.409513373,-0.002678032
1782.5,1782,1783,0.045186729,0.016116587,0.002379246,0.000191517,-0.007195606,0.006469321,0,-0.005616201,0.001219056,0.001103007,0.091381229,0.244144929,-0.007004089,0.018495858,2.55E-08,0.059853681,0.395379838,-0.003294139
1783.5,1783,1784,0.046593302,0.016615324,0.002453461,0.000428546,-0.005497598,0.006494582,0,-0.005837773,0.001081421,0.001137476,0.054517044,-2.092005765,-0.005069052,0.019068812,2.63E-08,0.063468769,-1.974019952,-0.003618876
1784.5,1784,1785,0.047999543,0.017113769,0.002527669,0.002042903,-0.000472695,0.006655918,0,-0.006061201,0.000940112,0.001171945,0.010991409,-3.04539627,0.001570207,0.019641465,2.71E-08,0.071917989,-2.962486872,-0.003949144
1785.5,1785,1786,0.049405453,0.017611923,0.002601868,0.000233248,-0.00787077,0.007292702,0,-0.006286441,0.001339123,0.001206414,-0.025701169,-0.31178893,-0.007637522,0.020213818,2.79E-08,0.065533546,-0.271956553,-0.003740904
1786.5,1786,1787,0.05081103,0.018109785,0.002676058,0.001289638,-0.00347915,0.007302167,0,-0.006513444,0.001239234,0.001240883,-0.044999093,-0.054343722,-0.002189512,0.020785872,2.86E-08,0.07267623,-0.026666586,-0.004033328
1787.5,1787,1788,0.052216276,0.018607357,0.002750241,0.000794047,-0.008331607,0.008230729,0,-0.006742218,0.001658481,0.001275352,-0.031301779,0.151662224,-0.00753756,0.021357628,2.94E-08,0.070458686,0.19081913,-0.003808386
1788.5,1788,1789,0.05362119,0.019104638,0.002824416,-0.00048897,-0.019207075,0.01038342,0,-0.006972701,0.002745928,0.001309821,0.037309598,0.138369461,-0.019696044,0.021929084,3.02E-08,0.063320698,0.238999757,-0.002916952
1789.5,1789,1790,0.055025773,0.01960163,0.002898582,-4.28E-05,-0.01325248,0.009173995,0,-0.0072049,0.002030982,0.00134429,0.117449808,0.21780121,-0.013295245,0.022500243,3.10E-08,0.069575137,0.404826155,-0.003829629
1790.5,1790,1791,0.056430026,0.020098332,0.00297274,-8.27E-05,-0.014334278,0.00964333,0,-0.007464497,0.00217725,0.001378759,0.144626029,-0.050680729,-0.014416947,0.023071104,3.18E-08,0.070819025,0.164764325,-0.003908488
1791.5,1791,1792,0.057833947,0.020594745,0.00304689,0.000921527,-0.006939677,0.008628379,0,-0.007751439,0.001526756,0.001413227,0.130523099,0.105150628,-0.006018151,0.023641668,3.26E-08,0.079274388,0.314948116,-0.004811455
1792.5,1792,1793,0.059237537,0.02109087,0.003121032,0.001483383,-0.003869664,0.00865779,0,-0.008039991,0.001392878,0.001447696,0.112348416,0.215967729,-0.002386281,0.024211936,3.34E-08,0.084521565,0.41283771,-0.005199417
1793.5,1793,1794,0.060640797,0.021586707,0.003195166,0.001156575,-0.004387078,0.008469822,0,-0.008330137,0.001286379,0.001482165,0.08156846,0.195724522,-0.003230503,0.024781907,3.42E-08,0.08510043,0.362393413,-0.005561592
1794.5,1794,1795,0.062043727,0.022082256,0.003269291,-0.000649389,-0.016228418,0.010326871,0,-0.008621829,0.002243458,0.001516634,0.045702713,0.215489482,-0.016877806,0.025351582,3.50E-08,0.075982637,0.337174832,-0.004861737
1795.5,1795,1796,0.063446326,0.022577518,0.003343409,0.000511921,-0.01221876,0.010332805,0,-0.008915088,0.002097301,0.001551103,0.00780889,-0.163848228,-0.011706839,0.025920962,3.58E-08,0.08272657,-0.073312768,-0.005266684
1796.5,1796,1797,0.064848595,0.023072493,0.003417518,0.000501672,-0.007235067,0.008893725,0,-0.009209849,0.001368282,0.001585572,-0.026059982,0.131854538,-0.006733394,0.026490048,3.66E-08,0.087242978,0.193037534,-0.006255996
1797.5,1797,1798,0.066250535,0.023567182,0.003491619,0.000538528,-0.013670672,0.010983387,0,-0.009506086,0.00231655,0.001620041,-0.051098923,0.035266678,-0.013132144,0.027058839,3.74E-08,0.085591121,0.069758877,-0.005569495
1798.5,1798,1799,0.067652144,0.024061585,0.003565712,0.000117907,-0.017129274,0.011967657,0,-0.009803786,0.002655091,0.00165451,-0.063329782,0.176899325,-0.017011367,0.027627336,3.82E-08,0.084741584,0.198311127,-0.005494185
1799.5,1799,1800,0.069053425,0.024555703,0.003639797,-9.64E-05,-0.015065268,0.011037858,0,-0.010102893,0.002264341,0.001688979,-0.060802487,0.233452514,-0.015161674,0.028195539,3.90E-08,0.086975573,0.2596256,-0.006149573
1800.5,1800,1801,0.070454375,0.025049536,0.003713874,-0.000897789,-0.018135997,0.011348097,0,-0.01046211,0.002420191,0.001723448,-0.042596603,-0.149333654,-0.019033786,0.028763449,3.98E-08,0.085213665,-0.106716592,-0.006318471
1801.5,1801,1802,0.071854997,0.025543084,0.003787943,9.29E-05,-0.016192368,0.011783014,0,-0.010881456,0.002507219,0.001757917,-0.012721481,0.11734903,-0.016099454,0.029331067,4.06E-08,0.090253305,0.194880853,-0.006616319
1802.5,1802,1803,0.07325529,0.026036348,0.003862003,-0.000455754,-0.016194998,0.011166897,0,-0.011302102,0.002293817,0.001792386,0.015421976,0.182578019,-0.016650752,0.029898392,4.14E-08,0.090453928,0.288453923,-0.007215898
1803.5,1803,1804,0.074655253,0.026529328,0.003936056,0.000190516,-0.012338307,0.010757367,0,-0.011724066,0.001977895,0.001826855,0.03258262,0.218720483,-0.012147791,0.030465426,4.22E-08,0.095810939,0.347114043,-0.007919316
1804.5,1804,1805,0.076054888,0.027022025,0.0040101,0.001409574,-0.010727017,0.011590047,0,-0.012147331,0.002283296,0.001861324,0.034860306,0.236857882,-0.009317442,0.031032168,4.30E-08,0.10135695,0.373075138,-0.008002711
1805.5,1805,1806,0.077454195,0.02751444,0.004084136,-0.000158706,-0.017367192,0.012010654,0,-0.012571852,0.002588784,0.001895793,0.026311185,0.148197521,-0.017525898,0.03159862,4.38E-08,0.095450295,0.269959001,-0.008087275
1806.5,1806,1807,0.078853173,0.028006572,0.004158165,0.000723553,-0.015939107,0.012404801,0,-0.01299761,0.002743218,0.001930262,0.011833841,0.224419563,-0.015215555,0.032164781,4.46E-08,0.09988307,0.336136474,-0.00832413
1807.5,1807,1808,0.080251823,0.028498422,0.004232185,0.000357426,-0.01895594,0.012999401,0,-0.013424558,0.0030383,0.001964731,-0.008212912,0.242245856,-0.018598514,0.032730652,4.54E-08,0.098961833,0.332994777,-0.008421528
1808.5,1808,1809,0.081650145,0.02898999,0.004306197,-0.000730622,-0.029358895,0.015234225,0,-0.013852702,0.004180962,0.0019992,-0.029866525,0.245032552,-0.030089517,0.033296233,4.62E-08,0.092418546,0.307584572,-0.00767254
1809.5,1809,1810,0.083048139,0.029481277,0.004380201,-0.00043554,-0.024245947,0.014058867,0,-0.014281994,0.003533654,0.002033669,-0.049382858,-3.436316104,-0.024681487,0.033861525,4.70E-08,0.097572373,-3.38812659,-0.008714671
1810.5,1810,1811,0.084445805,0.029972284,0.004454196,-0.00050256,-0.025937585,0.014522764,0,-0.014728837,0.003760526,0.002068138,-0.062799362,-4.010455253,-0.026440145,0.034426528,4.77E-08,0.098054779,-3.975199836,-0.008900173
1811.5,1811,1812,0.085843144,0.030463011,0.004528184,0.000435852,-0.021040046,0.014004478,0,-0.015193159,0.003392295,0.002102607,-0.067495138,-1.655535381,-0.020604194,0.034991243,4.85E-08,0.104536413,-1.618494106,-0.009698258
1812.5,1812,1813,0.087240156,0.030953457,0.004602164,0.001084637,-0.017013257,0.013554006,0,-0.01565858,0.003067698,0.002137076,-0.06222214,-0.667432942,-0.015928621,0.03555567,4.93E-08,0.109967405,-0.619687677,-0.010453807
1813.5,1813,1814,0.08863684,0.031443624,0.004676136,0.000577489,-0.019220317,0.013672971,0,-0.016125049,0.003177513,0.002171545,-0.046543551,-0.780144765,-0.018642828,0.03611981,5.01E-08,0.109010803,-0.717677514,-0.010775991
1814.5,1814,1815,0.090033198,0.031933513,0.004750099,-0.0011021,-0.02994396,0.015489015,0,-0.016592524,0.00414134,0.002206014,-0.025638766,-0.492982296,-0.03104606,0.036683663,5.09E-08,0.100914646,-0.417706417,-0.01024517
1815.5,1815,1816,0.091429229,0.032423122,0.004824055,-2.50E-05,-0.027159511,0.015659134,0,-0.017060975,0.004122969,0.002240483,-0.006668454,-3.267476346,-0.027184482,0.037247229,5.17E-08,0.106453585,-3.167691215,-0.010697524
1816.5,1816,1817,0.092824933,0.032912454,0.004898002,-0.000288258,-0.025517031,0.014850576,0,-0.017530374,0.0037708,0.002274952,0.004938382,-5.893942074,-0.025805288,0.037810509,5.25E-08,0.108196107,-5.780807585,-0.011484622
1817.5,1817,1818,0.09422031,0.033401508,0.004971942,4.51E-05,-0.028548325,0.016121812,0,-0.018000722,0.004355199,0.00230942,0.006685648,-3.617597679,-0.028503228,0.038373503,5.33E-08,0.108876294,-3.502035737,-0.011336103
1818.5,1818,1819,0.095615361,0.033890284,0.005045873,-0.000571133,-0.034400793,0.017694852,0,-0.018471975,0.005007213,0.002343889,-0.000662228,-2.566136852,-0.034971925,0.038936211,5.41E-08,0.106153626,-2.460645455,-0.011120873
1819.5,1819,1820,0.097010086,0.034378784,0.005119796,-0.000369079,-0.031054299,0.016563229,0,-0.018944087,0.004574229,0.002378358,-0.014063132,-1.090961912,-0.031423379,0.039498635,5.49E-08,0.109657071,-0.995367973,-0.0119915
1820.5,1820,1821,0.098404485,0.034867007,0.005193712,-0.001367063,-0.035559485,0.017070901,0,-0.019463691,0.00488163,0.002412827,-0.031379782,-0.107943523,-0.036926549,0.040060774,5.57E-08,0.106440377,-0.032882928,-0.012169234
1821.5,1821,1822,0.099798558,0.035354954,0.005267619,-0.000515259,-0.035039174,0.01771517,0,-0.020030755,0.00512484,0.002447296,-0.047978805,0.023528134,-0.035554432,0.040622629,5.65E-08,0.110123307,0.085672636,-0.012458618
1822.5,1822,1823,0.101192306,0.035842625,0.005341518,-0.00096968,-0.033473489,0.016605372,0,-0.020598591,0.004712948,0.002481765,-0.059398434,-0.002746404,-0.034443169,0.041184201,5.73E-08,0.111134831,0.048989993,-0.013403878
1823.5,1823,1824,0.102585728,0.036330021,0.00541541,-0.000225414,-0.029987214,0.016276422,0,-0.021167193,0.004465424,0.002516234,-0.061800925,-0.458808624,-0.030212627,0.041745489,5.81E-08,0.116209477,-0.404400071,-0.014185535
1824.5,1824,1825,0.103978824,0.036817142,0.005489293,0.000835464,-0.030518834,0.017336345,0,-0.02173655,0.004967999,0.002550703,-0.050178488,-0.063608989,-0.029683369,0.042306494,5.89E-08,0.119720447,0.005932969,-0.014217848
1825.5,1825,1826,0.105371596,0.037303989,0.005563168,-0.000497559,-0.035563842,0.017558915,0,-0.022306606,0.005200153,0.002585172,-0.020240964,0.077164765,-0.0360614,0.042867217,5.97E-08,0.115215046,0.172138848,-0.014521282
1826.5,1826,1827,0.106764043,0.037790562,0.005637035,0.000425066,-0.033394632,0.01758031,0,-0.022877353,0.005235027,0.002619641,0.01314429,0.201237909,-0.032969566,0.043427658,6.05E-08,0.11977976,0.334161959,-0.015022685
1827.5,1827,1828,0.108156164,0.038276861,0.005710895,0.00015301,-0.037098198,0.018360468,0,-0.023448757,0.005676224,0.00265411,0.037543607,0.16409647,-0.036945188,0.043987817,6.13E-08,0.118440839,0.320080916,-0.015118423
1828.5,1828,1829,0.109547961,0.038762887,0.005784746,-0.001221763,-0.048377911,0.020578005,0,-0.024020767,0.006880815,0.002688579,0.044953885,0.208334859,-0.049599674,0.044547695,6.21E-08,0.110622614,0.363911357,-0.014451373
1829.5,1829,1830,0.110939434,0.03924864,0.005858589,-0.000865459,-0.043741697,0.019518595,0,-0.024593401,0.006303308,0.002723048,0.035921146,0.112331366,-0.044607156,0.045107292,6.29E-08,0.11539112,0.263643632,-0.015567045
1830.5,1830,1831,0.112330582,0.039734121,0.005932424,-0.001347814,-0.04791236,0.020120989,0,-0.025271474,0.00671322,0.002757517,0.016186405,0.190595166,-0.049260173,0.045666609,6.37E-08,0.11305727,0.319838841,-0.015800737
1831.5,1831,1832,0.113721406,0.04021933,0.006006252,-0.000116715,-0.041086007,0.019114738,0,-0.026054931,0.006146708,0.002791986,-0.010365793,-2.23224942,-0.041202722,0.046225646,6.45E-08,0.120742832,-2.12187238,-0.017116237
1832.5,1832,1833,0.115111906,0.040704267,0.006080071,0.000415947,-0.03956812,0.019144572,0,-0.026838895,0.006118611,0.002826455,-0.035482736,-1.791738639,-0.039152173,0.046784404,6.53E-08,0.12399488,-1.703226495,-0.017893829
1833.5,1833,1834,0.116502083,0.041188933,0.006153882,-5.85E-05,-0.041673382,0.019175019,0,-0.027623369,0.006252952,0.002860924,-0.051052121,-0.755239917,-0.041731887,0.047342882,6.61E-08,0.122778603,-0.683513435,-0.018509493
1834.5,1834,1835,0.117891935,0.041673329,0.006227686,-0.001479642,-0.051223508,0.020746873,0,-0.028408285,0.007180783,0.002895393,-0.048509225,-0.078318737,-0.05270315,0.047901081,6.68E-08,0.11550463,-0.011323332,-0.018332108
1835.5,1835,1836,0.119281464,0.042157453,0.006301481,-0.000222565,-0.047985007,0.020679096,0,-0.02919366,0.007145152,0.002929862,-0.015155173,-1.984682189,-0.048207572,0.048459002,6.76E-08,0.121093345,-1.878744017,-0.019118645
1836.5,1836,1837,0.12067067,0.042641308,0.006375268,-0.00086701,-0.050202764,0.020309387,0,-0.029979426,0.00719808,0.002964331,0.043861844,-1.95288965,-0.051069775,0.049016645,6.84E-08,0.119109913,-1.789917894,-0.019817015
1837.5,1837,1838,0.122059553,0.043124893,0.006449048,-0.000414324,-0.05313417,0.02161709,0,-0.030765581,0.007827694,0.0029988,0.087793094,-0.51360371,-0.053548494,0.049574011,6.92E-08,0.119763072,-0.306047543,-0.019939087
1838.5,1838,1839,0.123448112,0.043608209,0.006522819,-0.000902287,-0.058581006,0.022943165,0,-0.031552102,0.008478539,0.003033269,0.099618338,-0.485779113,-0.059483293,0.050131099,7.00E-08,0.116998789,-0.269161986,-0.020040294
1839.5,1839,1840,0.124836349,0.044091257,0.006596583,-0.000877619,-0.056643128,0.022006478,0,-0.032338947,0.008174574,0.003067738,0.085936624,0.010451609,-0.057520747,0.050687911,7.08E-08,0.118913356,0.215301589,-0.021096635
1840.5,1840,1841,0.126224263,0.044574036,0.006670339,-0.00152517,-0.057922991,0.021549008,0,-0.033099987,0.0081088,0.003102207,0.063502982,0.20036372,-0.059448162,0.051244446,7.16E-08,0.117680575,0.381547277,-0.02188898
1841.5,1841,1842,0.127611855,0.045056546,0.006744086,-0.001138315,-0.062286922,0.023244264,0,-0.033835181,0.008929681,0.003136676,0.03071055,0.23789712,-0.063425237,0.051800705,7.24E-08,0.117462762,0.386070431,-0.021768825
1842.5,1842,1843,0.128999124,0.04553879,0.006817826,-0.001537798,-0.059975436,0.02205584,0,-0.03457064,0.008385389,0.003171145,-0.004141159,0.244315837,-0.061513234,0.052356689,7.32E-08,0.118884312,0.359058991,-0.023014106
1843.5,1843,1844,0.130386071,0.046020766,0.006891558,-0.000750322,-0.05519951,0.021098316,0,-0.035306307,0.007896374,0.003205614,-0.034468698,-0.192847871,-0.055949832,0.052912397,7.40E-08,0.124242632,-0.103073936,-0.02420432
1844.5,1844,1845,0.131772696,0.046502475,0.006965282,0.000134061,-0.057100728,0.022219,0,-0.036042159,0.008489721,0.003240082,-0.053002194,0.049309456,-0.056966667,0.053467831,7.48E-08,0.126180504,0.122487766,-0.024312356
1845.5,1845,1846,0.133158999,0.046983917,0.007038998,-0.001460519,-0.064658231,0.02274994,0,-0.036778182,0.009001209,0.003274551,-0.054250241,0.126957278,-0.06611875,0.054022991,7.56E-08,0.119310759,0.192017796,-0.024502421
1846.5,1846,1847,0.134544981,0.047465094,0.007112706,-0.000362671,-0.062587087,0.022738938,0,-0.037514351,0.009093755,0.00330902,-0.041878976,-0.434532879,-0.062949758,0.054577876,7.64E-08,0.12380046,-0.352611395,-0.025111576
1847.5,1847,1848,0.135930641,0.047946005,0.007186406,-0.001108973,-0.070351873,0.024031181,0,-0.038250614,0.009967246,0.003343489,-0.029538913,-0.004275442,-0.071460846,0.055132488,7.72E-08,0.118693585,0.08487923,-0.024939879
1848.5,1848,1849,0.13731598,0.04842665,0.007260098,-0.002436653,-0.079618404,0.025785612,0,-0.038986962,0.010914293,0.003377958,-0.017167648,0.196899492,-0.082055057,0.055686826,7.80E-08,0.11203865,0.291770495,-0.024694711
1849.5,1849,1850,0.138700997,0.048907031,0.007333782,-0.002164817,-0.077621974,0.025180044,0,-0.039723377,0.010630965,0.003412427,-0.004796384,0.237356019,-0.07978679,0.056240892,7.88E-08,0.114655158,0.347214793,-0.025679985
1850.5,1850,1851,0.140085694,0.049387147,0.007407459,-0.002316086,-0.080306524,0.025615178,0,-0.040767195,0.011008615,0.003446896,0.007528079,0.244142371,-0.08262261,0.056794685,7.96E-08,0.113561263,0.365231713,-0.026311684
1851.5,1851,1852,0.14242946,0.049490248,0.007705454,-0.000919283,-0.073427571,0.024454565,0,-0.042118476,0.010416004,0.003454325,0.002067874,0.245039091,-0.074346854,0.057195784,8.23E-08,0.121484808,0.368591773,-0.028248147
1852.5,1852,1853,0.145080015,0.049951329,0.008003354,-0.000264021,-0.070948095,0.023995278,0,-0.043469704,0.010219134,0.00348747,0.001256644,0.245011319,-0.071212116,0.057954768,8.53E-08,0.126054845,0.372322808,-0.0297631
1853.5,1853,1854,0.147460315,0.050712849,0.008381922,-0.000691653,-0.074799541,0.024671005,0,-0.044820886,0.010628766,0.00354224,-0.008868136,-0.001429855,-0.075491193,0.059094859,8.84E-08,0.125085106,0.114787115,-0.03064988
1854.5,1854,1855,0.14949455,0.051526921,0.008771473,-0.00271766,-0.088982038,0.026801356,0,-0.046171979,0.011971739,0.003600842,-0.022721457,-0.282577731,-0.091699698,0.060298486,9.15E-08,0.114295296,-0.191003892,-0.030599397
1855.5,1855,1856,0.151143816,0.052506068,0.009190388,-0.00139743,-0.085175845,0.026757796,0,-0.047522967,0.011812538,0.003671397,-0.031254977,0.073721743,-0.086573276,0.06169655,9.46E-08,0.120985855,0.163452621,-0.032039032
1856.5,1856,1857,0.153042087,0.053401331,0.009612616,-0.002084408,-0.086395581,0.026150637,0,-0.048873807,0.011625778,0.00373598,-0.033641867,0.155121351,-0.088479988,0.063014045,9.77E-08,0.120214731,0.241694215,-0.033512048
1857.5,1857,1858,0.155841225,0.054412554,0.009994586,-0.002111245,-0.09320808,0.028748672,0,-0.050224479,0.012718338,0.003809001,-0.027666842,-0.782049143,-0.095319325,0.064407241,1.01E-07,0.119980672,-0.689735313,-0.033697141
1858.5,1858,1859,0.158830389,0.055572837,0.010317745,-0.002474187,-0.097187043,0.030128815,0,-0.051574969,0.013208751,0.003892878,-0.010802609,-0.396297254,-0.099661231,0.065890686,1.04E-07,0.120715319,-0.286384544,-0.03447334
1859.5,1859,1860,0.16202959,0.056815068,0.010853392,-0.003094432,-0.099134155,0.029795695,0,-0.052925221,0.013154798,0.003982823,0.003456326,0.076207681,-0.102228587,0.067668567,1.07E-07,0.121477666,0.201141673,-0.0357876
1860.5,1860,1861,0.165571217,0.057979688,0.011469392,-0.004086997,-0.103421093,0.030012339,0,-0.054019179,0.013289314,0.004067278,0.014033524,0.177820531,-0.10750809,0.069449191,1.10E-07,0.120862071,0.312716125,-0.036662587
1861.5,1861,1862,0.169110683,0.059246129,0.012169252,-0.003429808,-0.104941077,0.031387473,0,-0.054856789,0.013682401,0.004159249,0.011911844,0.222045379,-0.108370885,0.071415494,1.13E-07,0.126527626,0.360484848,-0.037015139
1862.5,1862,1863,0.172131493,0.060838961,0.01283951,-0.003927326,-0.104573309,0.031250036,0,-0.05569407,0.013421259,0.004275092,-0.000350217,-1.004263154,-0.108500634,0.073678598,1.27E-07,0.130561774,-0.874051597,-0.037997719
1863.5,1863,1864,0.175227248,0.062734808,0.013432614,-0.003658632,-0.102777595,0.031137438,0,-0.056531023,0.013051253,0.004413226,-0.007542087,-1.27684246,-0.106436226,0.076167551,1.30E-07,0.137029467,-1.14735508,-0.039066544
1864.5,1864,1865,0.178321407,0.064807639,0.014003526,-0.003432112,-0.107305661,0.033020243,0,-0.057367637,0.013717907,0.004564589,-0.014593551,-0.228786556,-0.110737773,0.078811298,1.33E-07,0.140330032,-0.103050075,-0.039085142
1865.5,1865,1866,0.181433745,0.06678678,0.014614172,-0.005483753,-0.118204436,0.03512257,0,-0.058203862,0.014605443,0.004709453,-0.020272165,0.149274612,-0.123688189,0.081401089,1.36E-07,0.135380248,0.264382695,-0.038888966
1866.5,1866,1867,0.18444832,0.068867934,0.015253793,-0.004865684,-0.116925495,0.035691886,0,-0.059039663,0.014539875,0.004862137,-0.023158273,0.226255276,-0.121791179,0.084121867,1.40E-07,0.142833244,0.345930246,-0.039637651
1867.5,1867,1868,0.187594702,0.071042751,0.015882108,-0.006246964,-0.126339529,0.037868644,0,-0.059875031,0.015379172,0.005022074,-0.027542038,0.239542951,-0.132586493,0.086925012,1.53E-07,0.140328081,0.352328995,-0.039473785
1868.5,1868,1869,0.190282576,0.072986284,0.01655755,-0.007621446,-0.136224918,0.040491697,0,-0.060709932,0.016437489,0.005165352,-0.01776047,0.235620631,-0.143846364,0.08954399,1.56E-07,0.137364809,0.355224969,-0.03910709
1869.5,1869,1870,0.192396849,0.074703632,0.017203373,-0.007579808,-0.134238909,0.039913056,0,-0.06154432,0.015914193,0.005292227,8.66E-05,7.41E-05,-0.141818717,0.091907164,1.60E-07,0.142060452,0.14222112,-0.0403379
1870.5,1870,1871,0.194701138,0.07607562,0.017808974,-0.008620302,-0.141751028,0.04163148,0,-0.062929438,0.016681854,0.005393778,0.001475052,0.16048384,-0.15037133,0.093884757,1.63E-07,0.13899224,0.300951132,-0.040853806
1871.5,1871,1872,0.197175364,0.077002204,0.018501755,-0.008350228,-0.139894876,0.041194039,0,-0.064865234,0.016220299,0.005462491,0.012239456,0.226023265,-0.148245103,0.095504136,1.77E-07,0.142445991,0.380708712,-0.043182444
1872.5,1872,1873,0.200239461,0.077739263,0.019165126,-0.008800514,-0.141806762,0.040502643,0,-0.066800449,0.016060445,0.005517219,0.006560843,0.18301671,-0.150607276,0.096904568,1.80E-07,0.141816611,0.331394164,-0.045222785
1873.5,1873,1874,0.203796125,0.078295194,0.019817482,-0.011138253,-0.155160455,0.042638459,0,-0.068735075,0.017200599,0.00555855,-0.00309592,-1.095988296,-0.166298708,0.09811286,1.84E-07,0.132272809,-0.966811407,-0.045975927
1874.5,1874,1875,0.207446429,0.079275044,0.020447393,-0.011900294,-0.15874378,0.044246613,0,-0.070669066,0.017614023,0.005631388,-0.011473434,-0.530541168,-0.170644074,0.099722634,1.97E-07,0.133347947,-0.408666655,-0.047423655
1875.5,1875,1876,0.21164481,0.080252074,0.021088003,-0.011497318,-0.156138905,0.043636472,0,-0.072602394,0.017102077,0.0057041,-0.02707402,-0.098148949,-0.167636223,0.101340278,2.01E-07,0.139189121,0.013966152,-0.049796217
1876.5,1876,1877,0.215821751,0.081075233,0.021659206,-0.013136538,-0.161156591,0.044149221,0,-0.074535047,0.017250865,0.005765429,-0.034219089,0.101004916,-0.174293129,0.102734653,2.15E-07,0.136893744,0.203679572,-0.051518753
1877.5,1877,1878,0.220053161,0.081974412,0.022153747,-0.013366952,-0.166020969,0.045846734,0,-0.07646697,0.017865784,0.005832468,-0.03879006,0.116705037,-0.179387921,0.104128377,2.18E-07,0.137871633,0.215786611,-0.052768718
1878.5,1878,1879,0.224451668,0.083014127,0.02268076,-0.013800089,-0.169496012,0.04729553,0,-0.07839813,0.018246047,0.005910063,-0.044453073,0.208018175,-0.183296101,0.105695119,2.32E-07,0.139904197,0.303469299,-0.054242019
1879.5,1879,1880,0.228600641,0.08427864,0.023182027,-0.016087488,-0.178782622,0.047817092,0,-0.080328532,0.018719165,0.006004538,-0.043267428,0.234285724,-0.194870109,0.107460903,2.36E-07,0.133403698,0.324421993,-0.055604829
1880.5,1880,1881,0.233144264,0.085699406,0.023686515,-0.018501065,-0.186301781,0.047753719,0,-0.081979494,0.01867785,0.006110838,-0.029351706,0.121966226,-0.204802846,0.109386171,2.50E-07,0.128290502,0.220905022,-0.057190806
1881.5,1881,1882,0.238025139,0.08704478,0.02410731,-0.018757174,-0.191550204,0.049537997,0,-0.083350961,0.019297748,0.006211646,-0.009991379,-0.002291068,-0.210307379,0.111152344,2.54E-07,0.130566535,0.118284088,-0.057841567
1882.5,1882,1883,0.243185832,0.088375188,0.024538793,-0.020129557,-0.194249793,0.049006023,0,-0.084721563,0.019047074,0.006311484,-0.014125534,0.165480386,-0.21437935,0.112914248,2.68E-07,0.131363748,0.2827186,-0.059363005
1883.5,1883,1884,0.247623956,0.089754578,0.024944612,-0.020745153,-0.19436786,0.04855565,0,-0.086091312,0.018653633,0.00641515,-0.017089645,-0.108468493,-0.215113014,0.114699472,2.82E-07,0.134743535,0.009185396,-0.061022529
1884.5,1884,1885,0.252153254,0.091243986,0.025346639,-0.021337248,-0.201654086,0.050937128,0,-0.087460143,0.019551518,0.006527257,0.006108426,-2.211590546,-0.222991334,0.116590921,2.96E-07,0.1353086,-2.07017352,-0.061381368
1885.5,1885,1886,0.257358226,0.092924437,0.025733811,-0.022484394,-0.204809739,0.051777798,0,-0.088828023,0.019642113,0.006653957,-0.008368918,-1.424446936,-0.227294133,0.118658548,3.00E-07,0.137968487,-1.294847367,-0.062531952
1886.5,1886,1887,0.262897936,0.094565252,0.026084508,-0.022018527,-0.204729784,0.052765536,0,-0.090194962,0.019779263,0.006777893,-0.024796335,-0.883484012,-0.226748311,0.120650074,3.14E-07,0.145927429,-0.762352918,-0.063637806
1887.5,1887,1888,0.268639241,0.096365376,0.02650753,-0.023756961,-0.213562716,0.054500271,0,-0.091560896,0.020437348,0.00691413,-0.034921115,-0.778739127,-0.237319677,0.122873235,3.28E-07,0.144483652,-0.66917659,-0.064209418
1888.5,1888,1889,0.275033297,0.098103724,0.026839629,-0.027701688,-0.232660193,0.056640232,0,-0.092925832,0.021756584,0.007045937,-0.038883664,-0.165079056,-0.260361881,0.124943696,3.43E-07,0.132132033,-0.071830687,-0.064123311
1889.5,1889,1890,0.281439364,0.099975499,0.027265716,-0.027472367,-0.229293482,0.057194362,0,-0.094289704,0.021337921,0.007188158,-0.040303317,0.105340465,-0.256765848,0.127241572,3.57E-07,0.143345825,0.208382973,-0.065763625
1890.5,1890,1891,0.287744811,0.101841935,0.027586555,-0.030591321,-0.243813684,0.05882458,0,-0.095634241,0.022272503,0.007330247,-0.036839987,0.007079544,-0.274405005,0.129428861,3.72E-07,0.135561756,0.105801313,-0.066031491
1891.5,1891,1892,0.294287323,0.10373691,0.027878246,-0.030986518,-0.242193182,0.05846147,0,-0.096959464,0.021795053,0.007474803,-0.011426633,0.144493818,-0.2731797,0.131615542,3.86E-07,0.143495028,0.276562213,-0.067689608
1892.5,1892,1893,0.300691231,0.105963819,0.028245556,-0.03121455,-0.241277873,0.058797805,0,-0.098283555,0.021560558,0.007645071,0.009493753,0.212758104,-0.272492423,0.134209775,4.01E-07,0.152128463,0.37438032,-0.069077925
1893.5,1893,1894,0.306321721,0.108111744,0.028674337,-0.031620767,-0.243395995,0.060268361,0,-0.099606487,0.021781382,0.007809712,0.025936771,0.054553196,-0.275016763,0.136786496,4.16E-07,0.158344422,0.238834389,-0.070015393
1894.5,1894,1895,0.312021543,0.109947853,0.029186449,-0.034902142,-0.258397039,0.06328242,0,-0.100928225,0.022902314,0.007950793,0.045733914,0.151812559,-0.293299181,0.139134733,4.30E-07,0.151064397,0.348610871,-0.070075117
1895.5,1895,1896,0.317231081,0.111519664,0.029723871,-0.036052553,-0.26377462,0.063921714,0,-0.102248753,0.02319721,0.008071815,0.026997611,-0.094271727,-0.299827173,0.141243991,4.55E-07,0.151589884,0.084315768,-0.070979728
1896.5,1896,1897,0.322398101,0.112403192,0.030138799,-0.037833476,-0.262782065,0.062501429,0,-0.10356804,0.022376237,0.008139959,0.001381449,0.086045484,-0.300615541,0.142542461,4.70E-07,0.153774608,0.241201541,-0.073051843
1897.5,1897,1898,0.32746795,0.113261944,0.030568067,-0.040284993,-0.278154783,0.065662916,0,-0.104886061,0.023790963,0.008206263,-0.015061569,0.173144934,-0.318439776,0.143830497,4.86E-07,0.145632751,0.303716115,-0.072888835
1898.5,1898,1899,0.333036454,0.114825526,0.030996387,-0.042797903,-0.28662783,0.066763068,0,-0.106202823,0.024190362,0.00832707,-0.022768259,0.19534948,-0.329425734,0.145822424,5.11E-07,0.142510821,0.315092043,-0.073685391
1899.5,1899,1900,0.339305876,0.116681996,0.031543316,-0.048790449,-0.307275729,0.067893835,0,-0.107518238,0.025132123,0.008470786,-0.031941403,0.223632614,-0.356066179,0.148225838,5.27E-07,0.125444041,0.317135251,-0.073915329
1900.5,1900,1901,0.346108024,0.118538608,0.032093536,-0.051813351,-0.314563739,0.068506357,0,-0.109089272,0.025177902,0.008614808,-0.037245602,0.178720167,-0.36637709,0.150632696,5.52E-07,0.123573424,0.265047989,-0.075296563
1901.5,1901,1902,0.352104324,0.12037845,0.03269047,-0.053081686,-0.319187581,0.069908907,0,-0.110916009,0.025504653,0.008757831,-0.046293942,0.216631243,-0.372269267,0.153069489,5.69E-07,0.126159927,0.296497228,-0.076653526
1902.5,1902,1903,0.357835037,0.12259875,0.033607792,-0.054972131,-0.322318351,0.070658854,0,-0.112741846,0.025414048,0.008930863,-0.044141061,0.132511015,-0.377290482,0.156207397,8.55E-07,0.129013871,0.217383825,-0.078396934
1903.5,1903,1904,0.363763019,0.124881476,0.034693644,-0.059637995,-0.33373825,0.07130668,0,-0.114567094,0.02573267,0.009109238,-0.025825973,-0.198178374,-0.393376245,0.159576304,1.18E-06,0.121544572,-0.102459776,-0.079725186
1904.5,1904,1905,0.3691492,0.127876125,0.03570927,-0.062543554,-0.347725921,0.075199782,0,-0.116392174,0.026728326,0.009343823,0.007465677,0.021179427,-0.410269474,0.163586929,1.53E-06,0.117346412,0.145991516,-0.080320024
1905.5,1905,1906,0.375177268,0.130860021,0.03671316,-0.066964989,-0.363406041,0.077925232,0,-0.118217523,0.027729779,0.009578331,-0.007214474,0.15132703,-0.43037103,0.167575141,1.96E-06,0.109397197,0.253509753,-0.080909414
1906.5,1906,1907,0.38190107,0.134012552,0.037722951,-0.071403476,-0.375372973,0.07963153,0,-0.120043471,0.028272125,0.00982691,0.016794827,0.182465224,-0.446776449,0.171738034,2.53E-06,0.10454975,0.303809801,-0.081944435
1907.5,1907,1908,0.389779791,0.137384237,0.038806802,-0.080519391,-0.40925866,0.083932055,0,-0.12187045,0.030491308,0.010093718,0.00381514,-0.169953801,-0.489778051,0.176194347,3.31E-06,0.078842718,-0.087295943,-0.081285424
1908.5,1908,1909,0.397353388,0.140115268,0.040030866,-0.077621657,-0.401568947,0.086306311,0,-0.123698837,0.030179363,0.010310646,0.011927445,-0.098392751,-0.479190604,0.18015044,4.31E-06,0.101410707,0.014945401,-0.083208828
1909.5,1909,1910,0.404880353,0.14304995,0.041267619,-0.081350038,-0.410499389,0.087889094,0,-0.125529037,0.030520111,0.01054445,-0.004921188,0.16108325,-0.491849426,0.184322533,4.96E-06,0.100778077,0.256940139,-0.084464477
1910.5,1910,1911,0.412820031,0.146016566,0.04259275,-0.086763707,-0.430534689,0.091298391,0,-0.126721274,0.031826727,0.010781582,-0.017354855,0.221016543,-0.517298396,0.18861574,6.42E-06,0.091322801,0.294984488,-0.084112964
1911.5,1911,1912,0.420951152,0.14858338,0.044071171,-0.085969461,-0.423919909,0.091941161,0,-0.127275909,0.03135162,0.010987475,-0.03532673,0.179206742,-0.50988937,0.192672381,1.78E-05,0.11073851,0.254618522,-0.084936814
1912.5,1912,1913,0.430391589,0.150850303,0.045158195,-0.088621204,-0.428350255,0.092746016,0,-0.127833544,0.031464642,0.011169728,-0.042190988,-0.450909783,-0.516971459,0.196031417,2.29E-05,0.11699839,-0.376102381,-0.085199174
1913.5,1913,1914,0.440420442,0.152289661,0.046406825,-0.0930779,-0.4465378,0.095525223,0,-0.128394548,0.032859932,0.011285855,-0.040677731,-0.648182998,-0.5396157,0.198724768,2.83E-05,0.110805971,-0.578054758,-0.084248761
1914.5,1914,1915,0.449555306,0.15358043,0.047694243,-0.086379426,-0.430213917,0.097646262,0,-0.128959306,0.032035853,0.011390205,-0.026980417,0.014492836,-0.516593343,0.201318508,4.38E-05,0.146393486,0.133905905,-0.085533248
1915.5,1915,1916,0.458841181,0.155131992,0.048897862,-0.084333067,-0.42145085,0.097795979,0,-0.129528251,0.031541165,0.011515727,0.012769876,0.195522169,-0.505783918,0.204097081,6.72E-05,0.168478964,0.376771009,-0.086471359
1916.5,1916,1917,0.468659336,0.158931739,0.04985944,-0.092866485,-0.441466828,0.099894496,0,-0.130101728,0.032308845,0.011823382,0.044751077,0.227000619,-0.534333313,0.208895665,0.000104486,0.157146682,0.428898378,-0.085969501
1917.5,1917,1918,0.478061338,0.161701364,0.050958182,-0.096885222,-0.459645152,0.104303656,0,-0.130680135,0.033928543,0.012048554,0.065874271,0.191180549,-0.556530375,0.212807946,0.0001484,0.153939526,0.410994346,-0.084703039
1918.5,1918,1919,0.485851787,0.165242407,0.05165137,-0.096398214,-0.459245922,0.106962166,0,-0.131263901,0.033962959,0.012337175,0.069649613,0.104743477,-0.555644136,0.217075979,0.000182202,0.16928203,0.343675119,-0.084963767
1919.5,1919,1920,0.492309972,0.169276929,0.051829719,-0.081939663,-0.412643436,0.107937658,0,-0.131853398,0.03104208,0.012667127,0.037013187,-0.088343059,-0.4945831,0.221320223,0.000213575,0.238840564,0.187510692,-0.08814419
1920.5,1920,1921,0.499974453,0.173261862,0.052121903,-0.091257656,-0.444025864,0.112046977,0,-0.13272948,0.033135994,0.012994441,0.006030423,0.111735767,-0.535283521,0.225617377,0.000233612,0.215756242,0.333522432,-0.086599045
1921.5,1921,1922,0.506217299,0.177064747,0.052528587,-0.075016366,-0.39328929,0.112644117,0,-0.133892563,0.030459595,0.013308129,-0.013142697,0.20876077,-0.468305656,0.229843151,0.000249817,0.290274072,0.485892145,-0.090124839
1922.5,1922,1923,0.512291395,0.18073019,0.053009965,-0.078628818,-0.398587734,0.114533097,0,-0.135062533,0.030442599,0.0136117,-0.030646554,0.227738118,-0.477216552,0.234017417,0.000277262,0.292617123,0.489708686,-0.091008234
1923.5,1923,1924,0.518015526,0.183919223,0.054082854,-0.085515567,-0.447082851,0.121735201,0,-0.136239811,0.035572235,0.013877021,-0.034624704,0.230675977,-0.532598418,0.238323193,0.000321117,0.258684946,0.454736219,-0.086790556
1924.5,1924,1925,0.524329864,0.186199267,0.054591709,-0.085848042,-0.435095459,0.12051688,0,-0.137424777,0.033891949,0.014067163,-0.026902414,-0.166020554,-0.520943502,0.241156795,0.000365818,0.275594372,0.082671404,-0.089465665
1925.5,1925,1926,0.527466408,0.187628371,0.054779633,-0.086353144,-0.438485282,0.122537643,0,-0.138617831,0.034398297,0.014186521,-0.00576362,-0.031615903,-0.524838426,0.242827795,0.000419791,0.277960408,0.240580885,-0.090033013
1926.5,1926,1927,0.529844048,0.188387805,0.054944559,-0.090500767,-0.441388463,0.123139963,0,-0.139819352,0.033749119,0.014250047,0.022551444,-0.368005606,-0.53188923,0.243818848,0.000486484,0.273093444,-0.072360718,-0.091820186
1927.5,1927,1928,0.533697837,0.189530237,0.055136568,-0.097212293,-0.462216956,0.126865404,0,-0.141029723,0.035009294,0.014345684,0.046248734,-0.092402261,-0.559429248,0.245202135,0.000535329,0.254661383,0.208507856,-0.091674744
1928.5,1928,1929,0.536271018,0.192085879,0.055484867,-0.099753777,-0.461145584,0.128674134,0,-0.142249385,0.034150046,0.014560004,0.03071055,0.179378494,-0.560899361,0.248172496,0.00060175,0.258678952,0.468767996,-0.093539335
1929.5,1929,1930,0.53909542,0.195236179,0.055707137,-0.109390258,-0.485489147,0.132473978,0,-0.143478663,0.035081664,0.01482489,0.022754251,0.195187698,-0.594879405,0.251639245,0.000695929,0.234757128,0.452699078,-0.09357211
1930.5,1930,1931,0.541180782,0.198355471,0.0558904,-0.102715933,-0.470242191,0.134626651,0,-0.144643377,0.034192821,0.015088006,0.022972659,0.209081727,-0.572958123,0.255046692,0.000800821,0.262533451,0.494587837,-0.09536255
1931.5,1931,1932,0.54464893,0.200875881,0.056568245,-0.088023232,-0.41438121,0.130399219,2.94E-05,-0.145743928,0.030380711,0.015301456,0.000741824,0.157070324,-0.502404442,0.258368561,0.000924436,0.330979885,0.488792033,-0.100032384
1932.5,1932,1933,0.54935541,0.203194443,0.056933724,-0.07695983,-0.390512905,0.132162375,5.88E-05,-0.146855316,0.029880539,0.015498194,-0.015810397,-0.229691141,-0.467472735,0.261176462,0.001048295,0.373803681,0.128302143,-0.101417831
1933.5,1933,1934,0.554739876,0.205563391,0.057479562,-0.082800365,-0.400536418,0.132763759,8.81E-05,-0.147977907,0.029723307,0.015699772,-0.022737057,-0.499679689,-0.483336783,0.264219982,0.001177029,0.365920136,-0.15649661,-0.102466697
1934.5,1934,1935,0.561446926,0.208262451,0.057836065,-0.093463859,-0.438476342,0.138028791,0.000117506,-0.149112101,0.032141834,0.015929925,-0.015030368,-0.036280097,-0.5319402,0.267421377,0.00132286,0.334034056,0.282723591,-0.100922837
1935.5,1935,1936,0.56920333,0.210994584,0.058277026,-0.101969492,-0.456151235,0.140127335,0.000146882,-0.150258298,0.032505022,0.016163587,0.011584232,0.182152944,-0.558120727,0.270774199,0.001502588,0.320541331,0.514278506,-0.101442807
1936.5,1936,1937,0.583080237,0.213431513,0.058858905,-0.11035519,-0.488686059,0.14564427,0.000176259,-0.1514169,0.035011435,0.016372647,0.069243997,0.221397758,-0.599041249,0.27402697,0.001736553,0.303853668,0.594495424,-0.099856559
1937.5,1937,1938,0.596336548,0.215728199,0.059596665,-0.119949276,-0.504282742,0.147724952,0.000205635,-0.152588291,0.035115619,0.016570249,0.072535721,0.191054596,-0.624232018,0.27731527,0.001990405,0.296447964,0.560038281,-0.100696788
1938.5,1938,1939,0.605613795,0.21792748,0.060462322,-0.11031753,-0.470367593,0.145715226,0.000235012,-0.153772885,0.032827371,0.016759988,0.062098929,0.197919732,-0.580685123,0.280634151,0.002244349,0.347327535,0.607346196,-0.103950514
1939.5,1939,1940,0.615357172,0.22112392,0.061168699,-0.119994807,-0.503001653,0.1512307,0.000264388,-0.154971042,0.034904549,0.017036258,0.05919722,0.221916059,-0.62299646,0.284804798,0.002512179,0.325630363,0.606743642,-0.102765847
1940.5,1940,1941,0.624179266,0.222752745,0.06200665,-0.133120174,-0.524570968,0.15296372,0.000293765,-0.155347151,0.035275156,0.017177625,0.039774491,0.226900402,-0.657691142,0.287580253,0.002820858,0.304431492,0.571106385,-0.102600604
1941.5,1941,1942,0.632067473,0.224332753,0.062890313,-0.138062899,-0.535745073,0.154769244,0.000316656,-0.15490201,0.035955969,0.017315022,0.0240647,0.227572569,-0.673807972,0.290409016,0.003185949,0.302123397,0.553760666,-0.101314364
1942.5,1942,1943,0.638298654,0.226834821,0.063873249,-0.142176517,-0.553670159,0.156949231,0.000343362,-0.154473286,0.037337893,0.017532851,0.005593607,0.227511274,-0.695846676,0.294353015,0.003644944,0.294495045,0.527599926,-0.09925918
1943.5,1943,1944,0.641991333,0.2290808,0.066157803,-0.143282007,-0.556353656,0.15980626,0.000370068,-0.154062854,0.037762415,0.017729589,-0.013064694,-0.380448606,-0.699635662,0.299434845,0.004196242,0.303395994,-0.090117306,-0.098200782
1944.5,1944,1945,0.642235489,0.230897415,0.066948427,-0.138917395,-0.550358368,0.162601635,0.000400589,-0.153672562,0.03792008,0.017888512,-0.007869699,-0.285360229,-0.689275763,0.302696825,0.004850983,0.320794804,0.027564876,-0.097463382
1945.5,1945,1946,0.641577876,0.232429242,0.067767847,-0.119419054,-0.495165524,0.16178918,0.00043111,-0.153304313,0.034518341,0.018022833,0.02751243,0.083939136,-0.614584578,0.305660862,0.005463773,0.394111311,0.505562877,-0.100332029
1946.5,1946,1947,0.641504163,0.234606308,0.068489309,-0.114798152,-0.482481716,0.161451404,0.000469261,-0.152960013,0.034156761,0.018213866,0.04456387,0.192134347,-0.597279868,0.309393665,0.006298048,0.414949238,0.651647455,-0.100120126
1947.5,1947,1948,0.64304087,0.237601095,0.068798952,-0.129482489,-0.509374555,0.166072384,0.000503597,-0.152641514,0.03469837,0.018476981,0.090055179,-0.008398605,-0.638857044,0.313572913,0.007172867,0.384866558,0.466523132,-0.098962566
1948.5,1948,1949,0.643499068,0.240592745,0.068971521,-0.13550684,-0.531692703,0.172310221,0.000545563,-0.152350718,0.03644945,0.018740542,0.105624564,0.05589643,-0.667199543,0.317684922,0.008120656,0.369679506,0.5312005,-0.096615162
1949.5,1949,1950,0.645301118,0.242944087,0.069135287,-0.135850344,-0.526134608,0.171699318,0.00058753,-0.152089481,0.035117023,0.018948266,0.090601199,0.189294113,-0.661984952,0.32118213,0.009102756,0.378760951,0.658656264,-0.097436663
1950.5,1950,1951,0.648481134,0.24466767,0.069648929,-0.147843029,-0.566255582,0.179816245,0.000637127,-0.152745462,0.037904616,0.019101065,0.056950736,0.217778043,-0.714098611,0.324421321,0.010104723,0.343517435,0.618246214,-0.095102655
1951.5,1951,1952,0.651729723,0.247141151,0.070089329,-0.155585079,-0.552589991,0.177955822,0.000686723,-0.154445423,0.035300827,0.019320644,0.012457865,0.103036721,-0.70817507,0.328395575,0.011165095,0.350768821,0.466263407,-0.099137229
1952.5,1952,1953,0.657359328,0.249860037,0.070682507,-0.161658168,-0.567717974,0.181859796,0.000740135,-0.156148279,0.03587391,0.019562705,0.010445389,0.100333069,-0.729376141,0.332759218,0.012216674,0.342630673,0.453409131,-0.099971528
1953.5,1953,1954,0.664040288,0.25431449,0.071773962,-0.167673717,-0.585031402,0.187916989,0.000801177,-0.157705656,0.036829662,0.019960793,-0.002612301,0.159601548,-0.752705119,0.339490496,0.013402045,0.33862863,0.495617876,-0.100114024
1954.5,1954,1955,0.670309467,0.259739682,0.07252739,-0.171914304,-0.595095204,0.192234695,0.000866034,-0.159386631,0.037541539,0.020447707,-0.002456296,0.196741257,-0.767009508,0.347026295,0.014759222,0.342029599,0.53631456,-0.100531351
1955.5,1955,1956,0.675780078,0.265692867,0.073565611,-0.187441681,-0.623263121,0.199949952,0.000934707,-0.161121903,0.038680085,0.020985188,0.02484473,0.196813706,-0.810704802,0.355561441,0.016302962,0.320064745,0.541723182,-0.100521923
1956.5,1956,1957,0.680594584,0.272686672,0.074762945,-0.201977154,-0.668283032,0.209977324,0.001011009,-0.162672722,0.042019262,0.021620701,0.084984989,-0.051924126,-0.870260186,0.365520018,0.018070402,0.287809992,0.320870854,-0.09802175
1957.5,1957,1958,0.685598931,0.279752147,0.075895199,-0.208650863,-0.696172667,0.218166455,0.001091127,-0.164091352,0.044583271,0.022267178,0.14092869,-0.078840104,-0.90482353,0.375724492,0.020077146,0.278516572,0.340605158,-0.096149775
1958.5,1958,1959,0.691634986,0.285303164,0.076804357,-0.207090081,-0.680135575,0.215495088,0.001178875,-0.16489122,0.043961971,0.022778282,0.148338968,0.13548546,-0.887225656,0.384318989,0.022211467,0.307251315,0.591075742,-0.096972093
1959.5,1959,1960,0.699576193,0.290008838,0.077558327,-0.216093538,-0.696076139,0.218528428,0.001270438,-0.165036227,0.045117497,0.023213738,0.116669779,0.205279827,-0.912169677,0.392006003,0.024438838,0.302506393,0.624455998,-0.095434554
1960.5,1960,1961,0.713734006,0.293225144,0.07859824,-0.22842487,-0.720209553,0.223468473,0.001373447,-0.165303985,0.046808973,0.023512909,0.094969364,0.220520836,-0.948634422,0.398791322,0.026967938,0.293750722,0.609240922,-0.093608657
1961.5,1961,1962,0.725345987,0.295742683,0.079721088,-0.240061254,-0.744518165,0.230926471,0.001594387,-0.165846336,0.04685278,0.023747971,0.046872757,0.223229965,-0.984579419,0.405380289,0.029916517,0.28342213,0.553524852,-0.093651197
1962.5,1962,1963,0.738173015,0.301903619,0.0809101,-0.245863145,-0.745778063,0.23437058,0.001852107,-0.166816238,0.046894452,0.024324561,0.013456302,0.223534879,-0.991641208,0.416119431,0.033305712,0.303276699,0.54026788,-0.093745118
1963.5,1963,1964,0.748555925,0.310406286,0.082223467,-0.264431888,-0.796087457,0.249355306,0.002055866,-0.167762777,0.049690239,0.025125792,0.001880667,-0.956574734,-1.060519345,0.429887035,0.037257282,0.276388041,-0.678306026,-0.09089088
1964.5,1964,1965,0.760257558,0.318083066,0.083454166,-0.274466259,-0.780004147,0.250500137,0.002256146,-0.168333038,0.047194335,0.025854952,-0.003485934,-1.080841602,-1.054470406,0.443368802,0.04183157,0.306628486,-0.777699051,-0.093027605
1965.5,1965,1966,0.768472237,0.324377279,0.084697196,-0.285170745,-0.794057897,0.258521529,0.00252478,-0.168948296,0.047352488,0.026457045,-0.000490622,-0.14949925,-1.079228643,0.456086893,0.047012418,0.311238035,0.161248164,-0.092613983
1966.5,1966,1967,0.786722106,0.329486219,0.086106767,-0.293152937,-0.801044802,0.263171942,0.002859448,-0.169471949,0.047545598,0.026948801,0.025141141,0.050480274,-1.094197739,0.46837814,0.052785154,0.331956347,0.407577762,-0.092118102
1967.5,1967,1968,0.796918655,0.334956622,0.087511975,-0.298643076,-0.821897696,0.273970794,0.003518906,-0.170941397,0.049109277,0.027477969,0.056857132,0.130908705,-1.120540772,0.481713167,0.059244569,0.341226598,0.528992435,-0.090835246
1968.5,1968,1969,0.812417071,0.342812478,0.088908173,-0.310943963,-0.829655349,0.280179445,0.004150011,-0.173982648,0.049240724,0.028242254,0.073596561,0.084227489,-1.140599312,0.498222807,0.066502155,0.357870351,0.515694401,-0.092349659
1969.5,1969,1970,0.827069618,0.350749286,0.090311925,-0.32125886,-0.8378853,0.285663412,0.004517669,-0.176217681,0.049821723,0.029020274,0.076576273,0.013292606,-1.159144161,0.51567294,0.074611729,0.376403796,0.466272674,-0.092858015
1970.5,1970,1971,0.853148737,0.360431529,0.091716912,-0.346354149,-0.87945827,0.299193111,0.004701892,-0.177647492,0.052019339,0.029977118,0.078510745,0.161474707,-1.225812419,0.535700843,0.083552402,0.371281129,0.611266582,-0.090949143
1971.5,1971,1972,0.863525322,0.369261223,0.093153281,-0.345215362,-0.890472786,0.306847443,0.005751276,-0.178494537,0.054102892,0.030857543,0.049836868,0.209916047,-1.235688148,0.555638153,0.093223649,0.402539944,0.662292859,-0.087782827
1972.5,1972,1973,0.896530277,0.377209558,0.09461331,-0.359043483,-0.945602999,0.322818897,0.00626923,-0.17906228,0.058898453,0.031656569,0.048058402,0.219643466,-1.304646482,0.575585239,0.103762371,0.408049904,0.675751772,-0.082238027
1973.5,1973,1974,0.939663374,0.383103866,0.096114871,-0.370681036,-0.937582982,0.323151034,0.006703181,-0.180437516,0.058043128,0.032253424,0.019290921,0.195420369,-1.308264018,0.594734608,0.11551587,0.465847217,0.680558507,-0.083437782
1974.5,1974,1975,0.953761982,0.388839618,0.097667741,-0.364291137,-0.936151911,0.323591407,0.006701916,-0.181438141,0.059158446,0.032837506,0.005172391,0.18937042,-1.300443048,0.615026619,0.12851926,0.509196687,0.703739498,-0.082740273
1975.5,1975,1976,0.954797703,0.39553992,0.09926965,-0.356716206,-0.924420573,0.322055238,0.006927952,-0.182021116,0.059426199,0.033523586,0.005484403,0.144100516,-1.281136779,0.63655671,0.141747141,0.550129493,0.699714412,-0.082143379
1976.5,1976,1977,0.966697236,0.402952252,0.100918117,-0.374507525,-0.974243349,0.333551479,0.007147723,-0.182713826,0.063950008,0.03428748,0.000835428,0.145588762,-1.348750874,0.65857677,0.1547064,0.532745996,0.679170186,-0.077328615
1977.5,1977,1978,0.996798716,0.410820749,0.10261047,-0.374082986,-0.983455739,0.339673929,0.00780608,-0.184159342,0.066297897,0.03510413,0.030944559,0.205993779,-1.357538725,0.681035942,0.167604723,0.585018626,0.821956964,-0.074951235
1978.5,1978,1979,1.02424457,0.418900035,0.104370713,-0.373259109,-1.003145095,0.34698941,0.008297507,-0.186062757,0.070023203,0.035948919,0.077059891,0.218299079,-1.376404204,0.703631858,0.18036111,0.626668507,0.922027476,-0.071793128
1979.5,1979,1980,1.05239487,0.426943401,0.106201792,-0.381625954,-1.017166482,0.35193862,0.008855552,-0.186858118,0.071143042,0.036796349,0.115858548,0.218825241,-1.398792437,0.725275363,0.19213017,0.660753242,0.995437031,-0.070063175
1980.5,1980,1981,1.086350454,0.434719752,0.10843908,-0.384477889,-1.009446451,0.352456981,0.009153713,-0.187783289,0.069178783,0.03762223,0.108214261,0.150960512,-1.393924339,0.747111493,0.203952661,0.720166025,0.979340798,-0.071828564
1981.5,1981,1982,1.10603868,0.441993988,0.111243041,-0.371569141,-0.982867353,0.350365739,0.009186187,-0.189185106,0.067333956,0.038401066,0.110757157,0.099978666,-1.354436494,0.768678269,0.21544124,0.796382296,1.007118118,-0.074263898
1982.5,1982,1983,1.118303249,0.448540014,0.115167061,-0.370379715,-1.022603013,0.362919801,0.009582559,-0.190190042,0.071738843,0.039108243,0.067418729,-0.24403543,-1.392982729,0.790461082,0.226754007,0.808941005,0.632324303,-0.069760398
1983.5,1983,1984,1.145552038,0.454180089,0.117069288,-0.353666911,-0.956390725,0.34902603,0.010008163,-0.19135693,0.067060299,0.039719116,0.06559346,-0.737018646,-1.310057636,0.80941961,0.238170233,0.91937069,0.247945504,-0.074569352
1984.5,1984,1985,1.170571518,0.459033854,0.11935123,-0.357432433,-0.980068075,0.35646565,0.010930145,-0.192385205,0.070208375,0.040248229,0.014610745,-0.287759154,-1.337500508,0.827999136,0.249614052,0.94653734,0.673388932,-0.070998456
1985.5,1985,1986,1.194361129,0.46410315,0.121182343,-0.359594123,-0.99071103,0.360440411,0.011542963,-0.193144198,0.071551604,0.040802634,-0.002612301,0.008697605,-1.350305154,0.847758832,0.262473339,0.983008221,0.989093525,-0.069246996
1986.5,1986,1987,1.217410711,0.469214148,0.124201056,-0.356114522,-0.995924096,0.36647927,0.012489888,-0.193808423,0.073654315,0.041365833,-0.000490622,0.007632083,-1.352038618,0.869919836,0.276504632,1.035472812,1.042614273,-0.066298388
1987.5,1987,1988,1.244874294,0.473232191,0.124835262,-0.365633133,-1.027735008,0.373855,0.013352212,-0.194473423,0.07654814,0.04180806,0.010382987,0.088808072,-1.39336814,0.889240171,0.291172718,1.051836314,1.151027372,-0.062765011
1988.5,1988,1989,1.284483999,0.478298557,0.127172964,-0.3639502,-1.036813121,0.379821688,0.014333367,-0.19510405,0.079462845,0.042370137,0.055406278,0.144660331,-1.40076332,0.912361568,0.306890047,1.116966234,1.317032843,-0.058937701
1989.5,1989,1990,1.310371942,0.48371709,0.13066631,-0.360916622,-1.023214729,0.381857292,0.015255774,-0.195277672,0.078780223,0.042975608,0.117262601,0.183834235,-1.384131351,0.935178828,0.320795428,1.185010644,1.48610748,-0.058266067
1990.5,1990,1991,1.330307981,0.486726816,0.133737053,-0.362014474,-1.03739208,0.385172288,0.015698129,-0.195453515,0.08045659,0.04331489,0.105827371,0.180287235,-1.399406554,0.953127951,0.332664082,1.213217759,1.499332365,-0.055983907
1991.5,1991,1992,1.351444166,0.491995125,0.136048399,-0.373625265,-1.115266116,0.411521898,0.015588582,-0.194885384,0.08857845,0.043906578,0.104111307,-0.605017992,-1.488891381,0.970215698,0.342172174,1.197478607,0.696571922,-0.046811775
1992.5,1992,1993,1.362454438,0.494965931,0.137776844,-0.338543279,-0.994480039,0.387787505,0.017215561,-0.194032945,0.07861763,0.044242122,0.083346927,-1.872117841,-1.333023318,0.98303974,0.350296965,1.346300734,-0.44247018,-0.053957632
1993.5,1993,1994,1.374076532,0.495734451,0.138827473,-0.332339223,-1.00833075,0.393465522,0.01882664,-0.193807706,0.081655253,0.044329988,0.034485892,-0.810401237,-1.340669973,0.98970165,0.355139726,1.367577906,0.591662561,-0.048995825
1994.5,1994,1995,1.397570187,0.497897591,0.140619257,-0.335512137,-1.062474569,0.411024232,0.020049253,-0.193644933,0.088263155,0.044575887,0.004907181,-0.068076628,-1.397986706,0.997584652,0.359067804,1.367435727,1.304266279,-0.040756639
1995.5,1995,1996,1.426269984,0.499827224,0.142593494,-0.310180146,-1.017031414,0.404546363,0.021408454,-0.19330243,0.088198296,0.044796242,-0.00070903,0.120676515,-1.32721156,1.005067629,0.362646911,1.469772977,1.589740462,-0.038899439
1996.5,1996,1997,1.453594435,0.500623498,0.145422011,-0.301857372,-0.987580737,0.404801859,0.022660503,-0.193670318,0.085075549,0.044890372,-0.012908688,0.189889191,-1.28943811,1.011867743,0.365822234,1.539782034,1.716762537,-0.041043893
1997.5,1997,1998,1.470915632,0.501924068,0.148188498,-0.332768177,-1.09450112,0.442237054,0.023816114,-0.194281113,0.094372477,0.045041437,0.003503128,0.21325117,-1.427269298,1.01830072,0.368188154,1.473133025,1.689887324,-0.031051084
1998.5,1998,1999,1.511729533,0.505926974,0.150710938,-0.323426845,-1.08296837,0.435062427,0.02477787,-0.194689848,0.094741208,0.045498371,0.05039849,0.215426882,-1.406395215,1.027169508,0.370531595,1.537893853,1.803719225,-0.029672398
1999.5,1999,2000,1.543878284,0.508892327,0.153960418,-0.293799886,-0.972561898,0.420370749,0.026278264,-0.195238617,0.082652764,0.045840115,0.084906986,0.219694638,-1.266361785,1.035574941,0.372722197,1.692994714,1.997596337,-0.040467475
2000.5,2000,2001,1.561558246,0.509352034,0.157210115,-0.290257565,-0.928315266,0.417492821,0.028357315,-0.195791975,0.076842402,0.04589749,0.110008328,0.220780284,-1.218572831,1.041393174,0.374831025,1.757176642,2.087965254,-0.044694768
2001.5,2001,2002,1.586025769,0.508741749,0.159654841,-0.289775254,-0.929322166,0.420691252,0.029015768,-0.195524231,0.077557609,0.045831937,0.099446732,0.215175318,-1.21909742,1.045132407,0.376735817,1.789633092,2.104255142,-0.043118917
2002.5,2002,2003,1.616444282,0.509061171,0.161764311,-0.304728113,-0.997956809,0.433478052,0.028468966,-0.194653132,0.083177821,0.045871594,0.10473533,0.222199524,-1.302684923,1.049274958,0.378449477,1.759377618,2.086312472,-0.037134751
2003.5,2003,2004,1.655127065,0.510649718,0.164058586,-0.319504206,-1.023490822,0.436649831,0.029491774,-0.194133221,0.084352061,0.046056052,0.043362625,0.205352694,-1.342995028,1.054640874,0.37993257,1.769189409,2.017904728,-0.034233334
2004.5,2004,2005,1.682076478,0.510378525,0.166193849,-0.319318907,-1.026271724,0.44477932,0.03354308,-0.19399098,0.087103073,0.046028551,0.016576419,0.216895572,-1.345590631,1.058147371,0.381574997,1.812096263,2.045568254,-0.027316276
2005.5,2005,2006,1.712332531,0.509580882,0.168513187,-0.333494944,-1.056002907,0.45025395,0.03523594,-0.193827728,0.08996691,0.045941412,-0.009882175,0.189711186,-1.389497852,1.061377381,0.383283311,1.811782544,1.991611556,-0.022683466
2006.5,2006,2007,1.744514161,0.509628596,0.171248459,-0.344176835,-1.070010739,0.45662846,0.036701712,-0.192803125,0.089070784,0.045951172,-0.0158884,0.171699347,-1.414187573,1.06577316,0.384896105,1.83164875,1.987459697,-0.021079458
2007.5,2007,2008,1.770346853,0.512269537,0.173658473,-0.33057708,-1.056029118,0.461325766,0.038577903,-0.191754212,0.091431998,0.046256007,-0.027401633,0.15891898,-1.386606197,1.072737212,0.386809202,1.90231533,2.033832678,-0.015488303
2008.5,2008,2009,1.801500764,0.514710738,0.176571784,-0.315631167,-1.015616239,0.456669899,0.039346346,-0.191207048,0.08796175,0.046539562,-0.029882126,0.176013401,-1.331247406,1.080103541,0.388821019,1.989667408,2.135798683,-0.01735939
2009.5,2009,2010,1.823157743,0.516575638,0.178836479,-0.287960409,-0.965338288,0.449082189,0.038287853,-0.190816492,0.08485456,0.046756686,-0.029944528,0.146564633,-1.253298696,1.085893614,0.390481496,2.083917457,2.200537561,-0.020917393
2010.5,2010,2011,1.855945124,0.518540414,0.181661839,-0.278855754,-0.99094179,0.457865617,0.042413429,-0.190193117,0.091162783,0.046986582,-0.007791696,0.181680239,-1.269797543,1.092567531,0.392365279,2.126950406,2.300838949,-0.009630323
2011.5,2011,2012,1.883060907,0.520565335,0.184902892,-0.288976936,-0.967808578,0.460863826,0.044480986,-0.189242098,0.085423928,0.047224501,0.026576395,0.140708162,-1.256785514,1.099622053,0.394153826,2.174648589,2.341933146,-0.012112683
2012.5,2012,2013,1.912371099,0.522453059,0.187688472,-0.287815976,-0.991333675,0.466148021,0.045436685,-0.188769882,0.088471254,0.047446351,0.040944534,0.179468572,-1.279149651,1.105832749,0.395691219,2.197786627,2.418199734,-0.007415592
2013.5,2013,2014,1.951868479,0.524466622,0.190647213,-0.267710849,-0.932156792,0.45918644,0.046807939,-0.189345238,0.083539558,0.047683435,0.049212845,0.203357372,-1.199867641,1.112590775,0.39747694,2.312463748,2.565033965,-0.011314306
2014.5,2014,2015,1.979575237,0.527898633,0.194210717,-0.26480005,-0.943295768,0.467682592,0.048705699,-0.189628852,0.084867229,0.048086093,0.059103616,0.184336267,-1.208095818,1.121296611,0.399187261,2.352488792,2.595928676,-0.00796983
2015.5,2015,2016,2.012418971,0.532056511,0.197143691,-0.258298692,-0.935952187,0.476763412,0.051189852,-0.1895554,0.084498379,0.048573341,0.029197293,0.153910544,-1.194250879,1.130003912,0.40080371,2.419641588,2.602749425,-0.005293828
2016.5,2016,2017,2.060609082,0.535101835,0.199708509,-0.235236019,-0.861863655,0.464016276,0.053790307,-0.189878136,0.078376663,0.048932144,-0.007587226,0.172762162,-1.097099674,1.137389801,0.402579457,2.556136462,2.721311398,-0.008779023
2017.5,2017,2018,2.090938576,0.53772345,0.202596237,-0.226004054,-0.848342903,0.466961798,0.05631055,-0.190106532,0.078243063,0.04924298,-0.017466581,0.198168431,-1.074346957,1.14490005,0.404580363,2.622143527,2.802845378,-0.006309939
2018.5,2018,2019,2.124327861,0.540879577,0.206221729,-0.223240635,-0.832851503,0.467598849,0.056835524,-0.19007959,0.075921267,0.049618467,-0.021467554,0.180275276,-1.056092138,1.153708504,0.406607199,2.681838745,2.840646466,-0.007704332
2019.5,2019,2020,2.158520487,0.544087968,0.209143511,-0.235360244,-0.877559079,0.479198738,0.061541386,-0.190633165,0.08,0.05,-0.022172872,0.108442628,-1.112919323,1.161275009,0.408043529,2.686983132,2.773252889,0.000908221
2020.5,2020,2021,2.191284519,0.548691911,0.212779595,-0.187943971,-0.768604485,0.462109938,0.03067597,-0.191167684,0.0740985,0.05054847,-0.016968634,0.074220309,-0.956548456,1.170288264,0.408816757,2.831289521,2.888541196,-0.035844744
2021.5,2021,2022,2.222369216,0.554783215,0.216706374,-0.212994042,-0.825746343,0.476756034,0.036909063,-0.191414305,0.077541113,0.051276099,0.019557242,0.132408954,-1.038740385,1.181315837,0.409826247,2.816012671,2.967978868,-0.02568803
2022.5,2022,2023,2.254943836,0.560752995,0.220700848,-0.186833217,-0.738823282,0.471355453,0.046869746,-0.191602501,0.070228328,0.051993396,0.059393061,0.171705306,-0.925656499,1.192171447,0.410717604,2.970303206,3.201401572,-0.022511031
2023.5,2023,2024,2.286000327,0.564498392,0.224001654,-0.242453106,-0.888389074,0.500925792,0.051360315,-0.192196373,0.083364666,0.052446901,0.081981598,0.264979233,-1.13084218,1.199566887,0.41106684,2.850626335,3.197587165,-0.005024491
2024.5,2024,2025,2.332456922,0.567242248,0.227116078,-0.215552777,-0.850660996,0.502580583,0.056384693,-0.19256304,0.082753389,0.052781478,0.090837254,0.237954228,-1.066213773,1.205856165,0.411497839,2.974036418,3.3028279,-0.000643479
