time,timebound_lower,timebound_upper,CO2,CH4,N2O,aerosol-radiation_interactions,aerosol-cloud_interactions,O3,contrails,land_use,BC_on_snow,H2O_stratospheric,solar,volcanic,aerosol,nonco2wmghg,halogen,anthro,total,minor
1750.5,1750,1751,0,0,0,0,0,0,0,0,0,0,0.010893838,0.175711988,0,0,0,0,0.196235495,0
1751.5,1751,1752,0.001246897,0.000406138,6.41E-05,-0.000405383,0.000303412,-0.000662158,0,-0.000255458,-0.00083803,-8.47E-08,0.000312382,0.182076214,0.000550782,0.000480141,3.73E-10,0.001566077,0.189676397,-0.000938455
1752.5,1752,1753,0.002493497,0.000812031,0.000128178,-0.000404578,0.000422575,-0.00061431,0,-0.000509766,-0.001117671,-1.69E-07,-0.013644349,0.18007464,0.000986856,0.000960027,7.46E-10,0.003787459,0.181876006,-0.001337444
1753.5,1753,1754,0.0037398,0.001217678,0.000192257,-0.000406104,0.000309057,-0.000223226,0,-0.000763081,-0.000838161,-2.54E-07,-0.035419916,0.071859891,0.000562309,0.001439659,1.12E-09,0.005602635,0.055757257,-0.001245905
1754.5,1754,1755,0.004985806,0.001623081,0.000256328,-0.00092102,-0.009262462,0.000373738,0,-0.001015318,-1.44E-07,-3.39E-07,-0.06407617,-0.0350894,-0.009805896,0.001919038,1.49E-09,-0.001403041,-0.088282358,-0.000838405
1755.5,1755,1756,0.006231515,0.00202824,0.000320392,0.000198321,-0.001544599,0.00051929,0,-0.001266882,-1.56E-07,-4.24E-07,-0.079164061,0.080981899,-0.001080831,0.002398163,1.87E-09,0.009245724,0.02948781,-0.001054755
1756.5,1756,1757,0.007476928,0.002433155,0.000384449,-0.000541447,0.000281489,0.000104031,0,-0.00151784,-0.000893553,-5.08E-07,-0.080675767,-0.039208088,0.000381623,0.002877036,2.24E-09,0.011160585,-0.097063172,-0.001873661
1757.5,1757,1758,0.008722045,0.002837826,0.000448499,-0.001589397,-0.026327065,0.001379519,0,-0.001768552,-2.18E-06,-5.93E-07,-0.045052648,0.144917684,-0.02634684,0.003355655,2.61E-09,-0.009446284,0.119122089,-0.001037056
1758.5,1758,1759,0.009966865,0.003242254,0.000512542,-0.000497828,-0.01122052,0.001168908,0,-0.002016972,-1.09E-06,-6.78E-07,-0.014737788,0.177668027,-0.01102973,0.003834024,2.99E-09,0.006787972,0.182393224,-0.001433121
1759.5,1759,1760,0.01121139,0.00364644,0.000576577,-0.000859748,-0.012722861,0.001052594,0,-0.002266092,-9.73E-07,-7.63E-07,-0.004183723,0.180050473,-0.012864763,0.00431214,3.36E-09,0.006571259,0.193287343,-0.001676529
1760.5,1760,1761,0.012455619,0.004050383,0.000640606,-0.002572103,-0.030423803,0.001239899,0,-0.00252393,-1.42E-06,-8.47E-07,0.000998,0.064991288,-0.0315363,0.004790004,3.73E-09,-0.009556673,0.074023996,-0.00178372
1761.5,1761,1762,0.013699552,0.004454084,0.000704627,-0.001622578,-0.023905737,0.001582381,0,-0.002789027,-1.85E-06,-9.32E-07,0.011745482,-1.538656226,-0.024136593,0.005267618,4.10E-09,0.000455247,-1.498225855,-0.001917395
1762.5,1762,1763,0.014943189,0.004857543,0.000768641,-0.000686064,-0.007755702,0.001035677,0,-0.003057159,-4.05E-07,-1.02E-06,0.002240721,-0.669956274,-0.008056417,0.005744982,4.48E-09,0.016407736,-0.64065974,-0.002549206
1763.5,1763,1764,0.016186531,0.005260762,0.000832648,-0.000692624,-0.008828627,0.00129215,0,-0.003323899,-6.45E-07,-1.10E-06,-0.015075575,0.022887244,-0.009027378,0.006222085,4.85E-09,0.017765935,0.034213516,-0.002708446
1764.5,1764,1765,0.017429578,0.005663739,0.000896648,0.000129563,0.000335678,0.001006096,0,-0.003593368,-0.000656577,-1.19E-06,-0.027276766,0.147949148,0.001379264,0.006698951,5.22E-09,0.028201715,0.165634488,-0.003517913
1765.5,1765,1766,0.01867233,0.006066476,0.000960641,-0.001661809,-0.021098582,0.001708282,0,-0.003861023,-1.37E-06,-1.27E-06,-0.056917878,0.177303599,-0.021599225,0.007175594,5.60E-09,0.010366053,0.160495478,-0.002962276
1766.5,1766,1767,0.019914787,0.006468974,0.001024626,0.000150646,-0.008496019,0.001681131,0,-0.004130025,-8.55E-07,-1.36E-06,-0.075014627,-0.308786632,-0.007785824,0.007651992,5.97E-09,0.025609536,-0.330004988,-0.003356483
1767.5,1767,1768,0.021156949,0.006871231,0.001088605,-1.57E-05,-0.009546475,0.001779179,0,-0.004402752,-9.61E-07,-1.44E-06,-0.028898436,0.003074391,-0.008975262,0.008128146,6.34E-09,0.026522792,0.007584096,-0.003561901
1768.5,1768,1769,0.022398817,0.007273249,0.001152576,-0.004031494,-0.054464447,0.002893369,0,-0.004673185,-3.87E-06,-1.53E-06,0.008994526,0.14846187,-0.055422956,0.008604055,6.72E-09,-0.014265009,0.179437999,-0.003103471
1769.5,1769,1770,0.02364039,0.007675028,0.00121654,-0.00205851,-0.027798855,0.002311492,0,-0.004941272,-2.04E-06,-1.61E-06,0.023158326,0.057248569,-0.028288028,0.009079721,7.09E-09,0.012495881,0.119773901,-0.003721579
1770.5,1770,1771,0.024881668,0.008076569,0.001280498,-0.002109826,-0.028815429,0.002461847,0,-0.005229829,-2.13E-06,-1.69E-06,0.023148483,0.144987044,-0.029282138,0.009555144,7.46E-09,0.013643717,0.217271183,-0.003955434
1771.5,1771,1772,0.026122653,0.008477872,0.001344448,0.000157642,-0.005855947,0.001991944,0,-0.005543284,-5.88E-07,-1.78E-06,0.018440981,0.177422814,-0.005235982,0.010030325,7.84E-09,0.036830553,0.25634937,-0.004705797
1772.5,1772,1773,0.027363344,0.008878936,0.001408391,0.000343735,-0.000536513,0.001862966,0,-0.005860479,-5.33E-08,-1.86E-06,0.01010519,0.182499537,0.000286726,0.010505263,8.21E-09,0.041630258,0.253570483,-0.005189349
1773.5,1773,1774,0.02860374,0.009279764,0.001472327,0.000326016,-0.003125545,0.001954815,0,-0.006177873,-3.15E-07,-1.95E-06,-0.016627111,0.183255416,-0.002149171,0.01097989,8.58E-09,0.04213754,0.223593915,-0.005373846
1774.5,1774,1775,0.029843843,0.009680354,0.001536255,-0.003058351,-0.040123777,0.002853207,0,-0.006495082,-2.88E-06,-2.03E-06,-0.030851475,0.183362909,-0.040902192,0.011454241,8.96E-09,0.010451898,0.196163169,-0.004885995
1775.5,1775,1776,0.031083653,0.010080708,0.001600177,-0.00120048,-0.027034987,0.002894088,0,-0.006810565,-2.67E-06,-2.12E-06,-0.075230928,0.183376363,-0.026562144,0.011928342,9.33E-09,0.026398974,0.172868134,-0.005221051
1776.5,1776,1777,0.032323169,0.010480825,0.001664092,-9.05E-05,-0.011837197,0.002315354,0,-0.007130959,-1.19E-06,-2.20E-06,-0.060795852,0.183377111,-0.011187306,0.01240225,9.70E-09,0.041438537,0.192072054,-0.005934772
1777.5,1777,1778,0.033562392,0.010880707,0.001727999,-0.001728312,-0.036838525,0.003246692,0,-0.007454301,-3.59E-06,-2.29E-06,0.004024056,0.183376581,-0.036284212,0.012875946,1.01E-08,0.021332019,0.240376331,-0.00555765
1778.5,1778,1779,0.034801322,0.011280353,0.0017919,-0.003119936,-0.053426935,0.00380368,0,-0.007777714,-4.76E-06,-2.37E-06,0.029485493,0.180989336,-0.053194943,0.013349404,1.04E-08,0.008051153,0.271374125,-0.005592379
1779.5,1779,1780,0.036039959,0.011679763,0.001855793,-0.001496142,-0.032676822,0.003153003,0,-0.008101931,-3.22E-06,-2.46E-06,0.027973747,0.128145548,-0.032176465,0.013822622,1.08E-08,0.028687897,0.225087538,-0.006229402
1780.5,1780,1781,0.037278303,0.012078939,0.001919679,-0.003911204,-0.055757568,0.003502659,0,-0.008433747,-4.35E-06,-2.54E-06,0.016254745,0.16630608,-0.056439855,0.0142956,1.12E-08,0.007582786,0.234884452,-0.006241002
1781.5,1781,1782,0.038516354,0.012477881,0.001983559,-0.002608736,-0.047442686,0.003684587,0,-0.008757878,-4.39E-06,-2.63E-06,0.011423474,0.180681776,-0.04707685,0.014768337,1.16E-08,0.018953552,0.25157321,-0.006514505
1782.5,1782,1783,0.039754113,0.012876588,0.002047431,-0.002087409,-0.035755718,0.00323902,0,-0.009089343,-3.24E-06,-2.71E-06,-0.01721485,0.182986015,-0.035668594,0.015240834,1.19E-08,0.030701834,0.226568118,-0.00709633
1783.5,1783,1784,0.04099158,0.013275062,0.002111296,-0.001512271,-0.029545898,0.003251716,0,-0.00942217,-2.88E-06,-2.80E-06,-0.039506602,-2.61533898,-0.029204939,0.015713091,1.23E-08,0.038603615,-2.579663114,-0.007488643
1784.5,1784,1785,0.042228754,0.013673302,0.002175154,0.000385058,-0.024638401,0.003332703,0,-0.009756177,-2.50E-06,-2.88E-06,-0.07050359,-3.833551032,-0.022638728,0.016185011,1.27E-08,0.047277695,-3.808431008,-0.007893975
1785.5,1785,1786,0.043465637,0.014071309,0.002239005,-0.002263146,-0.039049047,0.003651336,0,-0.010089104,-3.56E-06,-2.97E-06,-0.057918895,-0.390633826,-0.038930012,0.016656683,1.31E-08,0.033662201,-0.372569664,-0.007901688
1786.5,1786,1787,0.044702227,0.014469084,0.002302849,-0.000802351,-0.032413824,0.003656166,0,-0.010423768,-3.30E-06,-3.05E-06,0.002363496,0.02246841,-0.031171123,0.017128128,1.34E-08,0.043421591,0.085395594,-0.008269522
1787.5,1787,1788,0.045938526,0.014866626,0.002366686,-0.002173797,-0.044923604,0.004121078,0,-0.010761069,-4.41E-06,-3.14E-06,0.023709764,0.051110458,-0.044269577,0.017599311,1.38E-08,0.033154913,0.140792934,-0.008279702
1788.5,1788,1789,0.047174534,0.015263936,0.002430516,-0.006013086,-0.089163948,0.005198854,0,-0.011100655,-7.31E-06,-3.22E-06,0.027814522,0.114960902,-0.090020752,0.018070236,1.42E-08,-0.007078432,0.189477336,-0.007969931
1789.5,1789,1790,0.048410249,0.015661015,0.002494339,-0.003977502,-0.062654463,0.004593293,0,-0.011439555,-5.41E-06,-3.30E-06,0.022903984,0.166639343,-0.062806087,0.018541005,1.46E-08,0.019769874,0.261855482,-0.008651539
1790.5,1790,1791,0.049645674,0.016057863,0.002558155,-0.004326732,-0.067594372,0.004828304,0,-0.011829284,-5.80E-06,-3.39E-06,0.013767604,0.00346502,-0.067796801,0.019011681,1.49E-08,0.017102866,0.051594633,-0.008917495
1791.5,1791,1792,0.050880808,0.01645448,0.002621964,-0.001757745,-0.04029609,0.0043202,0,-0.012263113,-4.06E-06,-3.47E-06,0.000883597,0.1159493,-0.039476343,0.019482125,1.53E-08,0.045334636,0.194484192,-0.009738436
1792.5,1792,1793,0.05211565,0.016850866,0.002685766,-0.000867785,-0.03636829,0.004335007,0,-0.012714779,-3.71E-06,-3.56E-06,-0.002604217,0.170193899,-0.034951372,0.019952261,1.57E-08,0.051539169,0.253683349,-0.01025195
1793.5,1793,1794,0.053350202,0.017247022,0.002749561,-0.001032063,-0.033650386,0.004240819,0,-0.013168348,-3.42E-06,-3.64E-06,-0.011962539,0.167875115,-0.032539172,0.020422119,1.60E-08,0.055176434,0.242989006,-0.010748176
1794.5,1794,1795,0.054584463,0.017642948,0.002813349,-0.005193643,-0.073956043,0.005170471,0,-0.013628431,-5.97E-06,-3.73E-06,-0.02312776,0.170981913,-0.07493454,0.020891742,1.64E-08,0.017604182,0.210955967,-0.010504317
1795.5,1795,1796,0.055818433,0.018038645,0.002877129,-0.003378416,-0.060021233,0.005173586,0,-0.014087119,-5.58E-06,-3.81E-06,-0.058064535,-0.187295645,-0.059662285,0.021361128,1.68E-08,0.034103148,-0.168118767,-0.011001101
1796.5,1796,1797,0.057052114,0.018434113,0.002940903,-0.001960269,-0.037243354,0.004452949,0,-0.01455487,-3.64E-06,-3.90E-06,-0.067898185,0.01160119,-0.036860046,0.021830283,1.72E-08,0.055874288,0.01942893,-0.011948088
1797.5,1797,1798,0.058285504,0.018829352,0.00300467,-0.003769356,-0.066430304,0.005499339,0,-0.015017245,-6.17E-06,-3.98E-06,-0.084300982,0.111109698,-0.066037977,0.022299202,1.75E-08,0.032046379,0.10831525,-0.011699833
1798.5,1798,1799,0.059518603,0.019224363,0.00306843,-0.004977549,-0.080011264,0.005992188,0,-0.015475199,-7.07E-06,-4.07E-06,-0.090558404,0.172172629,-0.079865731,0.022767887,1.79E-08,0.021349559,0.164966466,-0.011909034
1799.5,1799,1800,0.060751413,0.019619146,0.003132183,-0.004486011,-0.06954962,0.005526513,0,-0.015933934,-6.03E-06,-4.15E-06,-0.087829293,0.181735372,-0.069719894,0.023236337,1.83E-08,0.03169559,0.184928971,-0.012575575
1800.5,1800,1801,0.061983934,0.020013701,0.003195929,-0.005866778,-0.081107984,0.005681753,0,-0.016475507,-6.44E-06,-4.24E-06,-0.070870216,-0.111318272,-0.082230546,0.023704438,1.87E-08,0.02140071,-0.121428704,-0.012967083
1801.5,1801,1802,0.063216164,0.020408029,0.003259668,-0.004710192,-0.075255596,0.005899657,0,-0.017083955,-6.67E-06,-4.32E-06,-0.02467788,0.118368607,-0.075199684,0.024172291,1.90E-08,0.030424714,0.165308876,-0.013476782
1802.5,1802,1803,0.064448105,0.020802129,0.0033234,-0.004993212,-0.072290894,0.005591033,0,-0.017698243,-6.11E-06,-4.41E-06,-0.023718437,0.165995539,-0.072909957,0.024639905,1.94E-08,0.033543462,0.22187585,-0.014191102
1803.5,1803,1804,0.065679757,0.021196003,0.003387125,-0.003508143,-0.05703599,0.005386045,0,-0.018317687,-5.26E-06,-4.49E-06,-0.03319337,0.178031368,-0.056954279,0.025107281,1.98E-08,0.049937741,0.239130019,-0.014987957
1804.5,1804,1805,0.06691112,0.021589651,0.003450843,-0.002601904,-0.059569105,0.005803139,0,-0.018922242,-6.08E-06,-4.58E-06,-0.02856871,0.179670276,-0.058292575,0.02557442,2.01E-08,0.051853085,0.24857717,-0.015336856
1805.5,1805,1806,0.068142193,0.021983073,0.003514554,-0.005171563,-0.078737909,0.006013555,0,-0.019543955,-6.89E-06,-4.66E-06,-0.034687135,0.113429071,-0.078954644,0.026041321,2.05E-08,0.033347051,0.154746193,-0.015709571
1806.5,1806,1807,0.069372978,0.022376269,0.003578258,-0.004320791,-0.076318211,0.006210976,0,-0.020164495,-7.30E-06,-4.75E-06,-0.047643122,0.169039916,-0.07591364,0.026507986,2.09E-08,0.038367294,0.212526492,-0.016178528
1807.5,1807,1808,0.070603474,0.02276924,0.003641955,-0.005358126,-0.088012622,0.006508672,0,-0.020786037,-8.09E-06,-4.83E-06,-0.0774355,0.181242328,-0.08770525,0.026974418,2.13E-08,0.029285388,0.196094668,-0.016561225
1808.5,1808,1809,0.071833681,0.023161986,0.003705645,-0.009087832,-0.132267368,0.00762759,0,-0.021408438,-1.11E-05,-4.91E-06,-0.085454065,0.183073245,-0.133430498,0.027440623,2.16E-08,-0.010957908,0.159115307,-0.016469449
1809.5,1809,1810,0.0730636,0.023554507,0.003769328,-0.007398092,-0.109723608,0.007039064,0,-0.022036438,-9.41E-06,-5.00E-06,-0.093988536,-4.280005619,-0.110360281,0.027906592,2.20E-08,0.011585183,-4.254781035,-0.017414796
1810.5,1810,1811,0.074293231,0.023946804,0.003833004,-0.007932372,-0.117254169,0.007271336,0,-0.022704623,-1.00E-05,-5.08E-06,-0.102580753,-4.991395806,-0.117964928,0.028372327,2.24E-08,0.006332731,-4.972406007,-0.017894101
1811.5,1811,1812,0.075522574,0.024338878,0.003896673,-0.005938514,-0.097891691,0.007011921,0,-0.023419578,-9.03E-06,-5.17E-06,-0.101352007,-2.054310562,-0.09752753,0.028837961,2.28E-08,0.027075555,-2.02971468,-0.018774531
1812.5,1812,1813,0.076751628,0.024730727,0.003960336,-0.004480858,-0.082959947,0.006786436,0,-0.024130521,-8.17E-06,-5.25E-06,-0.0924433,-0.977336282,-0.082300412,0.029303541,2.31E-08,0.042649197,-0.943843366,-0.019659098
1813.5,1813,1814,0.077980395,0.025122354,0.004023991,-0.005336368,-0.089892029,0.006845909,0,-0.02484097,-8.46E-06,-5.34E-06,-0.078686842,-0.927028818,-0.089517823,0.02976863,2.35E-08,0.037344331,-0.885979469,-0.020252666
1814.5,1814,1815,0.079208874,0.025513757,0.00408764,-0.009460949,-0.132911089,0.007755042,0,-0.025552975,-1.10E-05,-5.42E-06,-0.073925697,-1.040939782,-0.134514572,0.03023336,2.39E-08,-0.002633949,-1.015494991,-0.020290955
1815.5,1815,1816,0.080437066,0.025904938,0.004151281,-0.007986277,-0.123211202,0.007840361,0,-0.026271211,-1.10E-05,-5.51E-06,-0.051535078,-3.869460215,-0.123310653,0.030697864,2.43E-08,0.009948979,-3.807417239,-0.020973353
1816.5,1816,1817,0.08166497,0.026295897,0.004214916,-0.007614015,-0.113859751,0.007435429,0,-0.026992677,-1.00E-05,-5.59E-06,-0.02995527,-7.208219143,-0.114355702,0.031162133,2.46E-08,0.01911181,-7.124478792,-0.021869004
1817.5,1817,1818,0.082892587,0.026686634,0.004278544,-0.008330435,-0.129053888,0.008072018,0,-0.027718241,-1.16E-05,-5.68E-06,-0.033507778,-5.253427542,-0.128967464,0.031626411,2.50E-08,0.008080784,-5.174134163,-0.022158003
1818.5,1818,1819,0.084119917,0.027077149,0.004342164,-0.010441529,-0.153172352,0.008859667,0,-0.028444154,-1.33E-05,-5.76E-06,-0.042634871,-2.86963976,-0.154176595,0.032090462,2.54E-08,-0.013131778,-2.807070623,-0.022424173
1819.5,1819,1820,0.08534696,0.027467443,0.004405778,-0.009325527,-0.138904763,0.008292962,0,-0.029164476,-1.22E-05,-5.85E-06,-0.052048671,-0.943285706,-0.139513334,0.032554286,2.57E-08,0.001132349,-0.895241453,-0.023365705
1820.5,1820,1821,0.086573716,0.027857516,0.004469385,-0.011270494,-0.156529011,0.008547029,0,-0.029961082,-1.30E-05,-5.93E-06,-0.071783379,-0.013744034,-0.158697168,0.033017883,2.61E-08,-0.015224514,-0.073231807,-0.023900691
1821.5,1821,1822,0.087800185,0.028247369,0.004532985,-0.010606034,-0.156299308,0.008869748,0,-0.030834125,-1.36E-05,-6.02E-06,-0.087522191,0.035483806,-0.157288771,0.033481192,2.65E-08,-0.01178733,-0.023745707,-0.024565659
1822.5,1822,1823,0.089026368,0.028637001,0.004596578,-0.010382594,-0.147734976,0.008313911,0,-0.031714944,-1.25E-05,-6.10E-06,-0.091399048,0.026921783,-0.14908793,0.033944123,2.69E-08,-0.003692647,-0.030222822,-0.025660377
1823.5,1823,1824,0.090252265,0.029026413,0.004660164,-0.008874726,-0.133214131,0.008149301,0,-0.032594152,-1.19E-05,-6.19E-06,-0.099396411,-0.54308704,-0.133552448,0.034406825,2.72E-08,0.012300709,-0.535506064,-0.026666033
1824.5,1824,1825,0.091477875,0.029415606,0.004723744,-0.008471312,-0.139729274,0.008680149,0,-0.033478342,-1.32E-05,-6.27E-06,-0.090231295,-0.068372433,-0.139144005,0.034869303,2.76E-08,0.009859771,-0.106760839,-0.027137091
1825.5,1825,1826,0.092703199,0.02980458,0.004787316,-0.010687221,-0.156989046,0.008791436,0,-0.034359355,-1.38E-05,-6.35E-06,-0.069938106,0.056852154,-0.157646283,0.03533155,2.80E-08,-0.006802438,0.02312035,-0.02781435
1826.5,1826,1827,0.093928238,0.030193334,0.004850882,-0.009530125,-0.15042233,0.008802189,0,-0.035239934,-1.39E-05,-6.44E-06,-0.041463895,0.153513355,-0.150381099,0.035793567,2.84E-08,0.001954014,0.175878116,-0.028617811
1827.5,1827,1828,0.09515299,0.03058187,0.00491444,-0.010742736,-0.165141132,0.009192818,0,-0.036122766,-1.51E-05,-6.52E-06,-0.021795971,0.166323589,-0.16502731,0.036255354,2.87E-08,-0.009939564,0.197943943,-0.029178067
1828.5,1828,1829,0.096377457,0.030970188,0.004977992,-0.014962918,-0.21147755,0.010303041,0,-0.037016346,-1.83E-05,-6.61E-06,-0.011224926,0.123889751,-0.213382071,0.036716912,2.91E-08,-0.05297898,0.116015451,-0.029282336
1829.5,1829,1830,0.097601639,0.031358288,0.005041537,-0.013335392,-0.19141348,0.009772589,0,-0.037904872,-1.68E-05,-6.69E-06,-0.003313863,0.136715255,-0.19281148,0.037178241,2.95E-08,-0.032801872,0.161427404,-0.030453236
1830.5,1830,1831,0.098825535,0.03174617,0.005105075,-0.014671949,-0.203251145,0.010074214,0,-0.038966239,-1.79E-05,-6.78E-06,-0.000757667,0.171558923,-0.20511029,0.037639341,2.99E-08,-0.042800604,0.198220284,-0.031203412
1831.5,1831,1832,0.100049146,0.032133835,0.005168606,-0.011905922,-0.17739289,0.00957046,0,-0.040203631,-1.64E-05,-6.86E-06,-0.019905709,-0.675496211,-0.177618704,0.038100214,3.02E-08,-0.016028604,-0.610866368,-0.032697417
1832.5,1832,1833,0.101272472,0.032521283,0.005232131,-0.011165249,-0.172123983,0.009585463,0,-0.041444693,-1.63E-05,-6.95E-06,-0.046896205,-3.563274489,-0.172063016,0.038560863,3.06E-08,-0.009153841,-3.485796022,-0.03389434
1833.5,1833,1834,0.102495513,0.032908514,0.005295648,-0.012030527,-0.179487516,0.009600609,0,-0.042676794,-1.66E-05,-7.03E-06,-0.081137411,-1.627039681,-0.17978161,0.039021284,3.10E-08,-0.015581274,-1.588024847,-0.034980031
1834.5,1834,1835,0.103718269,0.033295529,0.005359159,-0.015781055,-0.217713158,0.010387488,0,-0.043913251,-1.91E-05,-7.12E-06,-0.079907016,-0.209338685,-0.219911615,0.039481478,3.13E-08,-0.051686031,-0.275098209,-0.035558699
1835.5,1835,1836,0.104940741,0.033682328,0.005422662,-0.014006041,-0.206059523,0.010353692,0,-0.045154841,-1.90E-05,-7.20E-06,-0.030594373,-2.478767162,-0.206579984,0.039941553,3.17E-08,-0.037472557,-2.39944766,-0.036740375
1836.5,1836,1837,0.106162928,0.034068911,0.005486159,-0.014905561,-0.210101669,0.01016846,0,-0.046389182,-1.92E-05,-7.29E-06,0.013739583,-2.430127404,-0.211389008,0.040401495,3.21E-08,-0.041575759,-2.299704137,-0.037870216
1837.5,1837,1838,0.107384831,0.034455278,0.005549649,-0.015558852,-0.224582165,0.010823329,0,-0.047629,-2.08E-05,-7.37E-06,0.028888548,-0.634150802,-0.22558469,0.040861232,3.25E-08,-0.052420156,-0.53234391,-0.038661942
1838.5,1838,1839,0.10860645,0.034841431,0.005613132,-0.0174633,-0.246363896,0.011487306,0,-0.04886457,-2.26E-05,-7.46E-06,0.01267808,-0.597894778,-0.247576425,0.041320748,3.28E-08,-0.071549902,-0.540653801,-0.039439187
1839.5,1839,1840,0.109827785,0.035227369,0.005676609,-0.016819671,-0.23683633,0.011018211,0,-0.050099356,-2.18E-05,-7.54E-06,0.005212833,0.011985051,-0.238179108,0.041780043,3.32E-08,-0.06214444,-0.014117445,-0.040778082
1840.5,1840,1841,0.111048836,0.035613092,0.005740078,-0.017547295,-0.239035275,0.010789025,0,-0.051290389,-2.16E-05,-7.63E-06,-0.011182394,0.150496465,-0.241205516,0.042239177,3.36E-08,-0.064364741,0.141687824,-0.04194117
1841.5,1841,1842,0.112269603,0.035998601,0.005803541,-0.018632875,-0.258494216,0.011637974,0,-0.052428162,-2.38E-05,-7.71E-06,-0.036455872,0.17783893,-0.26004863,0.042698132,3.40E-08,-0.079555354,0.13614026,-0.042541291
1842.5,1842,1843,0.113490086,0.036383897,0.005866997,-0.018054568,-0.24499208,0.011042814,0,-0.053567592,-2.23E-05,-7.80E-06,-0.054977336,0.182514541,-0.247008493,0.043156813,3.43E-08,-0.066944369,0.137953731,-0.043909652
1843.5,1843,1844,0.114710286,0.036768979,0.005930446,-0.016012793,-0.22373715,0.010563444,0,-0.054709045,-2.10E-05,-7.88E-06,-0.077740619,-0.184800132,-0.224707522,0.043615073,3.47E-08,-0.044933956,-0.244383301,-0.045304594
1844.5,1844,1845,0.115930203,0.037153847,0.005993888,-0.01599182,-0.231953584,0.011124723,0,-0.055846154,-2.26E-05,-7.96E-06,-0.077606227,0.055622833,-0.232530573,0.044073188,3.51E-08,-0.049593216,-0.023496768,-0.045991977
1845.5,1845,1846,0.117149837,0.037538503,0.006057323,-0.019043554,-0.25603493,0.011390417,0,-0.056984088,-2.40E-05,-8.05E-06,-0.048198551,0.099076005,-0.258047584,0.04453115,3.54E-08,-0.07303452,0.033518101,-0.046757273
1846.5,1846,1847,0.118369187,0.037922946,0.006120752,-0.017790356,-0.250467921,0.011384959,0,-0.058123659,-2.42E-05,-8.13E-06,-0.02298507,-0.506623838,-0.251288297,0.044988894,3.58E-08,-0.064977644,-0.493024928,-0.047768555
1847.5,1847,1848,0.119588255,0.038307177,0.006184173,-0.020438734,-0.27756562,0.012031968,0,-0.059263301,-2.65E-05,-8.22E-06,-0.001389292,0.019509644,-0.279166626,0.04544635,3.62E-08,-0.089378108,-0.037941764,-0.048352779
1848.5,1848,1849,0.12080704,0.038691196,0.006247588,-0.024020839,-0.312713005,0.012910331,0,-0.060405504,-2.91E-05,-8.30E-06,0.015370852,0.151699872,-0.316188281,0.045903355,3.66E-08,-0.122000018,0.12492418,-0.048887836
1849.5,1849,1850,0.122025543,0.039075004,0.006310996,-0.023059742,-0.300554927,0.012607147,0,-0.061545031,-2.83E-05,-8.39E-06,0.01065965,0.178057626,-0.303279096,0.046360135,3.69E-08,-0.109086348,0.163814105,-0.050096571
1850.5,1850,1851,0.123243763,0.0394586,0.006374398,-0.02400699,-0.31207941,0.012824984,0,-0.063183607,-2.93E-05,-8.47E-06,-0.004747311,0.182481047,-0.315215424,0.046816693,3.73E-08,-0.119203763,0.13939279,-0.051424309
1851.5,1851,1852,0.125305747,0.039540973,0.006630834,-0.021007416,-0.284813457,0.01224398,0,-0.065310318,-2.77E-05,-8.49E-06,-0.011438059,0.183044785,-0.286343711,0.047196849,4.00E-08,-0.090885451,0.159668863,-0.053797631
1852.5,1852,1853,0.127637637,0.039909361,0.006887188,-0.019758255,-0.273317566,0.012014068,0,-0.067441751,-2.72E-05,-8.57E-06,-0.016687956,0.183005841,-0.274336698,0.047859617,4.31E-08,-0.077286968,0.1673176,-0.055942819
1853.5,1853,1854,0.129731764,0.040517789,0.00721296,-0.021102803,-0.286329408,0.012352354,0,-0.069574202,-2.83E-05,-8.71E-06,-0.034416694,0.001284825,-0.287802361,0.048841247,4.60E-08,-0.087677582,-0.095157296,-0.057709961
1854.5,1854,1855,0.131521431,0.041168204,0.007548184,-0.026226395,-0.33197112,0.01341888,0,-0.071707675,-3.19E-05,-8.85E-06,-0.0605107,-0.31288829,-0.335284679,0.049878462,4.90E-08,-0.129743215,-0.418525384,-0.058912874
1855.5,1855,1856,0.132972412,0.041950508,0.007908676,-0.024209614,-0.317288513,0.013397212,0,-0.073839677,-3.14E-05,-9.03E-06,-0.089194552,0.068288651,-0.319249747,0.051076135,5.21E-08,-0.112236732,-0.076571055,-0.0609874
1856.5,1856,1857,0.134642462,0.042665792,0.008272019,-0.024696577,-0.314061111,0.013093073,0,-0.075966228,-3.09E-05,-9.18E-06,-0.09556393,0.118723016,-0.316933676,0.052209425,5.50E-08,-0.108730677,-0.012012523,-0.063110608
1857.5,1857,1858,0.137105071,0.043473724,0.008600719,-0.026859516,-0.342507273,0.01439404,0,-0.078099862,-3.39E-05,-9.36E-06,-0.069014918,-0.957267602,-0.344958051,0.053396136,5.80E-08,-0.130252956,-0.996473609,-0.064421911
1858.5,1858,1859,0.13973486,0.044400749,0.008878809,-0.028244509,-0.356700847,0.015085113,0,-0.080233058,-3.52E-05,-9.57E-06,-0.025157951,-0.482047506,-0.360033541,0.054646614,6.10E-08,-0.139960297,-0.539822651,-0.066131619
1859.5,1859,1860,0.142549434,0.045393248,0.009339754,-0.028895235,-0.355924407,0.01491819,0,-0.082369224,-3.50E-05,-9.79E-06,0.003375763,0.060340173,-0.35967391,0.05616418,6.39E-08,-0.136467786,-0.021871185,-0.06811498
1860.5,1860,1861,0.145665266,0.046323739,0.009869845,-0.030398179,-0.361231905,0.015026576,0,-0.084128165,-3.54E-05,-1.00E-05,0.010494307,0.152084768,-0.366519385,0.057701283,6.68E-08,-0.138728735,0.104479963,-0.069658321
1861.5,1861,1862,0.148779196,0.04733558,0.010472101,-0.030281944,-0.364019075,0.015715271,0,-0.085522645,-3.64E-05,-1.02E-05,0.000724882,0.175047455,-0.368340372,0.059402637,6.97E-08,-0.134165898,0.12587598,-0.070687711
1862.5,1862,1863,0.151436827,0.048608197,0.011048883,-0.030428112,-0.359810716,0.015646338,0,-0.086913887,-3.57E-05,-1.05E-05,-0.00831026,-1.552811902,-0.364622946,0.061342276,8.23E-08,-0.12629589,-1.491765875,-0.072103862
1863.5,1863,1864,0.154160391,0.050122912,0.011559271,-0.029370752,-0.342372214,0.015590047,0,-0.08830148,-3.47E-05,-1.08E-05,-0.027311436,-1.422542931,-0.347298427,0.063441351,8.52E-08,-0.104885532,-1.371124678,-0.073567808
1864.5,1864,1865,0.156882552,0.051779032,0.012050563,-0.030371847,-0.352646378,0.01653291,0,-0.089691898,-3.65E-05,-1.12E-05,-0.03498683,-0.156018969,-0.357423323,0.065663709,8.81E-08,-0.107497416,-0.240368228,-0.074342431
1865.5,1865,1866,0.159620707,0.053360297,0.012576047,-0.034630382,-0.386011327,0.017585423,0,-0.091082132,-3.89E-05,-1.16E-05,-0.051776881,0.127460983,-0.392702126,0.067846806,9.10E-08,-0.134608919,0.010399381,-0.075023474
1866.5,1866,1867,0.162272852,0.055023066,0.013126465,-0.033705713,-0.376867887,0.017870546,0,-0.092470957,-3.87E-05,-1.20E-05,-0.072177655,0.171703042,-0.382832848,0.070138439,9.39E-08,-0.119999926,0.065844021,-0.07626705
1867.5,1867,1868,0.165040957,0.056760668,0.013667154,-0.037028863,-0.401462824,0.018960435,0,-0.09385511,-4.09E-05,-1.23E-05,-0.089852751,0.179396374,-0.409134665,0.072494818,1.06E-07,-0.137385711,0.043933116,-0.076982021
1868.5,1868,1869,0.167405679,0.058313482,0.014248397,-0.040819848,-0.435152812,0.020273747,0,-0.095244685,-4.38E-05,-1.27E-05,-0.056990878,0.176192966,-0.444233852,0.074714788,1.09E-07,-0.163964715,0.040064179,-0.077598659
1869.5,1869,1870,0.169265762,0.059685583,0.014804152,-0.039760946,-0.414252904,0.019984067,0,-0.096634381,-4.24E-05,-1.30E-05,-0.019298709,0.005544516,-0.423574037,0.076729416,1.12E-07,-0.141013424,-0.12317369,-0.079129397
1870.5,1870,1871,0.171293016,0.060781754,0.015325294,-0.042531581,-0.438268512,0.020844448,0,-0.098889708,-4.44E-05,-1.33E-05,0.015073659,0.122272448,-0.448665573,0.078421697,1.15E-07,-0.160382227,0.053810705,-0.080760163
1871.5,1871,1872,0.173469775,0.061522062,0.015921459,-0.041453394,-0.414940209,0.020625569,0,-0.101992291,-4.32E-05,-1.34E-05,0.013521692,0.169342641,-0.425326622,0.079842951,1.27E-07,-0.136862785,0.13721176,-0.083922362
1872.5,1872,1873,0.176165489,0.062110946,0.016492314,-0.041863981,-0.40256438,0.020279441,0,-0.105085305,-4.27E-05,-1.36E-05,0.008069765,-0.613593597,-0.412909932,0.081087466,1.30E-07,-0.123030423,-0.591647972,-0.086971297
1873.5,1873,1874,0.179294549,0.062555116,0.017053691,-0.046955616,-0.438237409,0.021348759,0,-0.108175163,-4.58E-05,-1.37E-05,-0.008288362,-0.819008735,-0.451443195,0.082166501,1.33E-07,-0.155209215,-0.824894177,-0.089236775
1874.5,1874,1875,0.182505992,0.063337981,0.017595753,-0.048687294,-0.456815995,0.022153892,0,-0.111258996,-4.69E-05,-1.38E-05,-0.034798046,0.026524539,-0.471205378,0.083569702,1.45E-07,-0.168687238,-0.137575725,-0.091889185
1875.5,1875,1876,0.186199619,0.064118594,0.018147023,-0.047272285,-0.431772464,0.021848543,0,-0.114337155,-4.55E-05,-1.40E-05,-0.066903672,0.050905862,-0.445001759,0.084982576,1.48E-07,-0.140933835,-0.107004625,-0.095174847
1876.5,1876,1877,0.189874384,0.064776269,0.018638564,-0.049639332,-0.442901389,0.022105134,0,-0.117429299,-4.59E-05,-1.42E-05,-0.075769159,0.10176854,-0.457864188,0.086198704,1.59E-07,-0.149621768,-0.055207737,-0.098015513
1877.5,1877,1878,0.193597069,0.065494681,0.019064136,-0.051135151,-0.454354937,0.022955215,0,-0.120504029,-4.76E-05,-1.43E-05,-0.074062188,0.150962218,-0.469929949,0.087404044,1.62E-07,-0.155470452,0.004500793,-0.100580278
1878.5,1878,1879,0.197466761,0.066325377,0.019517651,-0.052366525,-0.464452726,0.023680683,0,-0.123602337,-4.86E-05,-1.45E-05,-0.095537459,0.169126218,-0.480340934,0.088753506,1.74E-07,-0.160121445,0.005859642,-0.103266531
1879.5,1879,1880,0.201116919,0.067335679,0.01994901,-0.056307865,-0.481517068,0.023941645,0,-0.12668665,-4.98E-05,-1.48E-05,-0.088389941,0.177235147,-0.500229298,0.090254183,1.77E-07,-0.174115412,0.007226099,-0.105885045
1880.5,1880,1881,0.205114281,0.068470822,0.02038314,-0.059676339,-0.478202951,0.023909924,0,-0.129340678,-4.97E-05,-1.50E-05,-0.047356912,0.094180521,-0.49986111,0.091890862,1.88E-07,-0.169548555,-0.06006898,-0.108395591
1881.5,1881,1882,0.209408349,0.069545728,0.020745251,-0.061263431,-0.486586078,0.024803479,0,-0.131542368,-5.14E-05,-1.53E-05,-0.015852897,0.004246794,-0.508332718,0.093380806,1.91E-07,-0.170875486,-0.148188654,-0.110037958
1882.5,1882,1883,0.213948593,0.070608677,0.021116558,-0.062822191,-0.479897814,0.024537044,0,-0.133739472,-5.07E-05,-1.55E-05,-0.019625923,0.125131402,-0.503106342,0.094866672,2.03E-07,-0.160639479,0.016672516,-0.112246747
1883.5,1883,1884,0.217853139,0.071710762,0.02146578,-0.063259472,-0.462545158,0.024311665,0,-0.135932084,-4.97E-05,-1.58E-05,-0.025006481,-0.118558386,-0.486160905,0.096368506,2.14E-07,-0.141522263,-0.229042884,-0.114608663
1884.5,1884,1885,0.221837898,0.072900747,0.02181174,-0.065629995,-0.483361331,0.025504133,0,-0.138130153,-5.20E-05,-1.60E-05,-0.017999426,-2.710657199,-0.508366605,0.097956647,2.25E-07,-0.155017915,-2.631493674,-0.11599917
1885.5,1885,1886,0.226417098,0.074243368,0.022144916,-0.067249685,-0.491653919,0.025924986,0,-0.140325131,-5.23E-05,-1.64E-05,-0.029748087,-1.761272637,-0.517966317,0.099686716,2.28E-07,-0.15686473,-1.721143114,-0.117986397
1886.5,1886,1887,0.231290791,0.075554321,0.022446704,-0.066953788,-0.488443209,0.026419629,0,-0.142535115,-5.26E-05,-1.67E-05,-0.0656195,-1.609880757,-0.514339744,0.101343161,2.39E-07,-0.146969909,-1.600977508,-0.119956573
1887.5,1887,1888,0.236341842,0.076992558,0.022810731,-0.070516326,-0.506833797,0.027288216,0,-0.144721823,-5.44E-05,-1.70E-05,-0.083214475,-0.547636462,-0.534661064,0.103198772,2.50E-07,-0.157792596,-0.656572477,-0.121538279
1888.5,1888,1889,0.241967167,0.078381437,0.023096514,-0.078368829,-0.542400885,0.028359651,0,-0.146917028,-5.79E-05,-1.73E-05,-0.093300104,0.065959972,-0.574083232,0.104919279,2.61E-07,-0.186340898,-0.15185832,-0.122668436
1889.5,1889,1890,0.247603059,0.079876919,0.023463178,-0.077431841,-0.529498139,0.028637192,0,-0.149108232,-5.68E-05,-1.77E-05,-0.094409243,0.134742243,-0.561516454,0.106840199,2.72E-07,-0.166768244,-0.042776974,-0.124980792
1890.5,1890,1891,0.253150427,0.081368136,0.023739272,-0.083639206,-0.552389527,0.029453448,0,-0.151251166,-5.93E-05,-1.80E-05,-0.093294406,0.02058602,-0.58734227,0.108646846,2.83E-07,-0.183090893,-0.207987559,-0.126290034
1891.5,1891,1892,0.258906361,0.082882155,0.023990284,-0.08385516,-0.531305855,0.029271797,0,-0.153357028,-5.80E-05,-1.84E-05,-0.048342531,0.112058318,-0.567236111,0.110447552,2.94E-07,-0.158068757,-0.023018246,-0.128545683
1892.5,1892,1893,0.264540352,0.084661377,0.024306367,-0.084044083,-0.5223646,0.029440247,0,-0.155449832,-5.74E-05,-1.88E-05,-0.010773193,0.072008911,-0.559042234,0.112599518,3.05E-07,-0.141947295,-0.020231017,-0.130632613
1893.5,1893,1894,0.269493912,0.086377494,0.024675349,-0.084685,-0.531476253,0.030176484,0,-0.157554348,-5.80E-05,-1.92E-05,-0.00323004,0.126079445,-0.568074044,0.11474301,3.16E-07,-0.142732689,0.060074315,-0.132395788
1894.5,1894,1895,0.274508467,0.087844481,0.025116042,-0.090989138,-0.567306187,0.031685558,0,-0.15965444,-6.10E-05,-1.95E-05,-0.004430448,0.159436934,-0.607316328,0.116716212,3.27E-07,-0.169821069,0.074437681,-0.133513584
1895.5,1895,1896,0.279091683,0.089100303,0.025578513,-0.093727905,-0.564883466,0.032005799,0,-0.161748219,-6.17E-05,-1.98E-05,-0.018533603,-0.095056003,-0.607229574,0.118500807,3.46E-07,-0.163210643,-0.221381795,-0.135241529
1896.5,1896,1897,0.283637494,0.08980621,0.025935574,-0.095339306,-0.549639397,0.031294585,0,-0.163850635,-5.96E-05,-2.00E-05,-0.038008187,0.061866289,-0.594006331,0.119607342,3.57E-07,-0.147420031,-0.068331246,-0.137809439
1897.5,1897,1898,0.288097816,0.090492323,0.026304976,-0.101256593,-0.580447216,0.032877719,0,-0.165950441,-6.33E-05,-2.02E-05,-0.074299721,0.144585578,-0.62799135,0.120722325,3.68E-07,-0.171656997,-0.017780234,-0.138814667
1898.5,1898,1899,0.292996841,0.09174157,0.026673561,-0.106069766,-0.589149848,0.033428681,0,-0.168028524,-6.44E-05,-2.05E-05,-0.065887675,0.165888386,-0.639164941,0.122395512,3.87E-07,-0.175184939,0.013493974,-0.140465195
1899.5,1899,1900,0.298512516,0.093224824,0.027144215,-0.116655424,-0.620139925,0.03399467,0,-0.170105394,-6.69E-05,-2.08E-05,-0.085602384,0.173474872,-0.676356767,0.124419485,3.98E-07,-0.203460185,-0.020872315,-0.141763718
1900.5,1900,1901,0.304496869,0.094708193,0.0276177,-0.12164781,-0.624605718,0.03430141,0,-0.172601995,-6.70E-05,-2.12E-05,-0.089160824,0.166304424,-0.684333535,0.126444832,4.17E-07,-0.203558025,-0.032623135,-0.14404606
1901.5,1901,1902,0.309772259,0.096178162,0.028131384,-0.124676021,-0.627621423,0.035003877,0,-0.175492011,-6.79E-05,-2.15E-05,-0.105338923,0.172987512,-0.689550796,0.12850912,4.29E-07,-0.199302413,-0.032910047,-0.146516595
1902.5,1902,1903,0.314813992,0.097952104,0.028920774,-0.127681625,-0.629107363,0.035379368,0,-0.178388011,-6.76E-05,-2.20E-05,-0.100886916,0.144793196,-0.693000722,0.131178858,6.28E-07,-0.195331892,-0.061552855,-0.149267136
1903.5,1903,1904,0.320029277,0.099775922,0.029855191,-0.136540736,-0.640186666,0.035703849,0,-0.1812635,-6.85E-05,-2.24E-05,-0.068839542,-0.139596011,-0.709459916,0.13407219,8.53E-07,-0.204249317,-0.346613651,-0.151706487
1904.5,1904,1905,0.324767899,0.102168542,0.030729176,-0.141657367,-0.666211531,0.0376531,0,-0.184160424,-7.11E-05,-2.30E-05,-0.034165357,0.050889203,-0.738935262,0.13746703,1.09E-06,-0.219794132,-0.148968582,-0.153624788
1905.5,1905,1906,0.330071237,0.10455257,0.031593061,-0.150582249,-0.690180628,0.039017862,0,-0.187064185,-7.38E-05,-2.35E-05,-0.03668988,0.14058881,-0.767628367,0.140834784,1.38E-06,-0.237050881,-0.051013835,-0.155533475
1906.5,1906,1907,0.335986664,0.107071331,0.032462023,-0.159063538,-0.706313618,0.039872297,0,-0.189935461,-7.53E-05,-2.42E-05,-0.026336346,0.162404733,-0.789315912,0.144347318,1.78E-06,-0.247762707,-0.021976403,-0.157776211
1907.5,1907,1908,0.342918159,0.10976519,0.033394719,-0.176923535,-0.760377246,0.04202565,0,-0.192816554,-8.12E-05,-2.48E-05,-0.030976707,-0.192510305,-0.852967501,0.148109117,2.31E-06,-0.294972557,-0.442300536,-0.158831001
1908.5,1908,1909,0.349581213,0.111947188,0.034448071,-0.171199349,-0.750432194,0.043214441,0,-0.195705423,-8.03E-05,-2.53E-05,-0.034339134,-0.114449317,-0.841017281,0.151489451,3.00E-06,-0.270276345,-0.357845449,-0.161646376
1909.5,1909,1910,0.356203242,0.114291896,0.035512344,-0.178297144,-0.761564276,0.044007069,0,-0.198612185,-8.12E-05,-2.59E-05,-0.047423888,0.121857799,-0.855426993,0.155048241,3.46E-06,-0.274297309,-0.121560881,-0.164027817
1910.5,1910,1911,0.363188365,0.116662118,0.036652669,-0.188395721,-0.793965131,0.045714096,0,-0.200470895,-8.47E-05,-2.65E-05,-0.076765472,0.165465019,-0.895042498,0.158721115,4.48E-06,-0.296998137,-0.114181869,-0.164765423
1911.5,1911,1912,0.370341915,0.118712912,0.037924907,-0.187519446,-0.780955837,0.046036137,0,-0.201321438,-8.34E-05,-2.70E-05,-0.100217708,0.163910765,-0.880666478,0.162219762,1.34E-05,-0.27154667,-0.110164972,-0.165710463
1912.5,1912,1913,0.378647367,0.120524104,0.038860332,-0.192773494,-0.78610346,0.046439245,0,-0.202161091,-8.38E-05,-2.75E-05,-0.103364372,-0.557130593,-0.890844774,0.165095398,1.71E-05,-0.266547201,-0.784746588,-0.166302717
1913.5,1913,1914,0.387470491,0.121674101,0.039934825,-0.201912849,-0.815224649,0.047830852,0,-0.202998485,-8.75E-05,-2.77E-05,-0.106831988,-0.769171176,-0.925071377,0.167475785,2.12E-05,-0.284954017,-0.988591112,-0.166164466
1914.5,1914,1915,0.395507107,0.12270538,0.041042697,-0.187866072,-0.794865338,0.048892651,0,-0.203863801,-8.53E-05,-2.80E-05,-0.093744304,0.048157038,-0.89519461,0.169768831,3.19E-05,-0.243391186,-0.228276754,-0.16740657
1915.5,1915,1916,0.40367658,0.123945024,0.042078456,-0.184782127,-0.778302787,0.048967775,0,-0.20470036,-8.40E-05,-2.83E-05,-0.036377079,0.154336821,-0.875929712,0.172194876,4.75E-05,-0.214484777,-0.007276174,-0.168449506
1916.5,1916,1917,0.412314338,0.126980888,0.042905931,-0.2005104,-0.80662336,0.050018613,0,-0.205565064,-8.60E-05,-2.91E-05,-0.019997915,0.171010155,-0.916002998,0.176224335,7.18E-05,-0.236070767,0.010364409,-0.16852611
1917.5,1917,1918,0.420585976,0.129193722,0.04385144,-0.209539086,-0.836170187,0.052226549,0,-0.206443667,-9.03E-05,-2.96E-05,0.016551234,0.166117684,-0.950523588,0.179557214,0.000100506,-0.25173269,0.035872242,-0.168206111
1918.5,1918,1919,0.427439811,0.132022891,0.044447955,-0.208249159,-0.836388782,0.053557675,0,-0.207326622,-9.04E-05,-3.03E-05,0.004463969,0.123348152,-0.949831687,0.183117685,0.000123126,-0.237170261,-0.021568841,-0.168754848
1919.5,1919,1920,0.433121555,0.135246333,0.04460143,-0.179020613,-0.767028964,0.054045882,0,-0.208185043,-8.26E-05,-3.11E-05,-0.026973289,-0.030290163,-0.861840722,0.186569985,0.000144239,-0.142830772,-0.15190578,-0.171216095
1920.5,1920,1921,0.439864567,0.138430155,0.044852866,-0.198024363,-0.814313996,0.056103761,0,-0.209539431,-8.82E-05,-3.19E-05,-0.06056286,0.128757163,-0.919478504,0.190086266,0.00015823,-0.182536805,-0.031621406,-0.170827436
1921.5,1921,1922,0.44535686,0.141468526,0.045202833,-0.167524609,-0.738203722,0.056402896,0,-0.211368417,-8.11E-05,-3.27E-05,-0.074307147,0.165800353,-0.825518941,0.193551376,0.000169969,-0.081909271,0.105678892,-0.174243915
1922.5,1922,1923,0.450700693,0.144397087,0.045617077,-0.174146256,-0.742989667,0.057348914,0,-0.213205804,-8.10E-05,-3.35E-05,-0.095519503,0.171931161,-0.835432947,0.197007464,0.00018794,-0.080739112,0.096574327,-0.175782636
1923.5,1923,1924,0.455736635,0.146945012,0.046540338,-0.193044559,-0.827479522,0.060955147,0,-0.215056004,-9.47E-05,-3.41E-05,-0.100848289,0.172749068,-0.927716966,0.20065339,0.000216572,-0.150770993,0.023278018,-0.174000093
1924.5,1924,1925,0.461291826,0.148766688,0.046978227,-0.191688139,-0.803300971,0.060345234,0,-0.216925842,-9.02E-05,-3.46E-05,-0.087766953,0.036030852,-0.904982296,0.203030423,0.00024684,-0.124016204,-0.116263923,-0.176604704
1925.5,1925,1926,0.464051276,0.149908491,0.047139943,-0.193338419,-0.809754386,0.061357215,0,-0.218775569,-9.16E-05,-3.49E-05,-0.057382208,0.11315203,-0.911617611,0.204424386,0.000283115,-0.124578196,0.010942994,-0.178013387
1926.5,1926,1927,0.466143062,0.150515253,0.047281867,-0.198918793,-0.811236806,0.061658937,0,-0.220642192,-8.98E-05,-3.50E-05,-0.033724692,-0.085187623,-0.917813597,0.205260426,0.000327359,-0.128369128,-0.187117441,-0.180278619
1927.5,1927,1928,0.469533526,0.151428016,0.047447099,-0.211657828,-0.842520161,0.063524525,0,-0.222505709,-9.32E-05,-3.53E-05,-0.015038373,0.064568399,-0.957664399,0.206419565,0.000360953,-0.159052987,-0.042742012,-0.18117066
1928.5,1928,1929,0.471797344,0.153469885,0.047746823,-0.213826583,-0.839096198,0.064430224,0,-0.224435477,-9.09E-05,-3.58E-05,-0.018567952,0.155772645,-0.956651925,0.20886293,0.000405551,-0.153810492,0.07841873,-0.183391832
1929.5,1929,1930,0.474282179,0.155986863,0.047938095,-0.230281337,-0.875138849,0.066332938,0,-0.226350932,-9.34E-05,-3.64E-05,-0.040168518,0.164755905,-1.004728814,0.211716302,0.000467879,-0.190858904,0.02959984,-0.184392347
1930.5,1930,1931,0.476116827,0.158479069,0.0480958,-0.216240684,-0.854042635,0.067410451,0,-0.228121648,-9.10E-05,-3.71E-05,-0.050304288,0.168351243,-0.973325522,0.214491189,0.0005374,-0.154992795,0.060305672,-0.186532056
1931.5,1931,1932,0.479168014,0.160492788,0.04867911,-0.187702198,-0.76381093,0.065293596,9.83E-06,-0.229731019,-8.09E-05,-3.76E-05,-0.073314996,0.158992215,-0.866746798,0.217302931,0.000619394,-0.051952101,0.129911861,-0.190625037
1932.5,1932,1933,0.483308653,0.162345238,0.048993619,-0.167996122,-0.733121158,0.066176226,1.97E-05,-0.231376852,-7.95E-05,-3.81E-05,-0.088929062,0.091698348,-0.823070031,0.219639226,0.000705165,-0.000398562,0.080091045,-0.192360646
1933.5,1933,1934,0.488045766,0.164237944,0.049463334,-0.177308747,-0.744862067,0.066477247,2.95E-05,-0.233013393,-7.91E-05,-3.86E-05,-0.098641317,-0.204434513,-0.840152809,0.222207201,0.000792419,-0.0112421,-0.225711044,-0.193872483
1934.5,1934,1935,0.493946455,0.166394399,0.049770118,-0.197719816,-0.805157559,0.069113638,3.93E-05,-0.234661475,-8.56E-05,-3.92E-05,-0.090819907,0.078162292,-0.912830385,0.224879286,0.000889939,-0.067203959,-0.004345973,-0.19361221
1935.5,1935,1936,0.500770338,0.168577277,0.050149582,-0.21253562,-0.829123739,0.070164563,4.92E-05,-0.23633544,-8.65E-05,-3.97E-05,-0.05555398,0.156146509,-0.94696108,0.22767786,0.001010027,-0.087928714,0.106929164,-0.194756593
1936.5,1936,1937,0.512978881,0.170524298,0.05065031,-0.22957524,-0.881042518,0.072927124,5.90E-05,-0.238004364,-9.32E-05,-4.02E-05,0.001501953,0.168803799,-1.010341053,0.230434076,0.001168472,-0.126197839,0.151438709,-0.194425791
1937.5,1937,1938,0.52464144,0.17235927,0.051285181,-0.2459897,-0.903034966,0.073969178,6.88E-05,-0.239693214,-9.35E-05,-4.07E-05,0.01553797,0.164170012,-1.044952319,0.23325442,0.001341081,-0.142069312,0.148733872,-0.195873574
1938.5,1938,1939,0.532803322,0.174116418,0.052030111,-0.22721971,-0.849141974,0.072962673,7.86E-05,-0.241459277,-8.74E-05,-4.12E-05,0.007249425,0.165665792,-0.97957088,0.236125088,0.001514729,-0.070774834,0.210653752,-0.199040504
1939.5,1939,1940,0.541375292,0.176670261,0.052637975,-0.245292328,-0.900294223,0.07572443,8.85E-05,-0.243200336,-9.29E-05,-4.19E-05,-0.004712743,0.16960839,-1.042517899,0.239652437,0.001697045,-0.112965742,0.158742185,-0.198968009
1940.5,1940,1941,0.549136742,0.177971635,0.053359063,-0.268938163,-0.937918868,0.07659258,9.83E-05,-0.243625435,-9.39E-05,-4.22E-05,-0.02005255,0.17032588,-1.094247162,0.242039326,0.001907625,-0.150360059,0.10362201,-0.198947323
1941.5,1941,1942,0.556076582,0.179234007,0.054119489,-0.278739165,-0.957765513,0.077496703,0.000105967,-0.242715197,-9.57E-05,-4.26E-05,-0.033929015,0.170321645,-1.119691271,0.244539481,0.002157829,-0.161476867,0.076183472,-0.197481258
1942.5,1942,1943,0.561558614,0.181233071,0.054965343,-0.28670309,-0.983511774,0.078588043,0.000114904,-0.24173894,-9.94E-05,-4.31E-05,-0.060648311,0.170197503,-1.151155965,0.247942915,0.00247102,-0.178147259,0.032947797,-0.195497105
1943.5,1943,1944,0.564807337,0.18302753,0.056931287,-0.289773598,-0.989934397,0.080018774,0.000123841,-0.240821348,-0.000100514,-4.36E-05,-0.086633449,0.035637119,-1.158562864,0.252525219,0.00284881,-0.17229817,-0.163573724,-0.194154536
1944.5,1944,1945,0.565022139,0.184478942,0.057611649,-0.282175193,-0.97832492,0.081418396,0.000134055,-0.23994412,-0.000100933,-4.40E-05,-0.088752431,0.072166887,-1.142802965,0.255399582,0.003303465,-0.149686172,-0.09389489,-0.19301768
1945.5,1945,1946,0.564443589,0.185702817,0.058316791,-0.243981499,-0.88818706,0.081011356,0.000144269,-0.239102931,-9.19E-05,-4.43E-05,-0.047638747,0.143567903,-1.02957709,0.258016674,0.003784192,-0.041168303,0.148932756,-0.194363386
1946.5,1946,1947,0.564378737,0.187442217,0.058937637,-0.236605404,-0.870441092,0.080842241,0.000157036,-0.238291172,-9.09E-05,-4.48E-05,-0.011864391,0.16328221,-1.005822302,0.261275498,0.004502264,-0.014286005,0.241179497,-0.193597929
1947.5,1947,1948,0.565730693,0.189834946,0.059204096,-0.262078237,-0.916115067,0.08315645,0.000168526,-0.237522011,-9.24E-05,-4.54E-05,0.011925519,0.087873381,-1.06687066,0.264860552,0.005242696,-0.063931635,0.125439281,-0.192295135
1948.5,1948,1949,0.566133804,0.19222517,0.059352598,-0.273935047,-0.949898767,0.086279984,0.00018257,-0.236716017,-9.70E-05,-4.61E-05,0.021847265,0.112286292,-1.109017235,0.268416182,0.006023322,-0.091764963,0.143541409,-0.190172648
1949.5,1949,1950,0.5677192,0.194103809,0.059493525,-0.270553693,-0.939285901,0.085973387,0.000196614,-0.236051319,-9.35E-05,-4.66E-05,0.009083898,0.157559286,-1.097956268,0.271467142,0.006817858,-0.075972983,0.200846678,-0.190164848
1950.5,1950,1951,0.570516896,0.195480892,0.059935533,-0.292825671,-1.002540311,0.090038146,0.000213211,-0.236950686,-0.000100892,-4.70E-05,-0.01981894,0.166661666,-1.175125111,0.27436036,0.007621838,-0.137265296,0.114394949,-0.189120171
1951.5,1951,1952,0.57337492,0.197457117,0.060314514,-0.305343833,-0.992406173,0.089107054,0.000229808,-0.239559867,-9.40E-05,-4.75E-05,-0.044887775,0.147166173,-1.173527614,0.277796521,0.00848605,-0.134701244,0.066281824,-0.192953166
1952.5,1952,1953,0.578327701,0.199629412,0.060824967,-0.314852853,-1.014242115,0.091061637,0.000247682,-0.242077526,-9.55E-05,-4.81E-05,-0.068853763,0.147611824,-1.202176435,0.281570058,0.009365119,-0.150552251,0.027395261,-0.194686626
1953.5,1953,1954,0.584205436,0.203188363,0.061764204,-0.324788476,-1.039265812,0.094094533,0.00026811,-0.244396584,-9.80E-05,-4.91E-05,-0.086683883,0.15747288,-1.235739715,0.287361871,0.01035191,-0.164129409,0.010941632,-0.195915813
1954.5,1954,1955,0.589720898,0.207522902,0.062412558,-0.33299284,-1.056234784,0.096256482,0.000289814,-0.246891212,-9.99E-05,-5.03E-05,-0.097830525,0.16382806,-1.257583545,0.293823079,0.011469852,-0.16851103,0.005432439,-0.197471418
1955.5,1955,1956,0.594533799,0.212279288,0.063305986,-0.361141281,-1.109613773,0.100120179,0.000312795,-0.249514689,-0.000102956,-5.16E-05,-0.074857635,0.163345581,-1.328505974,0.301143752,0.012724306,-0.218067003,-0.024301953,-0.19880506
1956.5,1956,1957,0.598769477,0.217867093,0.064336337,-0.388883991,-1.178879861,0.10514091,0.000338329,-0.251841617,-0.000111844,-5.31E-05,-0.010372739,0.062300622,-1.416325215,0.309660397,0.014154793,-0.277564093,-0.14818439,-0.198636995
1957.5,1957,1958,0.603172172,0.22351216,0.065310685,-0.401957249,-1.219864582,0.109241243,0.00036514,-0.254013202,-0.000118669,-5.47E-05,0.030756063,0.06196658,-1.465554939,0.318399807,0.015765163,-0.302256113,-0.117722753,-0.198728083
1958.5,1958,1959,0.608482536,0.227947228,0.06609305,-0.402864725,-1.205319553,0.107903989,0.000394504,-0.255270325,-0.000117015,-5.60E-05,0.028131606,0.140757248,-1.448681831,0.325842167,0.017459033,-0.2761767,0.010706648,-0.19983717
1959.5,1959,1960,0.615469005,0.231706896,0.066741869,-0.420685337,-1.239606143,0.109422816,0.000425145,-0.256127577,-0.000120091,-5.71E-05,0.000573459,0.162629091,-1.494581684,0.332510992,0.019215464,-0.300908037,-0.022522923,-0.199507715
1960.5,1960,1961,0.627924682,0.234276612,0.067636753,-0.444903803,-1.28805223,0.111896627,0.000459617,-0.257175923,-0.000124593,-5.78E-05,-0.014826473,0.166783821,-1.557586093,0.338621493,0.021189187,-0.334788989,-0.070822536,-0.199109015
1961.5,1961,1962,0.638140601,0.236288038,0.068603007,-0.460113181,-1.316718961,0.115629984,0.000533553,-0.257961643,-0.00012471,-5.84E-05,-0.059665878,0.167366762,-1.598769108,0.344561352,0.023488401,-0.353193368,-0.137654664,-0.19946047
1962.5,1962,1963,0.649425488,0.241210409,0.069626196,-0.472144527,-1.333018829,0.117355465,0.000619798,-0.259404658,-0.000124821,-5.98E-05,-0.084889839,0.16733476,-1.622028059,0.353982388,0.02612,-0.348519934,-0.157152436,-0.200082651
1963.5,1963,1964,0.658560103,0.248003742,0.070756398,-0.501691436,-1.404162413,0.124857435,0.000687985,-0.260879673,-0.000132262,-6.18E-05,-0.093657998,-0.832115286,-1.715616015,0.365940315,0.029186545,-0.400367938,-1.123824869,-0.199128094
1964.5,1964,1965,0.668854897,0.25413722,0.071815461,-0.520669034,-1.414513382,0.125432349,0.000755007,-0.261786905,-0.000125619,-6.36E-05,-0.096861009,-0.685407155,-1.736334613,0.377794642,0.032710685,-0.395956714,-0.996659748,-0.200563861
1965.5,1965,1966,0.676081959,0.259166076,0.072885136,-0.537289909,-1.442025367,0.129448381,0.000844904,-0.262676788,-0.00012604,-6.50E-05,-0.091984232,0.041888994,-1.775734611,0.389013202,0.036663202,-0.406588271,-0.389401238,-0.200629828
1966.5,1966,1967,0.692137721,0.26324794,0.074098124,-0.551154754,-1.463617185,0.131777096,0.000956899,-0.263408245,-0.000126554,-6.62E-05,-0.064955685,0.127570597,-1.806863399,0.400002025,0.041105802,-0.402554699,-0.244768922,-0.200517075
1967.5,1967,1968,0.70110838,0.2676186,0.075307359,-0.558977578,-1.482597636,0.137184178,0.001177583,-0.265654056,-0.000130716,-6.75E-05,-0.039167856,0.150129546,-1.831228942,0.411855053,0.046041404,-0.394318036,-0.178666313,-0.20074892
1968.5,1968,1969,0.714743485,0.273895154,0.07650884,-0.581742656,-1.518159598,0.140293596,0.001388779,-0.270344645,-0.000131066,-6.94E-05,-0.033082937,0.077384722,-1.880761723,0.426446745,0.05156603,-0.406430914,-0.280898057,-0.203959592
1969.5,1969,1970,0.727634416,0.280236385,0.077716822,-0.602211064,-1.55310556,0.143039335,0.001511814,-0.273822683,-0.000132612,-7.13E-05,-0.025890676,0.017583902,-1.928044478,0.441946273,0.057717455,-0.417284185,-0.362363247,-0.205904047
1970.5,1970,1971,0.750578149,0.287972158,0.078925866,-0.645516175,-1.631723366,0.149813842,0.001573463,-0.275962206,-0.000138462,-7.37E-05,-0.026979511,0.122474039,-2.033803985,0.459620258,0.064486955,-0.462406682,-0.269851797,-0.205939985
1971.5,1971,1972,0.7597072,0.295026774,0.080161916,-0.645604085,-1.638003493,0.153646295,0.001924616,-0.277203661,-0.000144008,-7.59E-05,-0.062082098,0.157417823,-2.039569231,0.477327496,0.071787215,-0.428048277,-0.22682488,-0.204246061
1972.5,1972,1973,0.788744104,0.301377215,0.081418326,-0.669937498,-1.69788261,0.161642531,0.002097946,-0.277988964,-0.000156772,-7.78E-05,-0.051835045,0.164474373,-2.118565158,0.494969039,0.079741824,-0.435731929,-0.212387729,-0.201407204
1973.5,1973,1974,0.826691484,0.306086561,0.082710476,-0.694019558,-1.729897978,0.161810342,0.002243164,-0.279913608,-0.000154495,-7.93E-05,-0.081965091,0.161011111,-2.161245441,0.512071644,0.088638766,-0.416534405,-0.22794779,-0.202889564
1974.5,1974,1975,0.839095074,0.310669225,0.084046779,-0.684431369,-1.716329229,0.162030226,0.002242741,-0.281363343,-0.000157464,-8.07E-05,-0.093092983,0.15997876,-2.141474108,0.530203685,0.098469037,-0.361994287,-0.184119213,-0.20331976
1975.5,1975,1976,0.840006275,0.316022531,0.085425282,-0.673151156,-1.696174821,0.161260195,0.002318381,-0.282230802,-0.000158177,-8.24E-05,-0.102308288,0.152222764,-2.112895214,0.549335269,0.108476717,-0.311761023,-0.153050873,-0.203242158
1976.5,1976,1977,0.850475176,0.321944725,0.086843851,-0.707166372,-1.767397357,0.167016163,0.002391926,-0.283241324,-0.000170218,-8.43E-05,-0.10584227,0.152630543,-2.208458696,0.568751998,0.118343337,-0.355734747,-0.199482289,-0.201022961
1977.5,1977,1978,0.876957677,0.328231378,0.088300184,-0.709956964,-1.778420365,0.170081292,0.002612241,-0.285441079,-0.000176467,-8.63E-05,-0.081130385,0.162822972,-2.220421329,0.588619542,0.128211874,-0.308113145,-0.114789223,-0.200604168
1978.5,1978,1979,0.901103829,0.334686445,0.08981494,-0.71237981,-1.795359903,0.173744045,0.002776694,-0.28828138,-0.000186383,-8.84E-05,-0.033241724,0.164726481,-2.237606482,0.608466441,0.138095177,-0.268731923,-0.022986761,-0.200380478
1979.5,1979,1980,0.925869733,0.341112812,0.091390652,-0.727508381,-1.82154631,0.176221882,0.00296344,-0.289421148,-0.000189364,-9.05E-05,0.003554236,0.146354138,-2.274501718,0.627572587,0.147276974,-0.249316227,0.017398633,-0.199806623
1980.5,1980,1981,0.955742976,0.347325844,0.093315923,-0.728684247,-1.815178588,0.176480497,0.003063241,-0.290793166,-0.000184136,-9.25E-05,0.005705619,0.113346882,-2.269058944,0.646696034,0.156442777,-0.18971869,0.036994157,-0.201227019
1981.5,1981,1982,0.973064167,0.353137703,0.095728838,-0.704317376,-1.767262312,0.175432303,0.003074084,-0.292810795,-0.000179225,-9.44E-05,0.009878967,0.088803873,-2.206301743,0.665727158,0.165390966,-0.090710644,0.108189364,-0.203492372
1982.5,1982,1983,0.983710308,0.358367749,0.099105678,-0.699772489,-1.788916038,0.181715298,0.003206777,-0.294226293,-0.00019095,-9.61E-05,-0.034803518,-0.24838339,-2.229788129,0.685081038,0.174154693,-0.065599119,-0.242286301,-0.20170192
1983.5,1983,1984,1.007826995,0.362873971,0.100742543,-0.674363337,-1.71462628,0.174759566,0.003349307,-0.296020076,-0.000178497,-9.76E-05,-0.034674924,-0.807248553,-2.133610008,0.701719323,0.182953902,0.057186967,-0.576455185,-0.205041444
1984.5,1984,1985,1.029838486,0.366751959,0.10270624,-0.683541746,-1.741077196,0.178484485,0.003657715,-0.297723058,-0.000186876,-9.89E-05,-0.086664499,-0.303201046,-2.165891108,0.718141149,0.191943011,0.077860959,-0.192848236,-0.203609223
1985.5,1985,1986,1.050767968,0.370802149,0.104281982,-0.687553547,-1.751952899,0.180474393,0.003862791,-0.299182327,-0.000190451,-0.000100302,-0.108060214,0.020619532,-2.181495409,0.735675051,0.202083368,0.111430111,0.092551994,-0.20325031
1986.5,1986,1987,1.071046394,0.374885657,0.106879699,-0.684673239,-1.754255396,0.183497902,0.004179674,-0.300374899,-0.000196048,-0.000101686,-0.107405832,0.016924925,-2.17983678,0.75530396,0.213147517,0.165254535,0.141860293,-0.202077666
1987.5,1987,1988,1.095208142,0.378095933,0.107425456,-0.701393446,-1.79486197,0.187190337,0.004468247,-0.301405876,-0.000203751,-0.000102773,-0.088213372,0.073541744,-2.233779077,0.772323217,0.224567692,0.169380378,0.237061751,-0.200460849
1988.5,1988,1989,1.130055734,0.382143782,0.109437138,-0.703826208,-1.807862499,0.190178771,0.004796498,-0.302350857,-0.000211509,-0.000104155,-0.048438447,0.113133979,-2.245947615,0.792464418,0.236750624,0.22679105,0.388180574,-0.198828549
1989.5,1989,1990,1.152831276,0.386473,0.112443294,-0.699353073,-1.793353879,0.191198164,0.005105027,-0.302511257,-0.000209692,-0.000105643,0.003781005,0.140585271,-2.227472598,0.812695316,0.247797767,0.29497318,0.555948843,-0.197974597
1990.5,1990,1991,1.170509562,0.388877665,0.115085699,-0.701381778,-1.80560198,0.192856975,0.00525236,-0.302571214,-0.000214154,-0.000106477,-0.004172601,0.137354285,-2.242322375,0.828698796,0.257277896,0.323739647,0.569647871,-0.196625279
1991.5,1991,1992,1.188965554,0.39308686,0.117074785,-0.716235357,-1.93295218,0.206045878,0.005215676,-0.301402619,-0.000235772,-0.000107932,-0.015136071,-0.661614189,-2.378354739,0.843802208,0.264936991,0.262234156,-0.224096175,-0.191767536
1992.5,1992,1993,1.198652106,0.395460429,0.118562177,-0.660340136,-1.73149021,0.194166396,0.005760212,-0.30017725,-0.000209259,-0.000108757,-0.029113119,-2.179205681,-2.13959603,0.855095974,0.271426582,0.489225495,-1.324838242,-0.193054651
1993.5,1993,1994,1.208876923,0.39607445,0.119466282,-0.651923795,-1.737979753,0.197009151,0.006299313,-0.300030988,-0.000217345,-0.000108973,-0.060615747,-0.935604754,-2.138368987,0.860949945,0.275276095,0.515464161,-0.251962545,-0.189976286
1994.5,1994,1995,1.229546032,0.397802723,0.12100818,-0.655694611,-1.822818007,0.205798201,0.006708137,-0.299812657,-0.000234933,-0.000109577,-0.090088281,-0.051354987,-2.227092132,0.867933322,0.278383228,0.488799109,0.42017946,-0.185869872
1995.5,1995,1996,1.254795369,0.399344432,0.122707086,-0.624139555,-1.739369142,0.202558474,0.007162896,-0.299362652,-0.00023476,-0.000110119,-0.102387125,0.098956161,-2.115353392,0.874619648,0.281152706,0.627805787,0.719636006,-0.184130943
1996.5,1996,1997,1.278834713,0.399980627,0.125141132,-0.607070425,-1.692619602,0.202687563,0.007581713,-0.299925124,-0.000226449,-0.00011035,-0.113858634,0.145942813,-2.056073918,0.880755796,0.283635848,0.715209558,0.858699637,-0.18455003
1997.5,1997,1998,1.293937467,0.401019737,0.127521892,-0.651051778,-1.924011034,0.221425016,0.007968041,-0.300782411,-0.000251194,-0.000110722,-0.096245452,0.161326667,-2.319720206,0.886611645,0.285507018,0.526667122,0.708115358,-0.18030325
1998.5,1998,1999,1.329980465,0.404217919,0.129692453,-0.637941368,-1.896740917,0.217837681,0.008290019,-0.301477447,-0.000252176,-0.000111845,-0.051021846,0.162566973,-2.284164851,0.89452369,0.287503823,0.605459305,0.834529199,-0.179561468
1999.5,1999,2000,1.358264103,0.406587132,0.132488753,-0.584160785,-1.659449543,0.210483615,0.008794511,-0.30249498,-0.00022,-0.000112685,-0.021086551,0.165174728,-2.015256296,0.902138648,0.289308912,0.883939398,1.148462224,-0.183684506
2000.5,2000,2001,1.373818476,0.406954421,0.13528524,-0.573830354,-1.595562541,0.209043974,0.009486825,-0.303299529,-0.000204534,-0.000112826,0.006185374,0.165658497,-1.943293721,0.907628938,0.291167794,0.96721343,1.265273444,-0.185130976
2001.5,2001,2002,1.395210851,0.406466825,0.137389121,-0.575393979,-1.599744918,0.210646074,0.009708004,-0.3027023,-0.000206438,-0.000112665,-0.010559031,0.161724293,-1.948669362,0.911275937,0.292964864,0.994775416,1.265747765,-0.183721774
2002.5,2002,2003,1.422105788,0.406722032,0.139204297,-0.595664003,-1.71637239,0.217046308,0.009525161,-0.301877313,-0.000221397,-0.000112762,-9.19E-05,0.166797817,-2.077201003,0.91522319,0.294689303,0.922297058,1.216189152,-0.18084223
2003.5,2003,2004,1.456005835,0.407991225,0.141178712,-0.621228554,-1.759682268,0.218636126,0.009867362,-0.302180318,-0.000224523,-0.000113216,-0.053715144,0.154566069,-2.139420501,0.920378393,0.296234287,0.909362784,1.126675355,-0.179500939
2004.5,2004,2005,1.479847293,0.407774552,0.143016082,-0.632180017,-1.754087659,0.222612602,0.011222982,-0.303044278,-0.000231845,-0.000113148,-0.082375654,0.162729204,-2.140526564,0.923951468,0.297998071,0.951876418,1.150342685,-0.175229986
2005.5,2005,2006,1.506465784,0.407137263,0.145011961,-0.660647852,-1.806627257,0.225440582,0.011789573,-0.303831583,-0.000239468,-0.000112934,-0.111967993,0.140511523,-2.210529176,0.927341517,0.299774603,0.924129838,1.064818736,-0.173273056
2006.5,2006,2007,1.534778349,0.407175385,0.147365766,-0.672191212,-1.832331346,0.228613632,0.012280593,-0.300583888,-0.000237083,-0.000112958,-0.116202814,0.125107118,-2.248034728,0.931872363,0.301624358,0.932219818,1.050908928,-0.169484007
2007.5,2007,2008,1.557505281,0.409285404,0.149439674,-0.657782668,-1.806205866,0.230977712,0.012925348,-0.29715914,-0.000243368,-0.000113707,-0.126618236,0.115014574,-2.207490282,0.938448123,0.303806056,1.012878765,1.110355562,-0.163453109
2008.5,2008,2009,1.584913685,0.411235838,0.151946687,-0.631265699,-1.738842402,0.228670259,0.013181974,-0.297175233,-0.000234131,-0.000114404,-0.122645394,0.12829983,-2.119334352,0.945516941,0.306086032,1.12826205,1.244412651,-0.16400846
2009.5,2009,2010,1.603966934,0.412725828,0.153895543,-0.580463597,-1.651092903,0.224863898,0.012827948,-0.297442951,-0.00022586,-0.000114938,-0.123748835,0.106840046,-1.999515866,0.951074801,0.307960872,1.261969167,1.349438967,-0.166477568
2010.5,2010,2011,1.632812422,0.414295615,0.156326872,-0.571558331,-1.69674497,0.229282636,0.014211948,-0.297397781,-0.000242651,-0.000115503,-0.102077862,0.132671179,-2.03793244,0.957549277,0.31020464,1.284456604,1.42652724,-0.159824082
2011.5,2011,2012,1.656668185,0.415913456,0.159115921,-0.582325301,-1.655278372,0.230777175,0.014900109,-0.295083891,-0.000227376,-0.000116088,-0.066313199,0.101880663,-2.005088926,0.964339474,0.312281113,1.348120976,1.479655123,-0.158182295
2012.5,2012,2013,1.682454533,0.417421681,0.161513017,-0.57848943,-1.697699328,0.23341963,0.015015842,-0.293034707,-0.000235487,-0.000116633,-0.046869689,0.130819041,-2.045804434,0.970319115,0.314128865,1.354717658,1.548676134,-0.154438483
2013.5,2013,2014,1.717203304,0.419030448,0.164059126,-0.543081653,-1.592212388,0.229934776,0.015482671,-0.293772496,-0.00022236,-0.000117216,-0.041996656,0.158003261,-1.919722717,0.976778007,0.316272149,1.509611685,1.745585862,-0.156076045
2014.5,2014,2015,1.741578992,0.421772504,0.167125655,-0.53349721,-1.623653599,0.234183077,0.016131789,-0.294104867,-0.000225894,-0.000118206,-0.033702762,0.130139032,-1.941667968,0.985034614,0.31826377,1.537610673,1.743030012,-0.153701242
2015.5,2015,2016,1.770474057,0.425094503,0.16964959,-0.516970543,-1.638706916,0.23872663,0.016982462,-0.293991654,-0.000224912,-0.000119404,-0.027463953,0.103269914,-1.947767097,0.993238471,0.320207132,1.58337923,1.764281516,-0.151236682
2016.5,2016,2017,1.81299438,0.42752761,0.171856588,-0.478281449,-1.485436448,0.232337289,0.017850799,-0.294669444,-0.000208618,-0.000120286,-0.086246122,0.127483458,-1.770960299,1.000263654,0.322300056,1.788536016,1.939578925,-0.151961975
2017.5,2017,2018,1.839553571,0.429622189,0.174341712,-0.461828959,-1.470369514,0.233829178,0.018676447,-0.295216316,-0.000208262,-0.00012105,-0.110796023,0.146071268,-1.744029513,1.00750438,0.324611,1.856342169,2.008734921,-0.150196653
2018.5,2018,2019,1.868928599,0.432143823,0.177461585,-0.452424898,-1.446366922,0.234143095,0.018864567,-0.295334203,-0.000202082,-0.000121973,-0.11521996,0.131273909,-1.714752108,1.015926164,0.326996228,1.924434401,2.053176787,-0.150664876
2019.5,2019,2020,1.899010354,0.434601483,0.179981458,-0.469098493,-1.5841879,0.239902296,0.020594496,-0.296470469,-0.000212939,-0.000122873,-0.116428945,0.050087606,-1.861429956,1.023141026,0.32894061,1.848843591,1.868011142,-0.145303756
2020.5,2020,2021,1.927835339,0.4381316,0.183107691,-0.390067965,-1.392856155,0.231295271,0.01026555,-0.297279074,-0.000197231,-0.000124167,-0.106779674,0.023920948,-1.613102182,1.03133273,0.330122591,2.069083441,2.063723213,-0.175472745
2021.5,2021,2022,1.95518287,0.443062555,0.186483385,-0.426981909,-1.556861653,0.238651988,0.012351421,-0.297591417,-0.000206394,-0.000125979,-0.083622469,0.084723633,-1.80452347,1.041687707,0.331593296,1.960901885,2.057945465,-0.167909023
2022.5,2022,2023,1.983841117,0.44777043,0.189929103,-0.387288441,-1.30428688,0.235924027,0.01568471,-0.297949393,-0.000186929,-0.000127719,-0.025054967,-0.044256987,-1.529303339,1.051722108,0.333022584,2.25225713,2.261664749,-0.16244022
2023.5,2023,2024,2.011163636,0.4507374,0.192791759,-0.472950578,-1.825879637,0.250915935,0.019742118,-0.298930995,-0.000221895,-0.000128824,0.019916798,0.125765865,-2.097464079,1.058749954,0.33394531,1.819839122,2.09295428,-0.146438024
2024.5,2024,2025,2.052033849,0.452945625,0.195602304,-0.437226463,-1.646078416,0.251609251,0.021711351,-0.29973903,-0.000220268,-0.000129653,0.030008196,0.124388001,-1.895602766,1.065101857,0.335051189,2.063495286,2.348764973,-0.142491157
2025.5,2025,2026,2.085878051,0.455078508,0.199292396,-0.397771477,-1.368793628,0.241519276,0.022588577,-0.300333536,-0.000186286,-0.000130461,0.017060098,0.117620015,-1.600255672,1.072727488,0.336470401,2.346036019,2.602301912,-0.146731914
