time,timebound_lower,timebound_upper,ghg_p05,ghg_p17,ghg_p50,ghg_p83,ghg_p95,natural_p05,natural_p17,natural_p50,natural_p83,natural_p95,other_human_forcing_p05,other_human_forcing_p17,other_human_forcing_p50,other_human_forcing_p83,other_human_forcing_p95,anthropogenic_p05,anthropogenic_p17,anthropogenic_p50,anthropogenic_p83,anthropogenic_p95,total_p05,total_p17,total_p50,total_p83,total_p95,residual_p05,residual_p17,residual_p50,residual_p83,residual_p95,aerosol-cloud_interactions_p05,aerosol-cloud_interactions_p17,aerosol-cloud_interactions_p50,aerosol-cloud_interactions_p83,aerosol-cloud_interactions_p95,aerosol-radiation_interactions_p05,aerosol-radiation_interactions_p17,aerosol-radiation_interactions_p50,aerosol-radiation_interactions_p83,aerosol-radiation_interactions,bc_snow_p05,bc_snow_p17,bc_snow_p50,bc_snow_p83,bc_snow_p95,ch4_p05,ch4_p17,ch4_p50,ch4_p83,ch4_p95,co2_p05,co2_p17,co2_p50,co2_p83,co2_p95,contrails_p05,contrails_p17,contrails_p50,contrails_p83,contrails_p95,h2o_strat_p05,h2o_strat_p17,h2o_strat_p50,h2o_strat_p83,h2o_strat_p95,halogen_p05,halogen_p17,halogen_p50,halogen_p83,halogen_p95,land_use_p05,land_use_p17,land_use_p50,land_use_p83,land_use_p95,n2o_p05,n2o_p17,n2o_p50,n2o_p83,n2o_p95,o3_p05,o3_p17,o3_p50,o3_p83,o3_p95,solar_p05,solar_p17,solar_p50,solar_p83,solar_p95,volcanic_p05,volcanic_p17,volcanic_p50,volcanic_p83,volcanic_p95
1946,1941,1951,0.003126506,0.003684858,0.004333984,0.004979652,0.005505528,2.10E-05,0.000177526,0.000514199,0.000993094,0.00143989,-0.001474786,-0.001031073,-0.000412254,0.000388976,0.001202627,0.003277358,0.003513032,0.003919193,0.004528404,0.005082588,0.00367815,0.003985744,0.004506309,0.005219756,0.00590042,-0.061089827,-0.051141599,-0.035795391,-0.020915658,-0.011378627,-0.001818548,-0.001383536,-0.00088023,-0.000459187,-0.000148323,-0.001047419,-0.000717891,-0.000394941,-0.000188427,-7.58E-05,1.09E-06,1.22E-05,4.73E-05,0.000113128,0.000198684,0.000893954,0.001023625,0.001214692,0.001439702,0.001617988,0.001570381,0.001990683,0.002461403,0.00291624,0.003265473,2.11E-06,4.29E-06,9.26E-06,1.76E-05,2.62E-05,-4.40E-06,2.35E-05,7.85E-05,0.000167376,0.000289131,0.000140991,0.000175162,0.000218285,0.000267026,0.000309858,-0.000497838,-0.000301742,-0.000119954,1.29E-05,0.000127062,0.000314469,0.000363376,0.000423088,0.00048887,0.00054204,0.000257934,0.000450455,0.000848062,0.001622266,0.002419467,0.000158377,0.000363055,0.000750636,0.001257062,0.001708901,-0.000536178,-0.000399402,-0.000217311,-3.46E-05,5.40E-05
1947,1942,1952,0.002938432,0.003479673,0.004116363,0.004755561,0.005270751,0.000296774,0.000657445,0.001263147,0.00201851,0.002670626,-0.001423158,-0.00098539,-0.000399266,0.000312882,0.001109043,0.003057385,0.003298001,0.003701242,0.004317123,0.004804267,0.003889102,0.004312139,0.005048509,0.005943876,0.00669585,-0.053732819,-0.046342386,-0.031569567,-0.017560663,-0.009674586,-0.00177417,-0.001344662,-0.000866947,-0.000504067,-0.000249456,-0.001092105,-0.000764819,-0.000436749,-0.000244021,-0.00013416,-2.61E-06,7.08E-06,3.65E-05,9.14E-05,0.000162904,0.000902421,0.001032819,0.001224973,0.001451156,0.001630065,0.001370461,0.001777959,0.002228072,0.002683422,0.003020581,2.24E-06,4.56E-06,9.83E-06,1.88E-05,2.78E-05,-4.45E-06,2.38E-05,7.94E-05,0.000169129,0.000292116,0.000160414,0.000197116,0.000244213,0.000296635,0.000343134,-0.000488974,-0.000295291,-0.000115208,2.29E-05,0.000144016,0.000293471,0.000340964,0.000399208,0.000462944,0.000514265,0.000268482,0.000468537,0.000881385,0.001685556,0.0025122,0.000212897,0.00048393,0.000988501,0.001636927,0.002202216,3.94E-05,0.000109348,0.000244054,0.000443675,0.000610839
1948,1943,1953,0.00284855,0.003365501,0.003981097,0.00460978,0.00511612,0.000466409,0.001027632,0.00184752,0.002771752,0.003525922,-0.001704106,-0.001280694,-0.000740451,-9.44E-06,0.000770255,0.002487917,0.002778964,0.003227571,0.00394988,0.004490638,0.003634339,0.004213961,0.005152222,0.006261456,0.00714578,-0.042725658,-0.036105351,-0.023618485,-0.011389015,-0.004365739,-0.001960988,-0.001526045,-0.001047936,-0.000645977,-0.00032941,-0.001404558,-0.001016654,-0.000602,-0.000357329,-0.00020367,-4.90E-06,4.56E-06,2.89E-05,7.56E-05,0.00013699,0.000911616,0.001042866,0.001236312,0.001463959,0.001643753,0.001283707,0.001658409,0.00208341,0.002529335,0.002856609,2.39E-06,4.86E-06,1.05E-05,2.00E-05,2.97E-05,-4.50E-06,2.41E-05,8.03E-05,0.000171035,0.000295374,0.000179923,0.000218839,0.000269736,0.000325622,0.000375764,-0.000514349,-0.000312922,-0.000125932,1.71E-05,0.000141066,0.0002668,0.000313201,0.000370191,0.000431721,0.00048095,0.000277292,0.000483801,0.000909834,0.00173981,0.002592009,0.00020976,0.000474623,0.000966022,0.001595899,0.002144393,0.000221945,0.000485831,0.000852042,0.00123237,0.001531281
1949,1944,1954,0.002888269,0.003376709,0.00396396,0.004576918,0.005076971,0.000483752,0.001062014,0.001864285,0.002717366,0.003390891,-0.0024528,-0.002008106,-0.001411644,-0.000574164,0.000145538,0.001598482,0.002016023,0.002559776,0.0033712,0.003984855,0.002854896,0.003483178,0.00445561,0.005620467,0.00654972,-0.02571566,-0.021568219,-0.010081671,-0.000554268,0.00460757,-0.002625602,-0.002079106,-0.001478497,-0.000889913,-0.000475787,-0.001972767,-0.0014462,-0.0008587,-0.000510992,-0.000280625,1.25E-06,1.05E-05,3.54E-05,8.47E-05,0.000150028,0.000930573,0.001062984,0.001258774,0.001489075,0.001670607,0.001314536,0.001646103,0.002043909,0.002468186,0.002787582,2.56E-06,5.20E-06,1.12E-05,2.14E-05,3.17E-05,-4.60E-06,2.46E-05,8.20E-05,0.000174512,0.000301297,0.000199139,0.000240088,0.000294625,0.000353766,0.000407546,-0.000572699,-0.000352801,-0.000150022,-1.73E-06,0.000123001,0.000245656,0.000290603,0.000346242,0.000405902,0.000453543,0.000290547,0.000506728,0.000952371,0.001820825,0.002711214,0.000138003,0.000311288,0.000641356,0.001080099,0.00147023,0.000312406,0.000685888,0.001192856,0.001692465,0.002068572
1950,1945,1955,0.003041776,0.003509973,0.004070074,0.004665755,0.005162403,0.000302142,0.000653094,0.001186599,0.001768814,0.002224216,-0.003673286,-0.003046858,-0.002253945,-0.001316696,-0.0005717,0.000541085,0.001106368,0.001813854,0.002702037,0.003416787,0.001376802,0.002114435,0.003023189,0.004106101,0.005027074,-0.011795744,-0.006800685,0.001165714,0.008635209,0.012475454,-0.003700808,-0.00289661,-0.002057661,-0.001277495,-0.000801287,-0.002684972,-0.001969555,-0.001164396,-0.000684184,-0.00036361,2.56E-06,2.14E-05,5.95E-05,0.000127876,0.000215998,0.000966999,0.001101695,0.001302145,0.001537781,0.001722852,0.001421979,0.001725123,0.002095936,0.002493001,0.002804722,2.74E-06,5.57E-06,1.20E-05,2.29E-05,3.40E-05,-4.77E-06,2.55E-05,8.51E-05,0.000180978,0.000312338,0.000218302,0.000261481,0.000319574,0.000382082,0.00043974,-0.000662878,-0.000412053,-0.000185831,-2.79E-05,9.76E-05,0.000236995,0.000279935,0.000333673,0.000391953,0.000438703,0.000310989,0.000542027,0.001017964,0.001945773,0.0028956,-0.000231447,-3.72E-05,7.67E-05,0.000228139,0.00037128,0.000298122,0.000650768,0.001127522,0.001609096,0.001974738
1951,1946,1956,0.003260536,0.003723822,0.004268828,0.004853299,0.005350611,-0.000201343,9.47E-05,0.000451567,0.000862486,0.001186257,-0.004905668,-0.004045453,-0.003043403,-0.001987667,-0.001168024,-0.000379962,0.000324002,0.00121101,0.002190874,0.002986116,-0.000275269,0.000650505,0.001708951,0.002789892,0.003726171,-0.008121447,-0.003593911,0.004425632,0.011775882,0.016240292,-0.004769031,-0.003692473,-0.002615798,-0.001681981,-0.001116085,-0.003354275,-0.00246021,-0.001450334,-0.000843928,-0.000435326,3.69E-06,3.15E-05,8.58E-05,0.0001804,0.000301624,0.001021992,0.001160986,0.001369586,0.001614384,0.001805636,0.001559684,0.001852619,0.002205032,0.002578788,0.002883637,2.94E-06,5.98E-06,1.29E-05,2.46E-05,3.65E-05,-5.04E-06,2.70E-05,8.99E-05,0.000190939,0.000329381,0.000237836,0.000283676,0.000345369,0.00041152,0.000473385,-0.000780365,-0.000488715,-0.000230891,-5.94E-05,6.80E-05,0.000237675,0.000279221,0.00033118,0.000388431,0.000434744,0.000336743,0.000586594,0.001101058,0.002104261,0.003130146,-0.001390895,-0.000960628,-0.000527777,-0.000244057,-9.96E-05,0.000282859,0.000615239,0.001067086,0.001534106,0.001888263
1952,1947,1957,0.003517631,0.00398699,0.004531538,0.005117617,0.005622707,-0.000962253,-0.000452916,-2.47E-06,0.000337238,0.000637748,-0.005883946,-0.00483293,-0.003666146,-0.00250827,-0.001627617,-0.000975127,-0.000168548,0.000845544,0.001877988,0.002707431,-0.001447056,-0.000413008,0.000825339,0.001976768,0.00292206,-0.016376812,-0.012357904,-0.004756607,0.001940572,0.006255007,-0.005649301,-0.004343654,-0.003077058,-0.002038889,-0.001399571,-0.003886147,-0.002852888,-0.001679115,-0.000971064,-0.000486965,4.81E-06,4.13E-05,0.000112031,0.000234718,0.000391601,0.001096671,0.001243057,0.001464317,0.001723387,0.001924404,0.001700181,0.001991633,0.002337147,0.002697555,0.002998625,3.16E-06,6.43E-06,1.39E-05,2.65E-05,3.93E-05,-5.42E-06,2.90E-05,9.65E-05,0.000204909,0.000353369,0.000258713,0.000307773,0.000373333,0.000443673,0.000510312,-0.000915434,-0.000576358,-0.000281756,-9.58E-05,4.12E-05,0.000247671,0.000288985,0.000339992,0.000396845,0.000443188,0.000366903,0.000638888,0.001198783,0.00229093,0.003406796,-0.002188589,-0.001591619,-0.000932269,-0.000452819,-0.000193342,0.000251858,0.000544559,0.00095128,0.001387504,0.00171851
1953,1948,1958,0.003803668,0.004287848,0.004844622,0.005446756,0.005969157,-0.001417772,-0.000910495,-0.000374832,-3.29E-05,0.000129403,-0.006843381,-0.005569675,-0.004244473,-0.0029893,-0.002058911,-0.001493638,-0.000536837,0.000591638,0.001631082,0.002437867,-0.002325524,-0.001197139,0.000146963,0.001340856,0.002228833,-0.007998133,-0.004578243,0.001413798,0.007869918,0.011497002,-0.006598516,-0.005019408,-0.003556287,-0.002443932,-0.001746714,-0.004359206,-0.003203098,-0.001882045,-0.001080635,-0.000530848,6.39E-06,5.52E-05,0.000149289,0.00031281,0.000521481,0.001194048,0.001351969,0.001591715,0.001871729,0.002087611,0.001833796,0.002126809,0.002472508,0.002829693,0.003131815,3.41E-06,6.92E-06,1.49E-05,2.85E-05,4.23E-05,-5.94E-06,3.17E-05,0.000105504,0.000223734,0.000385772,0.000282226,0.000335326,0.000405456,0.00048101,0.000553459,-0.001054124,-0.000666668,-0.000332975,-0.000130385,1.36E-05,0.000264654,0.00030702,0.000358667,0.000416255,0.000463253,0.00040356,0.000702531,0.001318034,0.002518806,0.003744943,-0.001987832,-0.001457601,-0.000864057,-0.000423874,-0.000181788,1.32E-05,0.000184786,0.000459942,0.000749334,0.000974418
1954,1949,1959,0.004101619,0.004608484,0.005187899,0.005818162,0.006366378,-0.001212793,-0.000892982,-0.000496547,-0.000197594,-6.32E-05,-0.007573739,-0.00622019,-0.004780784,-0.003429575,-0.002398995,-0.001776407,-0.000763897,0.000421037,0.00145272,0.002228806,-0.002525033,-0.001431914,-0.00011792,0.001031939,0.001844042,-0.00292402,0.00057711,0.006120566,0.011363175,0.015685204,-0.007399036,-0.00566999,-0.004047907,-0.002855935,-0.002107147,-0.004765757,-0.003502784,-0.002055014,-0.001165121,-0.000548891,8.35E-06,7.21E-05,0.000195266,0.000409516,0.00068306,0.001309518,0.001482765,0.001746243,0.002053592,0.002289406,0.001954023,0.002250502,0.002599574,0.002960487,0.003267438,3.67E-06,7.46E-06,1.61E-05,3.07E-05,4.56E-05,-6.55E-06,3.50E-05,0.000116398,0.000246693,0.000425321,0.000309253,0.000367335,0.000443042,0.000525181,0.00060462,-0.001178232,-0.000747718,-0.000378185,-0.00015905,-9.75E-06,0.000284047,0.000328401,0.000382108,0.000441771,0.000490227,0.00044125,0.000768066,0.001440916,0.002753532,0.004094216,-0.000951375,-0.000666492,-0.000371026,-0.000173955,-7.14E-05,-0.000628961,-0.000315324,-5.45E-05,6.99E-05,0.000138919
1955,1950,1960,0.004391983,0.004926383,0.00553471,0.006199224,0.006778292,-0.000452123,-0.000299922,-0.000121481,1.96E-05,0.000160161,-0.007874945,-0.006629608,-0.005155783,-0.003745869,-0.002579309,-0.001632503,-0.000741208,0.000409065,0.001419991,0.002200264,-0.001831518,-0.000907869,0.000280765,0.001324713,0.002105336,-0.00304271,0.00063016,0.004920047,0.008871629,0.013292212,-0.007812545,-0.006114072,-0.004429553,-0.003167052,-0.002380206,-0.005030585,-0.003691993,-0.002163768,-0.00120738,-0.00052918,1.02E-05,8.83E-05,0.000239073,0.000501563,0.000836742,0.001430155,0.001620329,0.001909572,0.00224678,0.002504998,0.002060411,0.002361838,0.002715539,0.00308343,0.003397532,3.95E-06,8.03E-06,1.73E-05,3.31E-05,4.91E-05,-7.21E-06,3.84E-05,0.000127955,0.000271119,0.000467458,0.000340009,0.000403948,0.000486362,0.000576486,0.000664061,-0.00126642,-0.000805305,-0.000410009,-0.000177813,-2.28E-05,0.000301753,0.000348316,0.0004046,0.000466962,0.000517416,0.000468594,0.000815701,0.001530269,0.002924315,0.004347725,1.44E-05,6.99E-05,0.000202243,0.000431097,0.000682939,-0.000884787,-0.000628455,-0.000335161,-0.000151487,-6.58E-05
1956,1951,1961,0.004679283,0.005244413,0.005884093,0.006584717,0.007197052,1.74E-06,0.000141645,0.000452151,0.00087649,0.001281078,-0.008208621,-0.006994901,-0.005465613,-0.003998123,-0.002693209,-0.001506485,-0.000679812,0.000456083,0.001473177,0.002248161,-0.001040494,-0.000195792,0.000952698,0.002033415,0.002863506,-0.014478122,-0.010915567,-0.007278453,-0.003382828,-0.000253658,-0.008259872,-0.006532531,-0.004774664,-0.003432233,-0.002607418,-0.005248631,-0.003838875,-0.002245488,-0.001232906,-0.000493846,1.22E-05,0.000105348,0.000285228,0.000598319,0.000998251,0.001537841,0.001743114,0.002054975,0.002418405,0.002696536,0.002183643,0.002489948,0.00284811,0.00322592,0.003549775,4.26E-06,8.65E-06,1.87E-05,3.56E-05,5.29E-05,-7.80E-06,4.16E-05,0.000138347,0.000293113,0.000505373,0.000374603,0.000445164,0.000535462,0.000634952,0.000731722,-0.001309763,-0.000833615,-0.000424904,-0.000185262,-2.52E-05,0.000316687,0.000365307,0.000424062,0.000489071,0.000541608,0.000488963,0.000851211,0.001596813,0.003051412,0.00453583,0.000157397,0.000363138,0.000756576,0.001280533,0.001759484,-0.000659974,-0.000500308,-0.000287517,-0.000116659,-4.82E-05
1957,1952,1962,0.004961369,0.005559693,0.006230991,0.006966382,0.007611664,0.000190647,0.000451894,0.000961705,0.001626769,0.00221667,-0.008655318,-0.007400027,-0.005787211,-0.004238405,-0.002824374,-0.00152348,-0.000687958,0.000483573,0.001549703,0.002359039,-0.000584866,0.00026699,0.001474974,0.002701322,0.003714393,-0.010983578,-0.00807504,-0.004238271,-0.000177506,0.002319687,-0.008776008,-0.006964199,-0.005105196,-0.003670293,-0.00279978,-0.005505724,-0.004015377,-0.002341956,-0.001267953,-0.000465357,1.40E-05,0.000120854,0.000327089,0.000685767,0.001143815,0.001615476,0.001830713,0.002157648,0.002538349,0.002829897,0.002337082,0.002652064,0.003016357,0.003408404,0.003745782,4.65E-06,9.46E-06,2.04E-05,3.90E-05,5.78E-05,-8.22E-06,4.38E-05,0.000145851,0.000308997,0.00053267,0.000413649,0.000491706,0.000591188,0.000701595,0.000808783,-0.001316608,-0.00083791,-0.000426028,-0.000184259,-1.98E-05,0.000329331,0.000379754,0.000440705,0.00050808,0.000562532,0.000505571,0.000880184,0.001651012,0.003154951,0.004688856,0.000222069,0.000506414,0.001037618,0.001724841,0.002326436,-0.000246918,-0.000171992,-7.10E-05,1.55E-05,0.000109157
1958,1953,1963,0.005240339,0.005873715,0.006575778,0.007344097,0.008021319,0.000278138,0.000614321,0.00118031,0.001886865,0.002493388,-0.008910921,-0.007654843,-0.00600929,-0.004399607,-0.002921834,-0.001434498,-0.000588553,0.000618072,0.001717547,0.002583742,-0.000300587,0.000551225,0.001806484,0.003100797,0.004207991,-0.005908127,-0.002328299,0.0017502,0.005434749,0.007999975,-0.009012616,-0.007179787,-0.005289815,-0.003790858,-0.002881196,-0.005739044,-0.004186437,-0.002436903,-0.00130895,-0.000449747,1.49E-05,0.000128669,0.000347972,0.000728563,0.001214585,0.00166146,0.001881652,0.002216279,0.002605932,0.002904538,0.002515986,0.002846624,0.003221904,0.003633388,0.003988249,5.24E-06,1.07E-05,2.30E-05,4.39E-05,6.53E-05,-8.48E-06,4.52E-05,0.000150374,0.000318598,0.000549098,0.000457948,0.000544519,0.000654654,0.000777753,0.000896831,-0.001300324,-0.000826988,-0.00041879,-0.000178304,-1.21E-05,0.000339513,0.000391427,0.000454205,0.000523576,0.000579618,0.000512877,0.000893074,0.001675273,0.003201463,0.004757248,0.000210866,0.000478326,0.000975424,0.001613784,0.00216984,4.23E-05,9.17E-05,0.000183234,0.000310722,0.000429697
1959,1954,1964,0.005539427,0.006211287,0.006946469,0.007749259,0.00846034,-0.001087816,-0.000671871,-0.000246485,2.10E-05,0.00024072,-0.009156491,-0.007876163,-0.006188009,-0.004529486,-0.003011106,-0.001293872,-0.000428543,0.000814289,0.001942185,0.002844934,-0.001724087,-0.000788757,0.000508864,0.001678009,0.002600907,0.008667828,0.011726567,0.015831176,0.019785683,0.022638895,-0.009228518,-0.007353803,-0.005420099,-0.003876891,-0.002941316,-0.005966094,-0.004356168,-0.002536891,-0.001363467,-0.000468843,1.53E-05,0.00013223,0.000357372,0.000747344,0.001245261,0.001692234,0.001915417,0.002254868,0.002650037,0.002953493,0.002718963,0.003072253,0.003465008,0.003901921,0.004278583,6.03E-06,1.23E-05,2.65E-05,5.06E-05,7.52E-05,-8.66E-06,4.61E-05,0.000153616,0.000325482,0.000560893,0.000508503,0.000604822,0.000727315,0.000865191,0.000997842,-0.001270512,-0.000807203,-0.000406969,-0.000170177,-5.32E-06,0.000348982,0.000402275,0.000466719,0.000537922,0.000595459,0.000521194,0.000907637,0.001702526,0.003253674,0.004834733,0.000128953,0.000292243,0.000604933,0.001022831,0.001395723,-0.001808004,-0.001417316,-0.000949466,-0.000523745,-0.00023294
1960,1955,1965,0.005870804,0.006586029,0.007359381,0.008201367,0.008950574,-0.006830768,-0.005482632,-0.003768434,-0.002109682,-0.000943563,-0.009294687,-0.008009281,-0.006291702,-0.004597056,-0.003069107,-0.001020687,-0.000139548,0.001127545,0.002271222,0.003220214,-0.006305672,-0.004814835,-0.002722498,-0.000569858,0.000976294,-0.001624864,0.001252771,0.005478682,0.009696401,0.012704304,-0.009313126,-0.007427265,-0.005464977,-0.003903465,-0.00295908,-0.00618396,-0.004525207,-0.002641924,-0.001430819,-0.000519675,1.51E-05,0.000130042,0.000351349,0.000734174,0.001222738,0.001723814,0.001950378,0.002295241,0.002696677,0.003005332,0.002939261,0.003319971,0.003736888,0.00420426,0.004606734,6.95E-06,1.42E-05,3.06E-05,5.84E-05,8.69E-05,-8.85E-06,4.72E-05,0.000157094,0.000332837,0.000573531,0.000566905,0.000674544,0.000811543,0.000966851,0.001115188,-0.001231335,-0.000781598,-0.000392383,-0.000161355,4.52E-07,0.00035861,0.000413281,0.000479384,0.000552416,0.000611411,0.000532226,0.000926847,0.001738451,0.003322362,0.004936943,-0.000313822,-9.47E-05,2.62E-05,0.000151088,0.000268344,-0.00672358,-0.005480245,-0.00382087,-0.002153819,-0.000964446
1961,1956,1966,0.006220916,0.006982111,0.007797196,0.008682155,0.009472365,-0.011368076,-0.009329697,-0.006540495,-0.003697341,-0.00165753,-0.009189848,-0.00795604,-0.006253127,-0.004537412,-0.00300397,-0.000601471,0.000296469,0.001606046,0.00279895,0.00394884,-0.010145239,-0.008003128,-0.004988542,-0.001832156,0.000507817,-0.010876835,-0.007639861,-0.003263639,0.001091991,0.00429531,-0.009087044,-0.007263411,-0.005333941,-0.003776765,-0.002816965,-0.006388538,-0.004696234,-0.002749211,-0.001504134,-0.000577883,1.39E-05,0.000118856,0.000321609,0.000672241,0.001120153,0.001760062,0.001990889,0.002342373,0.002751429,0.003066299,0.003159103,0.003568497,0.004013276,0.004512816,0.00494244,8.00E-06,1.63E-05,3.52E-05,6.72E-05,0.000100068,-9.08E-06,4.84E-05,0.000161134,0.000341385,0.000588274,0.000634845,0.00075576,0.000909952,0.00108593,0.00125263,-0.001187948,-0.00075336,-0.000376825,-0.000153005,3.48E-06,0.000367977,0.000424009,0.000491739,0.000566555,0.000626993,0.000541829,0.000943599,0.001769954,0.003382701,0.005026874,-0.001696486,-0.001193938,-0.000675567,-0.000321238,-0.000134272,-0.009934206,-0.008210759,-0.005800751,-0.003296788,-0.001480643
1962,1957,1967,0.006591389,0.007401375,0.008261407,0.009192765,0.010027103,-0.012988849,-0.01069018,-0.007517513,-0.004272993,-0.001920484,-0.00916192,-0.007946993,-0.006215237,-0.004446271,-0.002881823,-0.0002602,0.000684756,0.00207476,0.003428326,0.004912826,-0.011321133,-0.008853809,-0.005426666,-0.001891332,0.000751421,-0.023212759,-0.019767829,-0.015196634,-0.010696107,-0.007519819,-0.008906515,-0.007127242,-0.005176904,-0.003591448,-0.002596412,-0.006663842,-0.004919307,-0.002886906,-0.001599272,-0.000652764,1.22E-05,0.00010402,0.00028271,0.000592658,0.000989592,0.001800652,0.002036497,0.002395672,0.002813595,0.003135513,0.003379091,0.003817741,0.004292047,0.004824179,0.00528149,9.20E-06,1.87E-05,4.05E-05,7.73E-05,0.00011517,-9.32E-06,4.98E-05,0.000165662,0.000350969,0.000604812,0.000713855,0.000850288,0.001024773,0.001225098,0.001413168,-0.001145627,-0.000725954,-0.00036222,-0.000146137,4.60E-06,0.000378593,0.000436138,0.000505667,0.000582448,0.000644477,0.000557879,0.000971489,0.001821999,0.003482054,0.00517452,-0.002951977,-0.002160166,-0.001277636,-0.000625578,-0.000270278,-0.010430973,-0.008655127,-0.006143729,-0.003515226,-0.001584433
1963,1958,1968,0.006980048,0.007841267,0.008749111,0.009730234,0.010611393,-0.012605295,-0.010331134,-0.007235071,-0.004127276,-0.001861674,-0.009290547,-0.008043376,-0.006257858,-0.00441277,-0.00279151,4.04E-05,0.001033607,0.002494189,0.004001077,0.005585511,-0.010616296,-0.008110764,-0.004677339,-0.001231836,0.001346186,-0.020455356,-0.017195122,-0.012748769,-0.008462574,-0.005471461,-0.008952356,-0.007152588,-0.005138122,-0.00351159,-0.002522778,-0.006975528,-0.00515854,-0.003033577,-0.00170477,-0.000738477,1.10E-05,9.29E-05,0.000253511,0.000533426,0.000892155,0.001848701,0.00209052,0.002458937,0.002887451,0.003217657,0.00359227,0.004059318,0.00456282,0.005126404,0.00561038,1.07E-05,2.19E-05,4.73E-05,9.03E-05,0.000134748,-9.62E-06,5.14E-05,0.000170916,0.000362076,0.000623983,0.000805346,0.000959813,0.001157999,0.001386705,0.001599436,-0.001114573,-0.000706001,-0.000352432,-0.000143068,2.46E-06,0.000391686,0.000451067,0.000522781,0.000601948,0.000665882,0.000588072,0.001023849,0.001919524,0.003668224,0.005450431,-0.003331172,-0.002458603,-0.001470196,-0.000726033,-0.000315939,-0.009697101,-0.008013439,-0.005662061,-0.003252834,-0.001471933
1964,1959,1969,0.007375243,0.008287765,0.009244489,0.010276652,0.01120614,-0.010652384,-0.008651682,-0.005982373,-0.003413507,-0.001548942,-0.009384972,-0.008091958,-0.006252934,-0.004315353,-0.002667904,0.000448833,0.001475047,0.00297661,0.004598202,0.0061566,-0.00835816,-0.006053109,-0.002923368,0.000118749,0.002389029,-0.018883237,-0.015726942,-0.011656207,-0.007691857,-0.004917397,-0.00903341,-0.007196331,-0.005118529,-0.003457068,-0.002462579,-0.007213002,-0.005334405,-0.003142732,-0.001787737,-0.000816761,1.01E-05,8.50E-05,0.000232704,0.000491103,0.000822371,0.001910758,0.002160467,0.002540957,0.002983328,0.003323988,0.003779818,0.004271318,0.004799894,0.00539029,0.005897668,1.28E-05,2.61E-05,5.65E-05,0.000107861,0.000161078,-9.98E-06,5.33E-05,0.000177542,0.000376067,0.000648103,0.000910469,0.001085645,0.001311209,0.001572557,0.001813478,-0.001113338,-0.00070579,-0.00035468,-0.000148285,-7.44E-06,0.000406552,0.000468065,0.000542311,0.000624229,0.000690361,0.000625129,0.001088212,0.002039799,0.003897916,0.005791383,-0.002819783,-0.00207559,-0.001241711,-0.00061539,-0.000268724,-0.00818761,-0.006695645,-0.004656461,-0.002670866,-0.001216347
1965,1960,1970,0.007780225,0.008744413,0.00975135,0.010836369,0.011815664,-0.007818568,-0.006239719,-0.004163667,-0.002316865,-0.001067484,-0.009253089,-0.007963977,-0.006101418,-0.004109567,-0.002392643,0.001010415,0.002064734,0.003596191,0.005375929,0.00711557,-0.005188473,-0.003197865,-0.000483882,0.002106371,0.00408281,-0.010747446,-0.007974302,-0.004295778,-0.000556953,0.002114172,-0.008911253,-0.007070507,-0.004981402,-0.003282728,-0.002281488,-0.007339446,-0.005427164,-0.00320258,-0.001831463,-0.000857632,9.27E-06,7.76E-05,0.000213007,0.000451112,0.000756701,0.001988885,0.002248725,0.00264467,0.003104754,0.003458652,0.003944228,0.004456526,0.005006118,0.005619124,0.00614702,1.52E-05,3.10E-05,6.71E-05,0.000128081,0.000191399,-1.04E-05,5.58E-05,0.00018579,0.000393479,0.000678172,0.001029651,0.001228269,0.001484859,0.001783037,0.00205549,-0.001148528,-0.000729862,-0.000371175,-0.000161927,-2.46E-05,0.00042126,0.00048492,0.000561733,0.000646455,0.000714839,0.000654081,0.00113862,0.002134394,0.004078724,0.006060122,-0.001843855,-0.001328193,-0.000771828,-0.000377241,-0.000164219,-0.006208073,-0.004979013,-0.003339806,-0.001858852,-0.000858909
1966,1961,1971,0.008233909,0.00925638,0.010321801,0.011468534,0.012504168,-0.004129767,-0.003105638,-0.001806538,-0.00066859,-3.22E-05,-0.009205159,-0.007911354,-0.005996064,-0.003918641,-0.002075887,0.001521339,0.002631903,0.004224897,0.006188606,0.008290559,-0.001394327,0.000218927,0.002448583,0.004802228,0.006981521,-0.011463179,-0.008775131,-0.005367205,-0.001850408,0.000838193,-0.008854922,-0.007012037,-0.004871972,-0.003098107,-0.002045719,-0.007497148,-0.005545962,-0.00327596,-0.001871916,-0.000873177,8.92E-06,7.51E-05,0.000205804,0.000435602,0.000730644,0.002078766,0.002350427,0.002764393,0.003245215,0.003614629,0.004131014,0.004667587,0.005241336,0.005880402,0.006431188,1.75E-05,3.57E-05,7.71E-05,0.000147191,0.00021982,-1.10E-05,5.87E-05,0.000195321,0.000413607,0.000712907,0.001162748,0.001387399,0.001678557,0.002017502,0.002324722,-0.001208931,-0.000770604,-0.000397299,-0.000179778,-3.96E-05,0.00043469,0.000500332,0.00057953,0.000666868,0.000737351,0.000679513,0.001182948,0.002217558,0.00423764,0.006296436,-0.000745455,-0.000492355,-0.000233275,-3.23E-05,8.08E-05,-0.003486347,-0.002634871,-0.001542345,-0.000615782,-3.90E-05
1967,1962,1972,0.008734811,0.009822207,0.010953548,0.012170303,0.013268356,-0.000275169,0.000159023,0.000827424,0.002124161,0.003436586,-0.009326307,-0.007991708,-0.006018163,-0.003827402,-0.001861167,0.001986493,0.003160752,0.004822982,0.006892591,0.009292791,0.002446871,0.003798087,0.005838705,0.008594174,0.011287512,-0.014080423,-0.01092391,-0.007174628,-0.003557813,-0.000869313,-0.00896868,-0.007104431,-0.004905214,-0.003061946,-0.00185874,-0.007688708,-0.005690728,-0.00336231,-0.001916349,-0.000876319,9.39E-06,7.97E-05,0.00021713,0.000456951,0.000764581,0.002168384,0.00245185,0.002883828,0.003385462,0.00377058,0.00435149,0.004917212,0.005520519,0.006191488,0.006769545,1.98E-05,4.05E-05,8.75E-05,0.000167039,0.000249285,-1.15E-05,6.16E-05,0.000205025,0.000434128,0.000748308,0.001309142,0.001562362,0.001891375,0.002274637,0.002619617,-0.001277515,-0.000816319,-0.00042557,-0.000196882,-5.20E-05,0.000446902,0.000514353,0.000595739,0.000685478,0.000757904,0.000707262,0.001231253,0.002308058,0.004410637,0.006553424,-5.31E-05,2.19E-05,0.00014509,0.000383401,0.000669525,-0.000206316,0.000110489,0.000682436,0.001752294,0.002804688
1968,1963,1973,0.00928893,0.010449155,0.011654641,0.012950178,0.01411876,0.001052457,0.002363663,0.004360564,0.006603873,0.008427849,-0.009448889,-0.0080899,-0.006080108,-0.003888892,-0.001826296,0.002608737,0.003812493,0.005486285,0.00748272,0.009834135,0.005310245,0.00703294,0.009882938,0.013368041,0.01632231,-0.011458436,-0.008099018,-0.003711809,0.000390009,0.003200366,-0.009182006,-0.007285864,-0.005056439,-0.003272484,-0.002081932,-0.007802842,-0.005777256,-0.003411219,-0.001940248,-0.000867934,1.08E-05,9.25E-05,0.000250126,0.000523369,0.000872638,0.002249388,0.00254343,0.002991457,0.003511744,0.003911151,0.004620901,0.005223078,0.005864603,0.00657642,0.00718839,2.26E-05,4.61E-05,9.95E-05,0.000189965,0.00028338,-1.20E-05,6.43E-05,0.000214051,0.000453234,0.000781274,0.001468125,0.001752305,0.002122086,0.002552751,0.002938091,-0.001339877,-0.000857258,-0.000449814,-0.000210352,-6.07E-05,0.000458039,0.000527157,0.000610542,0.000702493,0.000776699,0.000738928,0.001286325,0.002411172,0.004607641,0.00684605,6.47E-05,0.000168261,0.000387901,0.00071543,0.001030477,0.000957643,0.002149629,0.003945732,0.005926317,0.007519396
1969,1964,1974,0.009979845,0.011233151,0.012537762,0.013939256,0.015198128,0.001554564,0.003474285,0.006214724,0.008968022,0.01100842,-0.009715755,-0.008325757,-0.006258575,-0.004141679,-0.001993613,0.003366783,0.004582661,0.006237169,0.008068371,0.01006438,0.00685959,0.009027944,0.012435747,0.016181711,0.019059759,0.002854662,0.006299358,0.011048827,0.015699647,0.018881123,-0.009645427,-0.007643756,-0.005384147,-0.003679597,-0.002660777,-0.007927103,-0.005866314,-0.003458917,-0.001961072,-0.000874785,1.31E-05,0.000112716,0.000303959,0.000634758,0.001056462,0.002323651,0.002627242,0.003089849,0.003627083,0.004039613,0.005019328,0.005677915,0.006382883,0.007161969,0.007827713,2.53E-05,5.16E-05,0.000111441,0.000212754,0.00031716,-1.25E-05,6.69E-05,0.000222512,0.000471154,0.000812177,0.001640022,0.001957467,0.002370906,0.002852025,0.003280252,-0.001393561,-0.000892137,-0.000469471,-0.000220515,-6.60E-05,0.00046859,0.000539279,0.000624559,0.00071861,0.000794514,0.000774667,0.001348497,0.002527607,0.004830088,0.007176572,7.83E-05,0.000193388,0.000421982,0.000739653,0.001031443,0.001444644,0.003227321,0.005758604,0.008275136,0.010125036
1970,1965,1975,0.010768595,0.012128619,0.01354853,0.015074845,0.016439084,0.001315854,0.002926453,0.005174526,0.007412267,0.009071704,-0.010034705,-0.00857879,-0.006449526,-0.004313789,-0.002238534,0.004231576,0.005455919,0.007107331,0.008836799,0.010540527,0.007379992,0.009305862,0.012264615,0.015401012,0.017776253,-0.009731191,-0.006726273,-0.002576991,0.001699939,0.004803706,-0.010168024,-0.00802998,-0.005725689,-0.003984616,-0.002963596,-0.00800577,-0.005912356,-0.003481383,-0.001960823,-0.000861569,1.55E-05,0.000133279,0.000359252,0.000750325,0.001248501,0.002390808,0.002702871,0.003178538,0.003730976,0.004155329,0.005503989,0.006231957,0.007018154,0.007885611,0.008621656,2.74E-05,5.59E-05,0.000120703,0.000230382,0.000342996,-1.29E-05,6.92E-05,0.000230293,0.000487643,0.000840599,0.001826187,0.002179626,0.002640046,0.003175169,0.003649285,-0.001435447,-0.000918992,-0.000483782,-0.000227336,-6.84E-05,0.00047885,0.000551078,0.0006382,0.00073429,0.000811862,0.000799507,0.001391825,0.002609,0.004985681,0.007408061,3.40E-05,9.99E-05,0.000235191,0.000433626,0.000625507,0.001252661,0.002785696,0.004916199,0.007015207,0.008554569
1971,1966,1976,0.011501201,0.012957971,0.014475727,0.016105718,0.017563683,0.000876873,0.001929342,0.003410908,0.005025191,0.006274871,-0.010062828,-0.008564966,-0.006399067,-0.00424734,-0.002210864,0.005234487,0.006457225,0.008101324,0.009775987,0.011414716,0.007667572,0.009218648,0.01155797,0.01400571,0.015950057,-0.013480946,-0.010782994,-0.007161407,-0.003496423,-0.000805563,-0.010361103,-0.008160443,-0.005840622,-0.004064177,-0.003033178,-0.007863605,-0.00578789,-0.003401571,-0.001897066,-0.000806757,1.73E-05,0.000148737,0.000400966,0.000837626,0.001393841,0.002447743,0.002766982,0.003253634,0.003818881,0.004253449,0.005927438,0.006713424,0.007564421,0.008501182,0.00929517,2.86E-05,5.81E-05,0.000125502,0.000239457,0.000355939,-1.33E-05,7.12E-05,0.000237087,0.000502061,0.000865465,0.002026012,0.002418011,0.002928509,0.003520822,0.004043417,-0.001453316,-0.000929972,-0.000488476,-0.00022867,-6.68E-05,0.000488711,0.000562418,0.000651323,0.000749389,0.000828559,0.00079987,0.001392774,0.00261171,0.004991137,0.007417746,-0.000327983,-0.000198278,-7.39E-05,1.89E-06,6.74E-05,0.00090896,0.002006284,0.003530763,0.005135389,0.006352733
1972,1967,1977,0.012106822,0.013639461,0.015225032,0.016925455,0.018454807,0.00058046,0.001262479,0.002334946,0.0036018,0.004582613,-0.009968055,-0.008417782,-0.006225344,-0.004107526,-0.002049717,0.006199901,0.007403935,0.009019004,0.010644868,0.012224433,0.008082371,0.009436455,0.011432204,0.013511848,0.015204004,-0.021343918,-0.018869429,-0.015518511,-0.011975838,-0.00950677,-0.010397163,-0.00816819,-0.005843384,-0.004045916,-0.003013159,-0.007591917,-0.00556219,-0.003257429,-0.001793479,-0.000714708,1.88E-05,0.000162157,0.000437163,0.000913232,0.00151965,0.0024896,0.002814012,0.003308706,0.003883403,0.004325858,0.006231117,0.007054846,0.007941891,0.008916743,0.009745943,2.87E-05,5.83E-05,0.000125871,0.000240079,0.000356366,-1.36E-05,7.29E-05,0.000242446,0.000513461,0.000885115,0.002234434,0.002666362,0.003228212,0.003878434,0.004450084,-0.001437447,-0.000918643,-0.00047966,-0.000222066,-5.98E-05,0.000498588,0.000573772,0.000664454,0.000764491,0.000845245,0.000782948,0.001363989,0.002559287,0.004891736,0.007273275,-0.001134312,-0.000811244,-0.000467538,-0.000225301,-9.32E-05,0.000744034,0.001635867,0.002893894,0.004274883,0.005315671
1973,1968,1978,0.012620733,0.014214871,0.015850111,0.017603436,0.01919181,0.000425795,0.00096974,0.001897063,0.003008826,0.003883351,-0.0099184,-0.008251548,-0.00601928,-0.003936917,-0.001847994,0.007118703,0.008279189,0.00984033,0.011411518,0.012806591,0.008725187,0.00998255,0.011822379,0.01372282,0.01520235,-0.010035175,-0.007589455,-0.004294353,-0.001096073,0.001028181,-0.01049693,-0.008224854,-0.005842846,-0.004016139,-0.0029952,-0.007250248,-0.00527592,-0.003070126,-0.001662124,-0.000619911,2.06E-05,0.000177482,0.000478534,0.000999655,0.001663578,0.002511943,0.002839313,0.0033383,0.003918417,0.004365905,0.006462161,0.007311995,0.008220637,0.009220297,0.010074642,2.83E-05,5.75E-05,0.00012409,0.000236625,0.000350998,-1.38E-05,7.39E-05,0.000245978,0.000521042,0.000898188,0.002444457,0.002915824,0.003527452,0.004233028,0.004851825,-0.001394596,-0.000889436,-0.000460042,-0.000208533,-4.85E-05,0.000509121,0.000585872,0.000678426,0.000780536,0.000862959,0.000761437,0.001327272,0.00249219,0.004764125,0.007087677,-0.001766094,-0.00129305,-0.000768071,-0.000378264,-0.000162512,0.00071408,0.001571496,0.002782767,0.004102522,0.005092761
1974,1969,1979,0.013079557,0.01472795,0.016405266,0.018205337,0.019847421,0.000416583,0.000943734,0.001824938,0.002883702,0.003727845,-0.009872471,-0.007999419,-0.005705596,-0.003620009,-0.001496325,0.008068936,0.009176988,0.01070102,0.012210299,0.013447074,0.009637367,0.010839151,0.012611693,0.014395455,0.015729211,-0.009881837,-0.007759033,-0.004737075,-0.001885173,4.62E-05,-0.010685313,-0.008297911,-0.005785057,-0.003924651,-0.002910586,-0.00678412,-0.004886785,-0.002810126,-0.001477858,-0.000489598,2.26E-05,0.000194546,0.00052455,0.001095862,0.001823771,0.00251998,0.002848847,0.003349708,0.003932586,0.004383211,0.006661657,0.007533012,0.008459241,0.009480874,0.010357931,2.80E-05,5.70E-05,0.000122945,0.000234389,0.000347623,-1.39E-05,7.46E-05,0.000248237,0.000525934,0.000906706,0.002649162,0.003157552,0.003814804,0.00457024,0.005231935,-0.001354916,-0.000862123,-0.00044171,-0.00019501,-3.66E-05,0.000520603,0.000599043,0.000693616,0.000797958,0.000882172,0.000739182,0.001289077,0.002422162,0.004631208,0.006895394,-0.001868883,-0.001374466,-0.000822413,-0.00040756,-0.000176497,0.000710306,0.001563669,0.002766423,0.004068284,0.005046963
1975,1970,1980,0.013494056,0.015190868,0.016905295,0.018747789,0.020439524,0.000417026,0.000910765,0.001705842,0.002665667,0.003426752,-0.009774556,-0.007662808,-0.005294288,-0.003198426,-0.001139556,0.008944309,0.010063302,0.011581353,0.013083503,0.014313396,0.01048149,0.011667033,0.013369922,0.015053684,0.016330046,0.00154289,0.003504272,0.006270603,0.008953007,0.010831455,-0.010818218,-0.008290291,-0.005626788,-0.003744049,-0.002748055,-0.006263118,-0.004456274,-0.002522224,-0.001247174,-0.00030192,2.43E-05,0.00020983,0.000565747,0.001181773,0.001966811,0.002523108,0.002853134,0.003355286,0.00394008,0.004393332,0.006839991,0.007730908,0.008673284,0.009715519,0.010613858,2.80E-05,5.69E-05,0.000122782,0.000234053,0.000347104,-1.40E-05,7.52E-05,0.000250131,0.000530054,0.000913847,0.002840542,0.00338123,0.004077048,0.004874011,0.005571945,-0.00133618,-0.000848809,-0.000432161,-0.00018707,-2.57E-05,0.000533196,0.000613474,0.000710251,0.000817017,0.000903168,0.0007123,0.001243074,0.002337883,0.004471606,0.006664174,-0.001288498,-0.00093248,-0.000549797,-0.000271169,-0.000115782,0.000595664,0.00130179,0.002330983,0.003495904,0.004375344
1976,1971,1981,0.01391048,0.015656695,0.017411225,0.019299232,0.021041417,0.000389902,0.000849031,0.001566267,0.002424122,0.003090548,-0.00956289,-0.007305912,-0.004905395,-0.002844202,-0.000846522,0.009776215,0.01092061,0.012438117,0.013966018,0.015217659,0.011262117,0.012444469,0.014073532,0.015697817,0.016978119,0.013263482,0.015099822,0.017715083,0.020348116,0.022302181,-0.01071412,-0.008135391,-0.005397381,-0.003536805,-0.002574823,-0.005818876,-0.004103374,-0.002290631,-0.00106965,-0.000168873,2.52E-05,0.000217291,0.000585831,0.001223394,0.002035561,0.002531669,0.002863526,0.003367911,0.003955689,0.004411981,0.007041515,0.007956364,0.008920791,0.009989571,0.010912747,2.78E-05,5.65E-05,0.000121971,0.000232518,0.000344879,-1.42E-05,7.59E-05,0.000252623,0.000535401,0.000923116,0.003010861,0.003577271,0.004302824,0.005131164,0.005857816,-0.001333017,-0.000846086,-0.000429457,-0.00018395,-2.07E-05,0.000547907,0.000630293,0.00072964,0.000839184,0.000927559,0.000681209,0.001189866,0.002240419,0.004287043,0.006397187,-0.00027484,-0.000154423,-3.92E-05,6.29E-05,0.00022729,0.000377104,0.000812056,0.001590392,0.002531229,0.003241725
1977,1972,1982,0.014307991,0.016100854,0.017893939,0.01982502,0.021615528,0.000345684,0.000778136,0.001495183,0.002349983,0.003030391,-0.009047594,-0.006786584,-0.004445982,-0.002475722,-0.000501056,0.01074041,0.011860914,0.013349985,0.014884387,0.01614951,0.012196699,0.013337941,0.014904785,0.016525589,0.017848379,0.01629973,0.018263357,0.021007354,0.023465647,0.02516493,-0.010226036,-0.007708563,-0.005033038,-0.003262635,-0.002356979,-0.005356975,-0.003750553,-0.0020721,-0.000927042,-7.99E-05,2.48E-05,0.000213188,0.000574943,0.001200329,0.001997069,0.002553514,0.002888458,0.003397281,0.003990545,0.004451249,0.007240567,0.008179041,0.009165828,0.010261082,0.011209041,2.75E-05,5.58E-05,0.000120431,0.000229609,0.000340701,-1.44E-05,7.70E-05,0.000256434,0.000543502,0.000937145,0.003154534,0.003739412,0.004485198,0.005334714,0.00608244,-0.001340869,-0.000850867,-0.000431388,-0.000184087,-1.93E-05,0.000567273,0.000652432,0.000755137,0.000868287,0.000959511,0.000644852,0.001127577,0.002126734,0.004072043,0.00608617,0.000102013,0.000246298,0.000532176,0.000934594,0.001325152,2.17E-05,0.000321305,0.000906052,0.001597035,0.002159212
1978,1973,1983,0.01462814,0.016456853,0.018277317,0.0202398,0.022069789,-4.84E-05,0.000253499,0.000813106,0.001553147,0.002190629,-0.008657996,-0.006349081,-0.003936771,-0.00202432,-0.000198778,0.011725639,0.012795683,0.014220671,0.015655734,0.016729958,0.012668501,0.013697094,0.015098284,0.016560216,0.017709478,0.010910881,0.012702548,0.015186229,0.017551896,0.01928315,-0.010072132,-0.007453638,-0.004683633,-0.002951833,-0.002089728,-0.004835339,-0.00334243,-0.001819985,-0.000777393,-1.80E-05,2.41E-05,0.000207142,0.000558958,0.001166974,0.00194219,0.002586001,0.002925043,0.003440163,0.004040874,0.004507196,0.007379293,0.008332921,0.009332709,0.0104454,0.011411148,2.74E-05,5.56E-05,0.000119972,0.000228763,0.000339546,-1.47E-05,7.85E-05,0.000261302,0.000553831,0.000955006,0.003267902,0.003863748,0.004620414,0.00548101,0.006242534,-0.001352463,-0.000858167,-0.000434612,-0.000184832,-1.77E-05,0.000595978,0.000685336,0.000793118,0.00091168,0.001007138,0.000621365,0.001086858,0.002051528,0.003929169,0.005878876,0.000212352,0.000489515,0.001013695,0.00170215,0.002313745,-0.001228695,-0.000663806,-0.000126879,0.000248371,0.000558152
1979,1974,1984,0.014966913,0.016834901,0.018687981,0.020686101,0.022557926,-0.003114664,-0.002186846,-0.001174554,-0.000459565,-9.70E-05,-0.008395423,-0.005916041,-0.003385568,-0.001520118,0.0002321,0.012732838,0.013732152,0.015098989,0.016498203,0.017547466,0.011058473,0.012293422,0.0138353,0.015293829,0.016321013,0.025199274,0.026874077,0.029308606,0.031757604,0.03346525,-0.010078774,-0.007210132,-0.004284116,-0.002585488,-0.001769322,-0.004301654,-0.002923736,-0.001564692,-0.000654373,3.13E-05,2.31E-05,0.000197734,0.000534258,0.001116004,0.001858841,0.00261557,0.00295854,0.00347961,0.004087347,0.004559234,0.007566087,0.00854242,0.00956443,0.010703134,0.011692461,2.76E-05,5.62E-05,0.000121228,0.000231169,0.000343169,-1.49E-05,7.99E-05,0.000265898,0.000563606,0.000971932,0.003351474,0.003951548,0.004711794,0.005575676,0.006344952,-0.001365057,-0.000866112,-0.000438055,-0.000185469,-1.56E-05,0.000631786,0.000726622,0.000841051,0.000966676,0.001067791,0.000603196,0.001055297,0.001992867,0.003817606,0.005715752,0.000273756,0.000626177,0.001281998,0.002131295,0.002871017,-0.005066388,-0.003964168,-0.002638203,-0.001444426,-0.000645018
1980,1975,1985,0.015358073,0.01727344,0.019166847,0.021207871,0.023127182,-0.007666522,-0.006110112,-0.004133465,-0.00228957,-0.00103308,-0.00748706,-0.005115807,-0.002711538,-0.000953964,0.000709848,0.013949748,0.01489912,0.016240571,0.017620623,0.018665241,0.007904024,0.00978259,0.012119011,0.0143341,0.015944267,0.012204705,0.014418901,0.017562325,0.020655873,0.022865406,-0.00927721,-0.006519353,-0.003715221,-0.002157916,-0.001415339,-0.003696701,-0.002465827,-0.001290242,-0.0005134,9.64E-05,2.11E-05,0.000179136,0.000485621,0.00101676,0.001696317,0.002624321,0.002969331,0.00349297,0.004104174,0.00457937,0.007849081,0.008862012,0.00992171,0.011101642,0.012125693,2.84E-05,5.76E-05,0.000124407,0.000237235,0.000352142,-1.51E-05,8.06E-05,0.000268429,0.000569083,0.000981445,0.00341148,0.004010967,0.004770604,0.005633193,0.006406526,-0.001380168,-0.0008757,-0.000442571,-0.000186925,-1.47E-05,0.00066844,0.00076904,0.000890375,0.001023454,0.001130589,0.000568665,0.000996532,0.001886018,0.003616672,0.005424416,0.000271637,0.00061822,0.001260496,0.002089603,0.002812037,-0.00975953,-0.007980008,-0.005574351,-0.003138555,-0.001406542
1981,1976,1986,0.015683846,0.017637018,0.019560342,0.02163463,0.023594908,-0.01065758,-0.008744854,-0.006132668,-0.003474571,-0.00156362,-0.006300042,-0.004155811,-0.001956329,-0.000329205,0.001246,0.015118656,0.016062023,0.017407612,0.018797699,0.019855994,0.005973488,0.008333971,0.011347284,0.014322062,0.016484767,9.00E-05,0.002629331,0.006283898,0.010013825,0.012698953,-0.008137865,-0.005641629,-0.003063067,-0.001686755,-0.001011345,-0.003030807,-0.001970098,-0.000984655,-0.000335006,0.000187924,1.86E-05,0.000156895,0.000427684,0.000899796,0.001504588,0.002604213,0.002948785,0.003470523,0.004080434,0.004555898,0.008109219,0.009154846,0.010247421,0.011464554,0.012520802,2.94E-05,5.98E-05,0.000128998,0.000245982,0.000365073,-1.51E-05,8.05E-05,0.000268085,0.000568565,0.000980712,0.003459434,0.0040565,0.004815108,0.005675186,0.006451565,-0.001390843,-0.000882471,-0.00044567,-0.000187846,-1.39E-05,0.000702633,0.000808548,0.000936256,0.001076289,0.001189032,0.000523219,0.000919479,0.001746579,0.003355623,0.005047083,0.000194996,0.000441786,0.000905939,0.001519325,0.002064477,-0.012235064,-0.010123354,-0.007160251,-0.004068259,-0.001828258
1982,1977,1987,0.015866692,0.017839334,0.019775083,0.021866531,0.023854047,-0.012065304,-0.009997227,-0.00708913,-0.004045201,-0.001821896,-0.005165578,-0.003238996,-0.001237547,0.000268422,0.001813315,0.016009073,0.016980873,0.018359201,0.019807516,0.020913564,0.005321695,0.007966169,0.011387938,0.014797331,0.017249892,-0.019029437,-0.016200937,-0.012142937,-0.007986857,-0.004941668,-0.007029574,-0.004796826,-0.002445064,-0.001236535,-0.000646474,-0.00241381,-0.001508471,-0.000701129,-0.000123761,0.00031612,1.64E-05,0.000136472,0.00037452,0.00079297,0.001330263,0.00255786,0.002900055,0.003416162,0.004020643,0.004493732,0.008255952,0.009317675,0.010425055,0.011661728,0.012737613,3.08E-05,6.25E-05,0.000134821,0.000257089,0.000381519,-1.49E-05,7.96E-05,0.000265139,0.000562644,0.000970659,0.003508883,0.004104682,0.004865323,0.00572531,0.006506763,-0.00138909,-0.000881054,-0.000444057,-0.000185727,-1.05E-05,0.000734035,0.000844723,0.000978183,0.001124515,0.001242299,0.000477258,0.000841676,0.001605606,0.003092166,0.004665807,-6.21E-06,8.17E-05,0.000311195,0.000606631,0.00087418,-0.012659582,-0.01049685,-0.007445635,-0.004257543,-0.001918931
1983,1978,1988,0.015953799,0.017934139,0.019875393,0.021977871,0.023983128,-0.012165761,-0.01007417,-0.007130797,-0.004083051,-0.001842429,-0.004497288,-0.002658244,-0.000762473,0.000664952,0.002216002,0.016562483,0.017570142,0.018952514,0.020414448,0.021535068,0.005672397,0.008411759,0.011948517,0.015437024,0.017914991,-0.012630361,-0.009812855,-0.005807042,-0.001703505,0.001371694,-0.00642723,-0.004311996,-0.002047752,-0.000927927,-0.0004431,-0.001989637,-0.001194558,-0.000511783,2.16E-05,0.000461963,1.52E-05,0.000126367,0.000347235,0.00073685,0.001237783,0.002488829,0.002827193,0.003334802,0.003930555,0.00439912,0.008323329,0.009390857,0.010504562,0.011750906,0.012838844,3.27E-05,6.64E-05,0.000143206,0.000273097,0.000405229,-1.46E-05,7.80E-05,0.000259931,0.000551984,0.000952487,0.003571099,0.004169121,0.004936818,0.005801624,0.006592255,-0.001374531,-0.000871133,-0.000437619,-0.000180604,-4.90E-06,0.000758352,0.000872532,0.001010231,0.001161247,0.001282759,0.000449043,0.000792641,0.001514645,0.002919947,0.004413249,-0.000993696,-0.000619778,-0.000294765,-0.000110726,-2.76E-05,-0.011570182,-0.009550861,-0.006738041,-0.003869138,-0.001751119
1984,1979,1989,0.016067824,0.018061314,0.020015687,0.022134578,0.024160419,-0.010541539,-0.008627938,-0.006011781,-0.003438443,-0.001559285,-0.004353848,-0.002441741,-0.000517077,0.000898417,0.002499348,0.016936138,0.017975448,0.019343441,0.020781063,0.021874011,0.007591857,0.010163846,0.013425657,0.01655343,0.01872389,-0.012473027,-0.009965241,-0.006403275,-0.002706001,0.00019204,-0.006443738,-0.004282636,-0.0018883,-0.000793084,-0.000375282,-0.001739716,-0.001017361,-0.000398129,0.000116372,0.000625277,1.55E-05,0.00013123,0.000358117,0.000755782,0.001266403,0.002404742,0.002738538,0.003236041,0.003821012,0.004283091,0.008418347,0.009496904,0.010622771,0.011883676,0.012986447,3.54E-05,7.20E-05,0.000155252,0.000296101,0.000439379,-1.42E-05,7.60E-05,0.000253194,0.000538139,0.000928965,0.003655358,0.004260616,0.005042406,0.005918805,0.006724215,-0.00135513,-0.000858053,-0.000429739,-0.000175125,1.82E-07,0.000771319,0.000887143,0.001026832,0.001180213,0.00130363,0.000443125,0.000780598,0.001488961,0.002867356,0.004330478,-0.002014674,-0.001444475,-0.000832999,-0.000400975,-0.000170181,-0.009010167,-0.007337231,-0.00505387,-0.002888471,-0.001319507
1985,1980,1990,0.016267273,0.01828471,0.020262422,0.022406745,0.024460969,-0.007007109,-0.005562815,-0.00365032,-0.001963234,-0.000905495,-0.004539199,-0.002479605,-0.000429925,0.00101502,0.002741408,0.017194459,0.018298318,0.019671891,0.021106057,0.022197622,0.011332579,0.013430174,0.016037565,0.018467766,0.020084148,-0.016565623,-0.014446543,-0.01148175,-0.008448063,-0.006034501,-0.006840436,-0.004557458,-0.001898886,-0.000821927,-0.000424212,-0.001638139,-0.000950113,-0.000349142,0.000191388,0.000807978,1.73E-05,0.000147268,0.000399059,0.000837036,0.001397295,0.002319976,0.002648442,0.0031358,0.003709527,0.004164456,0.008579733,0.009678561,0.010825057,0.01210944,0.013233043,3.90E-05,7.93E-05,0.000171055,0.000326263,0.000484288,-1.38E-05,7.38E-05,0.00024623,0.000523758,0.00090456,0.003760771,0.004377411,0.005178903,0.006072806,0.006897448,-0.001329113,-0.000840855,-0.000419786,-0.000168839,5.10E-06,0.000778397,0.000895128,0.001035902,0.001190677,0.001315249,0.000455456,0.000799969,0.001520351,0.002921372,0.004400917,-0.002177756,-0.001593347,-0.000941141,-0.000460954,-0.000198055,-0.005306686,-0.004170681,-0.002633283,-0.001250314,-0.000549297
1986,1981,1991,0.016527752,0.018576557,0.020583751,0.022759215,0.024847831,-0.002288386,-0.001524768,-0.000645055,0.00029054,0.00132315,-0.004900889,-0.002687633,-0.000523825,0.00097233,0.00280201,0.017322269,0.018514034,0.019905509,0.021343106,0.022437953,0.016021564,0.017462715,0.019293636,0.021159156,0.022600602,-0.00615253,-0.004226046,-0.001652656,0.000782796,0.002708323,-0.007355763,-0.004937521,-0.00205074,-0.000982822,-0.000578773,-0.001702706,-0.00100093,-0.000384937,0.000200737,0.000916928,1.93E-05,0.000165106,0.000445967,0.00093289,0.001554277,0.002238278,0.002560751,0.003038075,0.003600577,0.004047986,0.00879169,0.009917342,0.011090673,0.012405273,0.013554822,4.29E-05,8.72E-05,0.000188224,0.000359056,0.000533158,-1.34E-05,7.18E-05,0.000239379,0.000509602,0.000880468,0.003873469,0.004502391,0.005324898,0.006237468,0.007082414,-0.001287894,-0.000813733,-0.000404131,-0.000158957,1.28E-05,0.000784331,0.000901944,0.001043758,0.001199836,0.001325554,0.000475481,0.000833451,0.001578953,0.003028775,0.004550784,-0.001504068,-0.001090906,-0.00064179,-0.000314692,-0.000134119,-0.001217017,-0.000696299,1.94E-05,0.000969406,0.002066674
1987,1982,1992,0.016792798,0.018873147,0.020910279,0.023117783,0.025241166,0.000170954,0.000604303,0.001502982,0.002842263,0.004121768,-0.005932777,-0.003399385,-0.000809059,0.000807932,0.002671508,0.017214172,0.018505244,0.019891928,0.021265334,0.022264033,0.018714255,0.019864027,0.021492681,0.023328729,0.024833219,0.005252379,0.007207792,0.009803256,0.012294442,0.014050143,-0.008629889,-0.005771369,-0.00241149,-0.001178604,-0.000729861,-0.001958102,-0.001184897,-0.0005017,0.000162341,0.000928012,2.18E-05,0.000186017,0.000501679,0.001048375,0.001745057,0.002163964,0.002480309,0.00294803,0.003499692,0.003939801,0.009017148,0.010171122,0.011373012,0.012720042,0.013897271,4.58E-05,9.31E-05,0.000200946,0.000383341,0.000569162,-1.31E-05,6.98E-05,0.000233062,0.000496513,0.000858196,0.003974123,0.004612153,0.005451986,0.006378938,0.007240542,-0.001229035,-0.00077493,-0.000381333,-0.000143657,2.57E-05,0.000790157,0.000908693,0.001051647,0.001209086,0.001335943,0.000513535,0.000898103,0.001695492,0.003247165,0.004863449,-0.000479236,-0.000302264,-0.000131363,-1.50E-05,5.22E-05,0.000294581,0.000739666,0.001704175,0.003028894,0.004199753
1988,1983,1993,0.016929772,0.019024567,0.021078772,0.023307907,0.025454012,-0.001213001,-0.00068793,-6.63E-05,0.00046423,0.001097665,-0.007245516,-0.004100632,-0.000918001,0.000854644,0.002837582,0.016526184,0.018139955,0.019856136,0.02133936,0.022381942,0.016356053,0.017920442,0.019767192,0.021345743,0.022440021,-0.006020759,-0.00423194,-0.001865206,0.000624501,0.002608805,-0.010349411,-0.006636738,-0.002676366,-0.001221228,-0.000751138,-0.002167041,-0.001325381,-0.000570724,0.000167096,0.000938444,2.37E-05,0.000202973,0.000547217,0.001143207,0.001902587,0.002099963,0.002410293,0.002869096,0.003410661,0.003843719,0.009145573,0.010314074,0.011532198,0.012898868,0.014095033,4.78E-05,9.71E-05,0.000209603,0.000399813,0.000593411,-1.28E-05,6.82E-05,0.000227584,0.000485169,0.000838779,0.004041552,0.004682231,0.005531174,0.006463339,0.007333994,-0.001150764,-0.000723105,-0.000350182,-0.000120567,4.78E-05,0.000798513,0.000918361,0.001062876,0.001222092,0.001350429,0.000556376,0.000971867,0.00183084,0.003503406,0.00523569,5.83E-05,0.000149714,0.000337001,0.00061922,0.000905129,-0.001656312,-0.001106364,-0.000428649,0.000134549,0.000584873
1989,1984,1994,0.016832144,0.018913229,0.020965569,0.023200041,0.0253488,-0.009567048,-0.007707669,-0.005281313,-0.002971548,-0.001341262,-0.007434546,-0.003986593,-0.000617463,0.001217092,0.003335333,0.016257976,0.018150914,0.020055908,0.021600102,0.02268229,0.008691526,0.011387771,0.014685166,0.017654142,0.019676898,-0.002117494,0.000199193,0.003539826,0.007152878,0.010046209,-0.010847528,-0.006755371,-0.00252702,-0.001038907,-0.000594631,-0.002004298,-0.001205729,-0.0004704,0.000279797,0.001065269,2.39E-05,0.000204307,0.000551183,0.001151684,0.001917068,0.002030131,0.002335034,0.002784873,0.003316105,0.003741706,0.009113759,0.010277667,0.011495682,0.012863767,0.014065317,5.00E-05,0.000101554,0.000219128,0.000417941,0.000620167,-1.24E-05,6.63E-05,0.000221518,0.000472644,0.000817355,0.004052224,0.00468646,0.00553254,0.006457425,0.007326002,-0.001058821,-0.000662063,-0.000312845,-9.15E-05,7.16E-05,0.000805989,0.000927043,0.001072993,0.001233869,0.001363603,0.000569414,0.000994895,0.001874605,0.003587381,0.005359531,0.000147334,0.000341085,0.000709917,0.00119363,0.001627463,-0.010853221,-0.008795149,-0.00607484,-0.003427434,-0.001542945
1990,1985,1995,0.016512713,0.018558688,0.020600366,0.022828343,0.024960798,-0.016248266,-0.01336993,-0.009423882,-0.005376503,-0.002425293,-0.007325082,-0.00359483,-0.000113959,0.001784447,0.004035823,0.015949053,0.018147755,0.020225852,0.021842319,0.022979988,0.002181536,0.005897606,0.010682429,0.015278837,0.018521021,-0.007486597,-0.004089713,0.000679528,0.005651479,0.009493295,-0.011064569,-0.006671573,-0.002183949,-0.000715276,-0.000274555,-0.001673002,-0.000977604,-0.000268566,0.000469896,0.001300526,2.36E-05,0.000201178,0.000543273,0.001135484,0.001890828,0.001944022,0.002243803,0.002684191,0.003203993,0.003621344,0.008973551,0.010121626,0.011334228,0.012695033,0.013893583,5.27E-05,0.000107085,0.000231058,0.000440679,0.000653882,-1.20E-05,6.40E-05,0.000213908,0.000457,0.000790633,0.003984416,0.004601939,0.005430652,0.00633521,0.007187218,-0.000964533,-0.000599302,-0.000274031,-6.08E-05,9.77E-05,0.000807454,0.000929007,0.001075497,0.001237153,0.001367646,0.000569563,0.000995675,0.001877171,0.003592889,0.005368231,0.000173263,0.000396736,0.000815549,0.001352714,0.001820462,-0.017716736,-0.014617322,-0.010325623,-0.005889026,-0.0026539
1991,1986,1996,0.016038878,0.018039693,0.020069244,0.022284975,0.024390102,-0.017991582,-0.014901933,-0.010586095,-0.006080257,-0.002750104,-0.007216053,-0.003126177,0.000522904,0.002520443,0.004919473,0.015460232,0.018040272,0.020350806,0.022082228,0.023316057,0.000224023,0.004335367,0.009611672,0.014722015,0.018348023,-0.008710391,-0.004897405,0.000475683,0.00602459,0.010299668,-0.011331402,-0.006605969,-0.001761397,-0.000334934,0.000201845,-0.001301461,-0.000710049,8.23E-06,0.000766908,0.001705899,2.35E-05,0.000200292,0.000541161,0.001131202,0.001884077,0.001843529,0.002138067,0.002568674,0.003075877,0.003484161,0.008796501,0.009926178,0.011134031,0.01248582,0.013678373,5.60E-05,0.000113742,0.000245419,0.000468068,0.000694494,-1.15E-05,6.13E-05,0.000204896,0.000438475,0.000759053,0.003830995,0.004423012,0.005221801,0.006095972,0.006918079,-0.000875528,-0.000539561,-0.000236109,-3.18E-05,0.000128399,0.000803387,0.000924814,0.001071153,0.00123282,0.0013635,0.000565474,0.000988975,0.001865459,0.003571185,0.00533629,0.000125219,0.000286763,0.000591257,0.000983407,0.001328391,-0.019067902,-0.015810992,-0.011236773,-0.006453586,-0.002917419
1992,1987,1997,0.015468617,0.017420584,0.019440478,0.021642259,0.023711665,-0.016328173,-0.013474209,-0.009523906,-0.005493874,-0.002495878,-0.006048056,-0.002229135,0.001339699,0.003468791,0.005930048,0.015808803,0.01829276,0.020596062,0.022414857,0.023750133,0.002087056,0.006011115,0.010963099,0.015683497,0.019001919,-0.016999028,-0.013493239,-0.008507916,-0.003267342,0.000837004,-0.010525384,-0.006131304,-0.001149198,0.000186203,0.00081991,-0.0008713,-0.000304591,0.000381871,0.001202833,0.00226101,2.27E-05,0.00019256,0.000521032,0.001090165,0.001817169,0.001729163,0.002018622,0.002439248,0.002932619,0.00333089,0.00862231,0.009734981,0.010938358,0.012281285,0.013467,5.97E-05,0.000121399,0.000261933,0.000499572,0.0007413,-1.09E-05,5.81E-05,0.000194548,0.000417219,0.000722849,0.003598169,0.004162022,0.004922466,0.005761583,0.006544559,-0.00079949,-0.00048807,-0.000203065,-2.90E-06,0.000161109,0.000799634,0.000920987,0.001067206,0.001228911,0.001359774,0.000543496,0.000952121,0.001799036,0.003446366,0.005155024,-8.08E-05,6.44E-06,0.000115001,0.000257914,0.000396765,-0.016588973,-0.013672603,-0.009643551,-0.005563964,-0.002530187
1993,1988,1998,0.014815261,0.016719647,0.018732117,0.020919431,0.022947516,-0.012509378,-0.010153789,-0.0069713,-0.003979347,-0.00182862,-0.005769923,-0.00164669,0.00202281,0.004292535,0.006878092,0.015281008,0.018093057,0.020594855,0.022560982,0.024019351,0.005402372,0.00912229,0.01347679,0.017381377,0.020035427,-0.01048676,-0.007528047,-0.003230707,0.001513027,0.005350229,-0.010623391,-0.00596878,-0.000726484,0.000657959,0.00144591,-0.000647598,-2.36E-05,0.000684064,0.001584701,0.002734613,2.21E-05,0.000187825,0.000508577,0.001064683,0.0017755,0.00159989,0.001884466,0.002295062,0.002773502,0.003160829,0.008445551,0.009541379,0.010739431,0.012073228,0.013250864,6.39E-05,0.000129874,0.000280215,0.000534455,0.000793116,-1.02E-05,5.45E-05,0.000182766,0.000393086,0.000681735,0.003303859,0.003839432,0.004559192,0.00536259,0.006102937,-0.000744644,-0.000449733,-0.000179403,2.00E-05,0.000190467,0.000797191,0.000918541,0.001064779,0.001226627,0.00135771,0.000545263,0.000954513,0.001802534,0.003452006,0.005161158,-0.00113154,-0.000781965,-0.000431236,-0.000200637,-8.14E-05,-0.011771244,-0.00950644,-0.006446051,-0.003641266,-0.001685642
1994,1989,1999,0.014257986,0.016119289,0.018115463,0.020287812,0.022277254,-0.006828929,-0.005212286,-0.003160196,-0.001309412,-0.00025999,-0.007402538,-0.001833336,0.00237324,0.004812389,0.007571516,0.013012508,0.017170167,0.020289565,0.022510445,0.024117623,0.008858786,0.013152589,0.016937484,0.019963956,0.021920578,0.004272519,0.006677232,0.010204693,0.014330684,0.018590615,-0.012651924,-0.006488296,-0.000626141,0.000986995,0.001868598,-0.000751906,2.63E-05,0.000830147,0.001779311,0.003005039,2.29E-05,0.000195383,0.00052824,0.001104791,0.001840874,0.00147284,0.001752038,0.002152112,0.002615217,0.002990842,0.00838413,0.009471866,0.01066395,0.011993491,0.013167739,6.82E-05,0.000138631,0.000299108,0.000570504,0.000846628,-9.50E-06,5.10E-05,0.000170995,0.00036895,0.000640637,0.002978289,0.003485615,0.004167579,0.0049387,0.005635327,-0.000712863,-0.000427143,-0.000166394,3.34E-05,0.000208239,0.000792073,0.000913117,0.001059076,0.00122074,0.001351818,0.000577346,0.001008742,0.001900662,0.003636639,0.00542747,-0.00208833,-0.001521657,-0.000895578,-0.000437407,-0.00018721,-0.005365326,-0.003977876,-0.002242983,-0.000609444,0.000717327
1995,1990,2000,0.013995022,0.015816034,0.017778894,0.019931617,0.021895889,-0.000295302,0.000217553,0.001386961,0.003399933,0.005498133,-0.007868579,-0.001702358,0.002715292,0.005250941,0.008053123,0.012082493,0.016930373,0.02029013,0.022646898,0.024334002,0.013589944,0.018558349,0.021909239,0.024706538,0.02701039,-0.008016637,-0.005466831,-0.002144078,0.00161756,0.006393813,-0.013356229,-0.006491901,-0.000430998,0.001279037,0.002237899,-0.000750738,0.000109296,0.000962051,0.001944469,0.003219674,2.24E-05,0.000190777,0.000516399,0.001080921,0.001802324,0.001373395,0.001644554,0.002032871,0.00248133,0.002845394,0.008541086,0.009640769,0.010832843,0.012169481,0.013351293,7.27E-05,0.000147851,0.000318996,0.000608446,0.000902939,-8.94E-06,4.80E-05,0.000161332,0.000348958,0.000606391,0.002653367,0.003134925,0.003783014,0.004525988,0.005182966,-0.000702723,-0.00042066,-0.000164123,3.56E-05,0.000210647,0.000792853,0.000914165,0.001060408,0.001222466,0.001353964,0.000588577,0.001028436,0.001937616,0.003707386,0.005531582,-0.002232826,-0.001643397,-0.00097997,-0.000483379,-0.000208922,0.000243923,0.000987933,0.002458824,0.004747052,0.006989824
1996,1991,2001,0.013925639,0.015719634,0.017650738,0.019782412,0.021731093,0.001928913,0.004326344,0.007898387,0.011812385,0.014970303,-0.005561225,-0.000490396,0.003162157,0.00559471,0.008253507,0.014203221,0.017908612,0.020663211,0.022894782,0.024519874,0.020471112,0.024108878,0.028497413,0.032692946,0.035967453,-0.013413436,-0.0099346,-0.005363352,-0.000651046,0.003198743,-0.010921878,-0.005346829,-6.58E-07,0.001569387,0.002588442,-0.000490183,0.000320113,0.001103667,0.002083313,0.0033242,1.89E-05,0.000156562,0.00042841,0.000904612,0.001515204,0.001291913,0.001554967,0.001931669,0.00236609,0.002718502,0.008808669,0.009936502,0.011143273,0.012500667,0.01369923,7.77E-05,0.000157984,0.000340862,0.000650158,0.000964835,-8.48E-06,4.56E-05,0.000153202,0.000332016,0.000577359,0.002355616,0.002812069,0.003428231,0.004145477,0.004769419,-0.000713618,-0.000429529,-0.000171514,2.78E-05,0.000200264,0.000808483,0.000931556,0.001079789,0.001243949,0.001377087,0.000562722,0.000985388,0.001860651,0.003563383,0.005324481,-0.001490582,-0.001083047,-0.000639738,-0.000315119,-0.000134958,0.002121417,0.004760461,0.008644877,0.012782896,0.016036892
1997,1992,2002,0.013945709,0.015728968,0.017640177,0.019754202,0.021693304,0.003435466,0.007677498,0.013661345,0.019558081,0.023874767,-0.003065997,0.000650455,0.003462249,0.005706454,0.008149572,0.016315705,0.018858443,0.02106809,0.023057729,0.024548819,0.023951143,0.028464632,0.034705075,0.040470049,0.044707036,-0.011121811,-0.006673345,-0.000626161,0.005798645,0.010503643,-0.008116693,-0.004001764,0.000319662,0.001734368,0.002747807,-0.000260832,0.000446241,0.00114618,0.00206987,0.003180913,1.45E-05,0.000112298,0.000318587,0.000689755,0.001170181,0.00121494,0.001471766,0.001837859,0.002258815,0.002599315,0.009107413,0.010270073,0.011503399,0.01289123,0.014113834,8.17E-05,0.000166092,0.000358376,0.00068351,0.001014229,-8.04E-06,4.33E-05,0.000145631,0.000316213,0.000550231,0.002101137,0.002529786,0.003115472,0.003807492,0.004404249,-0.000736807,-0.000446335,-0.000182973,1.69E-05,0.00018705,0.000836621,0.000963017,0.001115262,0.001283571,0.00141979,0.000537617,0.000942928,0.001783755,0.003418914,0.00511505,-0.000400104,-0.000246881,-9.73E-05,9.01E-06,0.000146197,0.003472882,0.007759597,0.013791843,0.019702734,0.024000686
1998,1993,2003,0.014014241,0.015797488,0.017700949,0.019803457,0.021738466,0.003761299,0.008378043,0.014765479,0.020914274,0.025288977,-0.001436,0.001403133,0.003540365,0.005597145,0.007816771,0.017385916,0.019364427,0.021325942,0.023138695,0.024499031,0.024872135,0.029643026,0.036127011,0.041985788,0.04622256,-0.014826236,-0.01038735,-0.004267639,0.002357845,0.007259769,-0.006131703,-0.002898961,0.000509608,0.001775584,0.002736296,-0.000175836,0.000457469,0.001075462,0.001909043,0.002844309,7.85E-06,6.53E-05,0.000214188,0.00049172,0.000853554,0.001144902,0.001396368,0.001752469,0.002160512,0.002489043,0.009406644,0.01060542,0.011871143,0.013295156,0.014546525,8.30E-05,0.000168627,0.000363879,0.000693916,0.001029359,-7.64E-06,4.12E-05,0.000138702,0.000301729,0.000525394,0.001895263,0.002294552,0.002850532,0.003517256,0.004089299,-0.000756165,-0.000459405,-0.000190663,1.23E-05,0.000183759,0.000868613,0.000999102,0.001156486,0.001330121,0.001470368,0.000519999,0.000912663,0.001728299,0.003313937,0.004962139,9.06E-05,0.000220061,0.000477769,0.000846668,0.001214862,0.003630821,0.008081527,0.014223688,0.020130676,0.0243366
1999,1994,2004,0.014082076,0.015871307,0.017776951,0.019874864,0.021808721,0.00302687,0.006705576,0.011749725,0.016781145,0.020443784,-0.00017338,0.001849111,0.003428007,0.005263222,0.007225864,0.017998822,0.019539854,0.021376541,0.023138312,0.024457413,0.024211558,0.028049402,0.033196493,0.038013051,0.041594239,-0.014787673,-0.010986028,-0.005869035,-0.000553388,0.00339222,-0.004267693,-0.001805937,0.000629623,0.001703027,0.002559441,-0.000144963,0.000400704,0.000920675,0.001632949,0.002373599,-5.67E-05,2.20E-05,0.00011151,0.000297769,0.000548657,0.001076717,0.001324074,0.001671016,0.002066678,0.002383185,0.00968124,0.010913727,0.012212279,0.013673009,0.014954496,8.22E-05,0.000166968,0.000360361,0.000687109,0.001019239,-7.24E-06,3.91E-05,0.000132018,0.000287793,0.000501496,0.001729293,0.002100795,0.002629008,0.003269894,0.003817655,-0.000767439,-0.000466121,-0.000193102,1.55E-05,0.000192996,0.000895801,0.001030077,0.001192152,0.001370793,0.001514953,0.000487045,0.000857288,0.001628246,0.003126974,0.004692131,0.000201344,0.000463195,0.000958559,0.001608437,0.002187931,0.002763348,0.006108399,0.010684951,0.015298134,0.018676616
2000,1995,2005,0.014117969,0.01591363,0.017827842,0.019926217,0.021859616,0.002204397,0.004841473,0.008555589,0.012588622,0.015588772,0.000396117,0.001758168,0.002998856,0.004625291,0.00640596,0.01777822,0.019224277,0.021026333,0.022837728,0.024231199,0.022841689,0.025650016,0.029711856,0.033727109,0.036720159,-0.018569626,-0.015439569,-0.011165569,-0.00691017,-0.003952743,-0.003147704,-0.001182819,0.000526126,0.001376146,0.00206329,-0.000179343,0.000250771,0.000654249,0.001189515,0.001739587,-8.33E-05,-3.83E-06,4.09E-05,0.000183363,0.000373196,0.001003585,0.001248294,0.001587146,0.001970766,0.002275006,0.009921059,0.011183272,0.012512221,0.014007144,0.015317361,8.24E-05,0.000167315,0.000361128,0.000688552,0.001021396,-6.82E-06,3.70E-05,0.000125018,0.000273274,0.000476658,0.001588781,0.001936487,0.002439603,0.003054786,0.003577067,-0.00077421,-0.000469532,-0.000192976,2.27E-05,0.000207167,0.000913183,0.001050088,0.001215376,0.001397565,0.001544577,0.000465571,0.000820284,0.001560312,0.002998729,0.004504847,0.000233674,0.000533641,0.001092604,0.001813321,0.002440557,0.001895235,0.004140006,0.007352873,0.010941855,0.013590031
2001,1996,2006,0.014123866,0.015925295,0.017850465,0.01995278,0.021885737,0.001542385,0.003345684,0.006161411,0.009427095,0.011865775,0.000514521,0.00133074,0.002336276,0.003857364,0.005576575,0.017226835,0.018619803,0.020423841,0.022314769,0.023804934,0.021119015,0.023342453,0.026788002,0.030258986,0.032837712,-0.009150313,-0.006414494,-0.002691229,0.000944768,0.003366664,-0.002489662,-0.00098461,0.000195164,0.000789319,0.001263733,-0.000202791,6.03E-05,0.000337066,0.000693115,0.001059139,-6.59E-05,-5.69E-07,3.11E-05,0.000157215,0.000327108,0.000920013,0.001163465,0.001495333,0.001866998,0.002158643,0.01013516,0.011424019,0.012780843,0.014307193,0.015644704,8.50E-05,0.000172589,0.000372489,0.00071018,0.001053442,-6.35E-06,3.46E-05,0.00011717,0.000257137,0.000449194,0.001468949,0.0017966,0.002276769,0.00286674,0.003363276,-0.000775642,-0.000469366,-0.000190825,3.11E-05,0.000221204,0.000919703,0.001057916,0.001224734,0.001408814,0.001557381,0.000458088,0.000806483,0.001533465,0.002946415,0.004425843,0.000189196,0.000429919,0.000879581,0.001459471,0.001967776,0.00127884,0.002756544,0.005215536,0.008093305,0.010226253
2002,1997,2007,0.014131803,0.015938936,0.017875412,0.019983237,0.021917537,0.000883006,0.002025781,0.004167082,0.006734387,0.00867897,0.000176661,0.000755794,0.001674093,0.00329901,0.005203039,0.01656049,0.017904076,0.019766373,0.021932963,0.023890483,0.019152715,0.021201871,0.02421719,0.027453597,0.029920403,-0.012248247,-0.009571081,-0.006044333,-0.00273666,-0.000462539,-0.001983074,-0.000887245,-0.00018057,0.00022691,0.000627442,-0.000387071,-0.000161319,7.41E-05,0.000261288,0.000475283,-3.05E-05,5.56E-06,5.13E-05,0.000169607,0.000336004,0.000822241,0.001065165,0.001391685,0.001751083,0.002029661,0.010349729,0.011665746,0.013050457,0.014608251,0.015973022,8.89E-05,0.000180569,0.000389666,0.000742977,0.001102006,-5.79E-06,3.17E-05,0.000108118,0.000238709,0.000417907,0.001368261,0.001678681,0.002137694,0.002703355,0.003174523,-0.000759815,-0.000457317,-0.000181418,4.47E-05,0.000242426,0.000918901,0.001057564,0.001224878,0.001409714,0.001559016,0.000444009,0.000782582,0.001489561,0.002863616,0.004304666,6.43E-05,0.000158102,0.000370377,0.000674058,0.000945544,0.000771938,0.001815439,0.00376099,0.006105299,0.007901305
2003,1998,2008,0.014096689,0.015908195,0.017857105,0.019971164,0.021905278,4.52E-05,0.000836643,0.002420277,0.00432112,0.005858241,-0.000692962,-4.69E-05,0.000880313,0.002582067,0.00465816,0.015813186,0.017094483,0.018935472,0.021158108,0.023325037,0.017009489,0.018918752,0.021615264,0.024622653,0.027008907,-0.008240875,-0.005618684,-0.002319495,0.00070032,0.002877977,-0.002467282,-0.001531383,-0.000761015,-0.000368531,0.000211989,-0.000975258,-0.0005685,-0.000242344,-3.27E-05,0.000209589,4.66E-06,3.64E-05,0.000110773,0.00026044,0.000460683,0.000723664,0.000963316,0.001285582,0.001632102,0.001897572,0.010517404,0.011854705,0.01326298,0.014847005,0.016235489,9.37E-05,0.000190275,0.000410592,0.000782921,0.001161257,-5.22E-06,2.88E-05,9.88E-05,0.000219727,0.000385744,0.001284012,0.001580092,0.002019585,0.002561718,0.003008447,-0.00071594,-0.00042452,-0.000159654,7.02E-05,0.000280252,0.000915048,0.001053767,0.001221164,0.001406258,0.001555959,0.000462007,0.000811467,0.001539192,0.002953246,0.004429247,-0.000827752,-0.000511008,-0.000236602,-8.66E-05,-2.16E-05,0.000211797,0.001177002,0.002686201,0.004629106,0.006161394
2004,1999,2009,0.014064367,0.015878966,0.017838449,0.01995854,0.021892736,-0.001094956,-0.000193225,0.000950814,0.00236908,0.003577482,-0.001910729,-0.001094737,-5.51E-05,0.00152285,0.003559256,0.015169889,0.016344155,0.018026359,0.019911096,0.02143104,0.01479935,0.016731982,0.019146308,0.021732453,0.023596501,-0.002347356,-0.000165341,0.002769452,0.005586044,0.007705795,-0.004004122,-0.00279373,-0.001665602,-0.001036218,-0.000733266,-0.001735551,-0.001143656,-0.000572115,-0.00020164,0.000113643,9.59E-06,8.09E-05,0.000222042,0.00047351,0.000797215,0.000656264,0.00088652,0.001202135,0.001535402,0.001788957,0.010651932,0.012006646,0.013434807,0.015041302,0.016450343,9.83E-05,0.000199726,0.000430973,0.000821823,0.001219001,-4.81E-06,2.65E-05,9.16E-05,0.000204869,0.000360263,0.001213479,0.001498746,0.001920644,0.00243999,0.002863333,-0.00065405,-0.000377415,-0.000129147,0.000104551,0.000327062,0.000909921,0.001048512,0.001215825,0.001400971,0.001550875,0.000513503,0.000898146,0.001695111,0.003245079,0.004848909,-0.002221948,-0.001601851,-0.000932307,-0.000452045,-0.000193045,3.21E-05,0.000678422,0.001874947,0.003507243,0.004803767
2005,2000,2010,0.01410831,0.015927246,0.017894913,0.020022436,0.021960528,-0.002426309,-0.001287848,-6.01E-05,0.000988744,0.001912254,-0.002872334,-0.001724584,-0.000457476,0.001212909,0.003230557,0.015055914,0.016130086,0.017656326,0.019328324,0.020552447,0.013424044,0.015303929,0.017576128,0.01995547,0.021531543,-0.006151457,-0.004181466,-0.001466488,0.001269566,0.003461621,-0.005438474,-0.003777755,-0.002167789,-0.001296895,-0.000919051,-0.002042996,-0.001349264,-0.000673617,-0.000218606,0.000203862,1.32E-05,0.000111957,0.00030448,0.000642435,0.001075216,0.000633877,0.000854407,0.001158948,0.001479426,0.00172309,0.010800205,0.012173852,0.013622776,0.015252664,0.016682812,0.000100742,0.000204618,0.000441573,0.000842032,0.001249113,-4.65E-06,2.56E-05,8.83E-05,0.000197356,0.000346966,0.001153761,0.001432531,0.001838823,0.002336249,0.00273802,-0.000591072,-0.0003301,-9.85E-05,0.00013328,0.000369248,0.000905951,0.001044498,0.001211768,0.001397015,0.001547103,0.000538505,0.000941577,0.00177585,0.003398857,0.00507455,-0.00332737,-0.002447295,-0.001456759,-0.000716968,-0.000311289,-7.67E-05,0.000303309,0.001275785,0.002598911,0.003708104
2006,2001,2011,0.014170943,0.015996788,0.017974859,0.020111803,0.022055168,-0.00318782,-0.002005918,-0.000687089,0.000213505,0.000927143,-0.002551793,-0.001301353,-3.79E-05,0.001697611,0.003827035,0.015699768,0.016684023,0.018149168,0.019808107,0.021119997,0.01344438,0.015175711,0.017377376,0.019662515,0.02121399,-0.009801793,-0.007910521,-0.005265376,-0.002601436,-0.000573116,-0.005388316,-0.00369784,-0.001931582,-0.00111251,-0.000757347,-0.001639923,-0.001039156,-0.000476401,-3.29E-05,0.000511823,1.43E-05,0.00012144,0.000330126,0.000695334,0.00116283,0.000647504,0.000860775,0.001153181,0.001462277,0.001697884,0.010918742,0.012307745,0.013775163,0.015425531,0.016874711,0.000102994,0.000209197,0.000451475,0.00086093,0.00127724,-4.70E-06,2.58E-05,8.84E-05,0.000196575,0.000344891,0.001102916,0.001379089,0.001771813,0.002248425,0.002630878,-0.000536819,-0.000289839,-7.37E-05,0.0001536,0.000397499,0.000907361,0.001046318,0.001214043,0.001399886,0.00155058,0.000525651,0.000921004,0.001740446,0.00333425,0.004982868,-0.003804868,-0.002812259,-0.001685905,-0.000834631,-0.000364332,-0.000339496,3.74E-05,0.00084525,0.001901075,0.002873798
2007,2002,2012,0.014201652,0.016034049,0.018024753,0.020171405,0.022118977,-0.003209325,-0.00214386,-0.000932897,-4.97E-05,0.000468216,-0.001483061,-0.00030176,0.000964178,0.00292522,0.005499129,0.016568613,0.017595381,0.019144962,0.021083332,0.023351799,0.014375148,0.016002721,0.018181011,0.020575319,0.022752419,-0.016529376,-0.01419292,-0.011436158,-0.008847925,-0.006897794,-0.004479204,-0.002774717,-0.001135312,-0.000598459,-9.33E-05,-0.000890292,-0.00049569,-0.000126425,0.000316422,0.00095044,1.32E-05,0.00011062,0.000302243,0.000638469,0.001069041,0.000679038,0.000887318,0.001170519,0.001470458,0.00169984,0.010973262,0.012370406,0.013851211,0.015515642,0.016978861,0.000107331,0.000217999,0.000470453,0.000897104,0.001330883,-4.86E-06,2.65E-05,9.05E-05,0.000199934,0.000349854,0.0010612,0.001336125,0.001717762,0.002174971,0.002540772,-0.000487561,-0.000254046,-5.21E-05,0.000170814,0.000419311,0.000917281,0.001057478,0.001226611,0.001414017,0.001566006,0.000491087,0.000863731,0.001638272,0.003143608,0.004708569,-0.003553708,-0.002621962,-0.00157258,-0.000780785,-0.00034207,-0.000571668,-0.000142163,0.00050605,0.001383317,0.002229984
2008,2003,2013,0.014192334,0.016029546,0.018032901,0.020187789,0.022137456,-0.002467751,-0.00166162,-0.000748762,-3.22E-05,0.000406818,-0.000384856,0.000650681,0.002040785,0.004390283,0.007609297,0.017373397,0.018520819,0.020217081,0.022455164,0.02583003,0.015841681,0.017362003,0.019464926,0.02197588,0.025189835,-0.018961314,-0.01582595,-0.012936553,-0.010444837,-0.008642334,-0.003680557,-0.001962378,-0.00033284,0.000281838,0.001316423,-0.000256306,-2.24E-05,0.000269338,0.000765275,0.001478392,1.12E-05,8.78E-05,0.000244997,0.000523669,0.000882406,0.000717184,0.000922211,0.001199462,0.001493325,0.001718516,0.010968954,0.012367329,0.013857236,0.015530042,0.017002069,0.000110223,0.000223888,0.000483185,0.000921405,0.001367033,-5.06E-06,2.76E-05,9.35E-05,0.000205448,0.000358631,0.00102577,0.001299605,0.001672945,0.002112668,0.002463875,-0.000436834,-0.00021609,-2.96E-05,0.000195769,0.000454217,0.000932932,0.001075065,0.001246473,0.001436323,0.001590199,0.000452998,0.000799995,0.001523776,0.002930414,0.0044011,-0.002619509,-0.001906666,-0.001125904,-0.00055617,-0.000244233,-0.000667669,-0.000248207,0.000269713,0.001044512,0.001778105
2009,2004,2014,0.014240521,0.016082316,0.018095243,0.020259169,0.022213889,-0.001151219,-0.000668822,-0.000168989,0.000319257,0.000804612,0.000632724,0.00158433,0.003068399,0.005491339,0.008633871,0.018171627,0.019469932,0.021322467,0.023685306,0.027011263,0.017726361,0.019154989,0.021181623,0.023671709,0.026918764,-0.018694335,-0.015553369,-0.012682698,-0.010139465,-0.008310439,-0.002863211,-0.001283151,0.000329249,0.001187891,0.002282718,0.00014166,0.00032888,0.000676785,0.001299555,0.002108151,8.12E-06,5.96E-05,0.000178068,0.000394,0.00067392,0.00076484,0.000966264,0.001239776,0.001530839,0.001754299,0.010994825,0.012398049,0.013897449,0.015580076,0.01706172,0.000109577,0.000222614,0.000480527,0.000916361,0.001359963,-5.32E-06,2.89E-05,9.76E-05,0.000213168,0.000371214,0.000994217,0.001266542,0.001633546,0.002057683,0.002395868,-0.000393842,-0.000183024,-7.69E-06,0.000224045,0.000497885,0.00095106,0.001095536,0.00126976,0.001462639,0.001618825,0.000411761,0.000731345,0.001400614,0.00270171,0.004071471,-0.001353383,-0.000939035,-0.000497414,-0.000189779,-6.55E-05,-0.000489555,-0.000117442,0.000276236,0.000947967,0.001645891
2010,2005,2015,0.014369924,0.016219943,0.01824264,0.020419236,0.022384344,-0.000109465,0.000172186,0.000514753,0.001096033,0.00161656,0.00152851,0.002498558,0.004081187,0.006468264,0.009272386,0.01896713,0.020434571,0.022477848,0.024967538,0.027922508,0.01954782,0.020988669,0.023101054,0.025646193,0.028559766,-0.021875259,-0.018991827,-0.016023082,-0.013322995,-0.011366234,-0.002025283,-0.000626192,0.000988849,0.002078037,0.003172377,0.000274107,0.000577863,0.001076757,0.001909414,0.002845816,-1.36E-05,2.35E-05,0.000104161,0.000255979,0.000453621,0.000823299,0.001020993,0.001292355,0.001583928,0.001808262,0.011077784,0.012491662,0.014003186,0.015699812,0.017194255,0.000108398,0.000220263,0.000475542,0.000906925,0.001346486,-5.63E-06,3.05E-05,0.000102777,0.000223259,0.000387949,0.000966179,0.001235919,0.001597718,0.002007812,0.002334389,-0.000369866,-0.000165035,3.95E-06,0.0002414,0.000526917,0.000971747,0.001118962,0.001296514,0.001492937,0.001651844,0.000369764,0.00066175,0.001275908,0.002471066,0.003738899,-0.000259512,-0.000107163,2.54E-05,0.000260509,0.000582789,-0.000171452,6.04E-05,0.00041971,0.001024034,0.001702629
2011,2006,2016,0.014527647,0.016390184,0.018426931,0.020619936,0.022598683,0.000275823,0.000616535,0.001186812,0.001922099,0.00255665,0.002157268,0.003221263,0.004868471,0.007075633,0.009401609,0.019637012,0.021264528,0.023470574,0.025949603,0.028246769,0.020934396,0.022467036,0.024734627,0.027261148,0.029566179,-0.009397204,-0.006964276,-0.004031874,-0.001326543,0.000603734,-0.001461672,-0.000303283,0.001400983,0.002691962,0.003856028,0.000258738,0.000740256,0.00138878,0.002426431,0.003472868,-5.36E-05,4.13E-07,5.22E-05,0.000157384,0.000295722,0.000884793,0.001080826,0.0013515,0.001646393,0.001873871,0.011181239,0.012608338,0.01413412,0.015847121,0.017356065,0.000109496,0.000222493,0.000480345,0.000916113,0.001360186,-5.99E-06,3.23E-05,0.000108526,0.000234709,0.00040711,0.000941581,0.001207437,0.001564292,0.001961568,0.002277196,-0.000369015,-0.00016476,2.60E-06,0.00023985,0.000525793,0.00099359,0.001143794,0.001324988,0.001525308,0.001687258,0.000352147,0.000629875,0.001215729,0.002355731,0.003568505,9.68E-05,0.000241337,0.00054686,0.001008593,0.001466439,1.09E-05,0.00017842,0.000517157,0.001083556,0.001712236
2012,2007,2017,0.014774963,0.016657079,0.018710752,0.020926823,0.022925951,0.000376159,0.000823296,0.001531031,0.002387416,0.003112239,0.002488157,0.003659333,0.005354092,0.007503542,0.009621377,0.020166097,0.021955535,0.02428993,0.02673329,0.028691967,0.021821552,0.023471568,0.025885659,0.028386467,0.030397772,0.004172711,0.006383222,0.00929014,0.012090149,0.01410734,-0.001416563,-0.000155374,0.001738241,0.003249178,0.004566839,0.000162932,0.000814041,0.001582503,0.002765148,0.0038635,-0.000134707,-4.39E-05,7.01E-06,7.45E-05,0.000160432,0.000939002,0.001135955,0.001407692,0.001707458,0.001939016,0.011372425,0.012822575,0.01436846,0.016105643,0.017634978,0.000112985,0.000229548,0.000495529,0.00094504,0.001402925,-6.30E-06,3.39E-05,0.00011397,0.000245717,0.000425673,0.00091915,0.001180395,0.001532382,0.00191753,0.002222845,-0.000384387,-0.000177212,-8.82E-06,0.000224077,0.000500339,0.00101385,0.001166939,0.001351664,0.001555805,0.001720748,0.000344234,0.000614633,0.001185239,0.002295205,0.003476088,0.00017576,0.000410756,0.000864358,0.001477458,0.002032306,0.000106355,0.000235706,0.000544733,0.001067892,0.001644603
2013,2008,2018,0.015098944,0.017009434,0.019086782,0.0213345,0.023361726,0.000391064,0.000850883,0.001559347,0.002404675,0.003115813,0.002660221,0.00397715,0.005792957,0.007978594,0.009987306,0.020653914,0.022604669,0.025076375,0.027602421,0.029584494,0.022361264,0.024145435,0.026694936,0.029265738,0.03131102,0.009894081,0.012145205,0.015128178,0.018007952,0.020097787,-0.001498674,0.000157112,0.002088749,0.003738934,0.00518367,4.61E-05,0.000835286,0.001706167,0.002978051,0.004121966,-0.000272503,-0.000130096,-2.88E-05,1.14E-05,5.38E-05,0.000985845,0.001184738,0.001458702,0.001763831,0.001999885,0.011644495,0.013127625,0.014701904,0.016472457,0.018029461,0.000118955,0.000241636,0.000521557,0.000994657,0.001476238,-6.59E-06,3.55E-05,0.000118921,0.000255834,0.000442745,0.000899741,0.001156192,0.001503209,0.001876799,0.002172482,-0.000401562,-0.000192024,-2.13E-05,0.000205751,0.000469808,0.001031016,0.001186684,0.001374546,0.001582132,0.001749823,0.000337255,0.000602083,0.001160557,0.002246936,0.003401986,0.000179101,0.000414757,0.000861584,0.001448054,0.001967353,0.000143358,0.000300247,0.000590724,0.00108336,0.001616844
2014,2009,2019,0.015443509,0.017389243,0.019497282,0.021783163,0.023843148,0.000346535,0.000748272,0.001352219,0.002076833,0.002692746,0.002974425,0.004319238,0.006207118,0.008412731,0.010393106,0.021181161,0.023256191,0.025868144,0.028538502,0.030666803,0.022693024,0.024610411,0.027273188,0.029963513,0.032139692,-0.000254514,0.002119263,0.005159809,0.008083596,0.010211058,-0.00125779,0.000591792,0.002432419,0.00414507,0.005647241,-2.55E-05,0.00084394,0.001785328,0.003120973,0.004296252,-0.000426885,-0.000227737,-8.24E-05,-1.67E-05,-8.50E-07,0.00103355,0.001234058,0.001510764,0.001821943,0.002063126,0.011936062,0.01345503,0.015063233,0.016872206,0.018460782,0.00012559,0.000255103,0.000550583,0.001050052,0.001558331,-6.89E-06,3.70E-05,0.000123976,0.000266217,0.000460311,0.000885832,0.0011376,0.00147939,0.001842127,0.00212918,-0.000415528,-0.00020578,-3.38E-05,0.00018663,0.00043742,0.001047658,0.001205827,0.001396714,0.001607652,0.001778017,0.000332629,0.000593663,0.0011437,0.002213569,0.003349798,0.000126949,0.000295491,0.000616607,0.001040863,0.001425051,0.000169364,0.000356071,0.000653491,0.0011231,0.001622116
2015,2010,2020,0.01577341,0.017756042,0.019898862,0.022226059,0.024320545,0.000131165,0.000341486,0.00072756,0.00121778,0.001677131,0.003141489,0.004556624,0.006516339,0.008737816,0.010684088,0.021580598,0.023796082,0.026542671,0.029341349,0.031620204,0.022420536,0.024558869,0.027330279,0.030130311,0.03244052,0.002561423,0.005017482,0.008158288,0.011198101,0.013492264,-0.001188357,0.000948782,0.00274906,0.004509908,0.006072889,-0.000122445,0.000826957,0.001828812,0.00321648,0.004418471,-0.00060146,-0.000337382,-0.000142021,-4.60E-05,-5.66E-06,0.001081881,0.00128423,0.001564324,0.001882253,0.002128959,0.012213565,0.013767433,0.015410315,0.0172581,0.018879602,0.000131447,0.000267013,0.000576295,0.001099146,0.001631147,-7.19E-06,3.86E-05,0.000129165,0.000276924,0.000478441,0.000875096,0.001122918,0.001459513,0.001812368,0.00209178,-0.00043563,-0.000225757,-4.86E-05,0.000161429,0.000395151,0.001063601,0.001224199,0.001418009,0.001632183,0.001805161,0.000322769,0.00057744,0.001113893,0.002157659,0.003266536,1.76E-05,6.77E-05,0.00020661,0.000418201,0.000623391,8.95E-05,0.000212256,0.000456203,0.00086305,0.001313065
2016,2011,2021,0.016058118,0.018075404,0.020253687,0.022621089,0.024748486,-0.00096341,-0.000560475,-0.000187257,0.000120027,0.000346892,0.002900305,0.004745704,0.006851904,0.009112202,0.011010623,0.021835566,0.024274047,0.027174318,0.03007736,0.032458877,0.021459933,0.023993436,0.026965803,0.029903322,0.032297325,0.009243914,0.011820891,0.015161246,0.018468946,0.021096278,-0.001624283,0.001195312,0.003112361,0.005026656,0.006739245,-0.000196183,0.000869034,0.001980577,0.003492635,0.004796798,-0.000728984,-0.00041946,-0.00018581,-6.40E-05,-7.75E-06,0.001132035,0.001336444,0.001620715,0.001946049,0.002198804,0.012452611,0.014036813,0.015711569,0.017595057,0.01924726,0.000118113,0.000240379,0.000519362,0.000991211,0.001474057,-7.51E-06,4.02E-05,0.000134606,0.000288178,0.000497583,0.000860721,0.00110573,0.001437895,0.001781792,0.002054205,-0.000471193,-0.000257258,-7.12E-05,0.000130855,0.000343532,0.001077618,0.001240411,0.001436893,0.001654034,0.001829422,0.000296421,0.00053594,0.001041,0.002025031,0.00307589,-0.000652387,-0.000416485,-0.000196962,-6.94E-05,-1.22E-05,-0.000424154,-0.000214106,-4.38E-05,0.000307046,0.000612875
2017,2012,2022,0.016297876,0.018345828,0.020557726,0.022962562,0.025119907,-0.002431063,-0.001818813,-0.001092975,-0.000513757,-0.000211964,0.002297004,0.004805484,0.007068585,0.009363542,0.011198644,0.021816849,0.024559062,0.027623363,0.030638573,0.033093008,0.020230093,0.023230688,0.026494348,0.029636604,0.032100147,-0.00449073,-0.001840699,0.001706491,0.005426849,0.008569838,-0.002274884,0.001345828,0.003431137,0.005529404,0.007384872,-0.000253239,0.000929733,0.002154229,0.003799933,0.005214041,-0.000803938,-0.000468128,-0.000212583,-7.50E-05,-8.93E-06,0.001193437,0.001399625,0.001689209,0.002023515,0.002283892,0.012640555,0.014249061,0.015951152,0.017864962,0.019544048,8.00E-05,0.000166955,0.00036531,0.000709234,0.001067945,-7.89E-06,4.22E-05,0.000141192,0.000301801,0.000520783,0.000839571,0.001082765,0.001411382,0.001747135,0.002012759,-0.000514448,-0.00029238,-9.54E-05,0.000100133,0.000292385,0.001094478,0.001259783,0.001459267,0.001679728,0.001857795,0.0002671,0.000489246,0.000959203,0.001875749,0.002861409,-0.001372579,-0.000985573,-0.00057003,-0.000275548,-0.00011562,-0.001222413,-0.000921745,-0.000516926,-0.000112655,-7.63E-06
2018,2013,2023,0.016471403,0.018543946,0.020787171,0.023224342,0.025406732,-0.003563012,-0.002816561,-0.001862774,-0.001000198,-0.000441494,0.002074113,0.004793403,0.007100571,0.009368133,0.011141923,0.021798728,0.024711725,0.027853967,0.030939242,0.033447533,0.019256983,0.022522743,0.026004167,0.029322214,0.031860273,-0.016447683,-0.01368447,-0.009946571,-0.006005024,-0.002583899,-0.002282385,0.001512406,0.003631662,0.0057721,0.007656206,-0.000275979,0.000947823,0.002216334,0.003908599,0.005356679,-0.000866755,-0.000508225,-0.000234229,-8.38E-05,-9.85E-06,0.001268692,0.001477507,0.001774613,0.002120284,0.002390148,0.01275172,0.014375287,0.016098004,0.018033776,0.019733507,3.19E-05,8.72E-05,0.000219653,0.000451926,0.000708159,-8.36E-06,4.47E-05,0.000149353,0.000318733,0.000549671,0.000811793,0.001053572,0.001379109,0.001707304,0.001966186,-0.000548103,-0.000319162,-0.00011351,7.60E-05,0.000253081,0.001116386,0.001284813,0.001488005,0.001712522,0.001893805,0.000253205,0.000464757,0.000913833,0.001789798,0.002734358,-0.00151288,-0.001105948,-0.000654824,-0.000322061,-0.000137278,-0.002246512,-0.001788233,-0.001158961,-0.00060306,-0.000264536
2019,2014,2024,0.016589624,0.018682168,0.020953193,0.023417603,0.025621004,-0.003499846,-0.002845082,-0.001955653,-0.001082606,-0.000481451,0.001083705,0.004403773,0.006771439,0.008968364,0.010669291,0.021264154,0.024424152,0.027621276,0.030724416,0.033225299,0.018742145,0.022176412,0.025705589,0.029050379,0.031585303,-0.011073086,-0.008318114,-0.004637852,-0.000768563,0.002712252,-0.003105438,0.001349804,0.003494149,0.005614059,0.00743264,-0.000387116,0.000857865,0.002112021,0.003732654,0.005110091,-0.00082493,-0.000485967,-0.000225994,-8.15E-05,-9.53E-06,0.001344489,0.001557922,0.001864668,0.002222957,0.002503401,0.012811112,0.014443306,0.01618195,0.018133927,0.019849705,-1.05E-05,4.99E-05,0.000141481,0.000311221,0.000512288,-8.85E-06,4.73E-05,0.000157943,0.000336671,0.000580326,0.000775708,0.001015996,0.00133902,0.001660033,0.0019119,-0.000573983,-0.00033892,-0.000126786,5.75E-05,0.000225079,0.001140651,0.001312509,0.00151987,0.001748904,0.00193377,0.000265851,0.000480763,0.000936526,0.001824353,0.00277552,-0.000840681,-0.000597953,-0.000343859,-0.000166036,-6.90E-05,-0.00283317,-0.002301247,-0.001569728,-0.000860661,-0.000381473
2020,2015,2025,0.016688115,0.018799042,0.021095572,0.023584917,0.025806988,-0.002082742,-0.001648386,-0.001085489,-0.000589333,-0.000263844,-0.001994004,0.003238989,0.006073397,0.008233437,0.009905376,0.019553862,0.023428335,0.026906762,0.030068723,0.032469392,0.018198264,0.022180064,0.025805769,0.029079745,0.031492296,-0.005525843,-0.002871472,0.000702345,0.004552618,0.008550377,-0.006098364,0.000557527,0.002989218,0.005073371,0.006778024,-0.000655544,0.000611931,0.001842817,0.00329142,0.004509603,-0.000605777,-0.000357338,-0.000166512,-6.02E-05,-7.07E-06,0.001407832,0.001627087,0.001943773,0.002314204,0.002604434,0.012866549,0.014507842,0.01626081,0.018227671,0.019957787,1.59E-05,5.51E-05,0.000141591,0.000301854,0.000497482,-9.28E-06,4.96E-05,0.00016556,0.000352657,0.000607732,0.000731319,0.000969792,0.001290747,0.001604837,0.001849416,-0.000599608,-0.000357628,-0.000139047,4.27E-05,0.000202533,0.001165794,0.001341274,0.001553011,0.001786798,0.001975478,0.000311853,0.000552425,0.001058905,0.002042426,0.003079508,3.69E-05,0.000102893,0.000247932,0.000483363,0.000728849,-0.002512663,-0.002045968,-0.001408237,-0.000781372,-0.000347715
2021,2016,2026,0.016781167,0.018910082,0.021230944,0.02374423,0.025984565,-0.000738647,-0.000373902,7.57E-06,0.00044548,0.000944644,-0.004404242,0.002245548,0.005500277,0.007633318,0.009327072,0.017880502,0.022638782,0.026387504,0.029561823,0.031860977,0.017901976,0.022657667,0.026435909,0.029624907,0.031910754,-0.00327852,-0.000733014,0.002842725,0.006961142,0.011678812,-0.008613881,-0.000345205,0.002507263,0.004549789,0.006113992,-0.000843097,0.000365235,0.001575482,0.00284997,0.003945942,-0.000410089,-0.00023949,-0.000109427,-3.89E-05,-4.61E-06,0.0014568,0.001681864,0.002007413,0.002388383,0.002686978,0.012932028,0.014582791,0.016350206,0.018332109,0.020076326,4.53E-05,9.49E-05,0.000208449,0.000407908,0.000634457,-9.63E-06,5.15E-05,0.00017178,0.000365769,0.000630252,0.000681405,0.000917652,0.001236888,0.001544466,0.001781801,-0.000622512,-0.000373923,-0.000149637,3.07E-05,0.000185612,0.001193842,0.001373328,0.001589946,0.001828979,0.002021867,0.000356547,0.000627157,0.001192743,0.002290729,0.003435348,0.000222113,0.000510936,0.001056107,0.001779676,0.00243261,-0.002005667,-0.001610691,-0.001092773,-0.000607929,-0.000271642
